###############################################################################
#                                                                             #
# Calypsi ISO C compiler for 6502                                version 5.13 #
#                                                       29/Nov/2025  19:46:30 #
# Command line:                                                               #
#               --list-file=F:\Entwicklungsprojekte\github-nobru\midnightmega\calypsi\fileio.lst #
#               -D asm=__asm -I calypsi.h -D VERSION="v0.6.7-beta" -I         #
#               ..\mega65-libc\include -O 2 --core 45gs02 --target MEGA65     #
#               -D FULLFEATURES -o                                            #
#               F:\Entwicklungsprojekte\github-nobru\midnightmega\calypsi\fileio.o #
#               fileio.c                                                      #
#                                                                             #
###############################################################################

    \ 0000                      .rtmodel version,"1"
    \ 0000                      .rtmodel codeModel,"plain"
    \ 0000                      .rtmodel core,"45gs02"
    \ 0000                      .rtmodel target,"mega65"
    \ 0000                      .extern _AllocStackSave
    \ 0000                      .extern _DeallocStackRestore
    \ 0000                      .extern _DecVsp
    \ 0000                      .extern _DivMod16
    \ 0000                      .extern _FillQ
    \ 0000                      .extern _FillZP
    \ 0000                      .extern _IncVsp
    \ 0000                      .extern _LoadVspEA
    \ 0000                      .extern _MoveLong16X
    \ 0000                      .extern _RestoreRegisters
    \ 0000                      .extern _SpillZP
    \ 0000                      .extern _UDivMod16
    \ 0000                      .extern _Vfp
    \ 0000                      .extern _Vsp
    \ 0000                      .extern _Zp
    \ 0000                      .extern bordercolor
    \ 0000                      .extern cgetcd
    \ 0000                      .extern clrhomed
    \ 0000                      .extern cputc
    \ 0000                      .extern cputlnd
    \ 0000                      .extern csputdec
    \ 0000                      .extern hline
    \ 0000                      .extern lcopy
    \ 0000                      .extern lfill
    \ 0000                      .extern mcputsxy
    \ 0000                      .extern messagebox
    \ 0000                      .extern mh4printfd
    \ 0000                      .extern mhprintfd
    \ 0000                      .extern mprintfd
    \ 0000                      .extern msprintfd
    \ 0000                      .extern progress
    \ 0000                      .extern readdir_dirent
    \ 0000                      .extern readtracksector
    \ 0000                      .extern revers
    \ 0000                      .extern s
    \ 0000                      .extern strcopy
    \ 0000                      .extern textcolor
    \ 0000                      .extern writetracksector
0001                #include <string.h>
0002                #include <stdint.h>
0003                #include <mega65/conio.h>  // llvm instead of <printf.h>
0004                #include <mega65/memory.h>  // mega65-libc
0005                #include <mega65/hal.h>  // mega65-libc
0006                #include "regions.h"
0007                #include "hyppo.h"
0008                #include "fileio.h"
0009                #include "filekernel.h"
0010                #include "conioextensions.h"
0011
0012                // static unsigned char __attribute__((used)) retval;
0013
0014                // unsigned char ptrMiniOffs = $DE;
0015                // #pragma bss-name (push, "ZEROPAGE")
0016                // /* volatile __zp */ unsigned long ptrMiniOffs;
0017                // #pragma bss-name (pop)
0018                // unsigned char * ptrMiniOffs = 0xFFD6C00; the address region is given
0019                #define SECTBUF      0xFFD6C00
0020                #define SECTBUFUPPER 0xFFD6D00
0021
0022                // unsigned char __attribute__((used)) offsCurrIdx = 0;
0023                // unsigned char __attribute__((used)) flagCurrSec = 0;
0024                // #pragma bss-name (push, "ZEROPAGE")
0025                // for zp global vars use: unsigned char var = 0;
0026                // #pragma bss-name (pop)
0027
0028                // All to point into the disk buffer.
0029                // to access as data:
0030                BAM * BAMsector[2] = { (BAM*) BLOCKBAMLOW, (BAM*) BLOCKBAMHIGH };
    \ 0000                      .section data,data
    \ 0000                      .public BAMsector
    \ 0000 00170018 BAMsector:  .word   0x1700,0x1800
0031                // to transfer as fake BAM struct:
0032                DATABLOCK * worksector[2] = { (DATABLOCK*) BLOCKDATALOW, (DATABLOCK*) BLOCKDATAHIGH };
    \ 0000                      .section data,data
    \ 0000                      .public worksector
    \ 0000 0019001a worksector: .word   0x1900,0x1a00
0033                // eight entries per single block:
0034                BAM * worksectorasBAM[2] = { (BAM*) BLOCKDATALOW, (BAM*) BLOCKDATAHIGH };
    \ 0000                      .section data,data
    \ 0000                      .public worksectorasBAM
    \ 0000          worksectorasBAM:
    \ 0000 0019001a             .word   0x1900,0x1a00
0035
0036                // eight entries per single block:
0037                // /* SECT */ DIRENT * direntryblock[2] = {
0038                //  ( /* SECT */ DIRENT*) DIRENTPAGELOW,
0039                //  ( /* SECT */ DIRENT*) (DIRENTPAGELOW + DIRENTSIZE) }; // HIGH };
0040
0041                DIRFLAGS direntflags[2][NBRENTRIES];
0042
0043                // unsigned char workside;
0044                unsigned char BAMside;
    \ 0000                      .section zdata,bss
    \ 0000                      .public BAMside
    \ 0000          BAMside:    .space  1
0045                unsigned char direntside;
    \ 0000                      .section zdata,bss
    \ 0000                      .public direntside
    \ 0000          direntside: .space  1
0046                unsigned char dosfilename[DOSFILENAMELEN + 1]; // extra byte for nullterm
    \ 0000                      .section zdata,bss
    \ 0000                      .public dosfilename
    \ 0000          dosfilename:
    \ 0000                      .space  17
0047
0048                // Midnight Mega general setup options:
0049                // __attribute__((section(".data")))
0050                OPTION option;
0051
0052                void ShowAccess(unsigned char drive,
0053                                char track, char sector, unsigned char rw)  {
    \ 0000                      .section code,text
    \ 0000                      .public ShowAccess
    \ 0000 a200     ShowAccess: ldx     #0
    \ 0002 a003                 ldy     #3
    \ 0004 20....               jsr     _AllocStackSave
    \ 0007 85..                 sta     zp:_Zp+27
    \ 0009 20....               jsr     `?L1402`
    \ 000c 85..                 sta     zp:_Zp+25
    \ 000e a5..                 lda     zp:_Zp+2
    \ 0010 85..                 sta     zp:_Zp+24
0054                  if (rw == OFF)  {
    \ 0012 a302                 ldz     #2
    \ 0014 d4..                 cpz     zp:_Zp+24
    \ 0016 d019                 bne     `?L4`
0055                    textcolor(COLOUR_CYAN);
    \ 0018 a903                 lda     #3
    \ 001a 20....               jsr     textcolor
0056                    hline(SHOWACCESSX, SHOWACCESSY, 12, 32); // 64);  // 64 is the horizontal line
    \ 001d a920                 lda     #32
    \ 001f 85..                 sta     zp:_Zp+2
    \ 0021 a90c                 lda     #12
    \ 0023 85..                 sta     zp:_Zp+1
    \ 0025 a916                 lda     #22
    \ 0027 85..                 sta     zp:_Zp
    \ 0029 a91a                 lda     #26
    \ 002b 20....               jsr     hline
    \ 002e 4c....               jmp     `?L3`
    \ 0031          `?L4`:
0057                  } else if (option.option & OPTIONshowOVL) {
    \ 0031 a904                 lda     #4
    \ 0033 2c....               bit     option
    \ 0036 f39900               lbeq    `?L3`
0058                // #ifdef DISKDEBUG
0059                    revers(1);
    \ 0039 a901                 lda     #1
    \ 003b 20....               jsr     revers
0060                    if (drive)  textcolor(COLOUR_LIGHTGREEN);
    \ 003e a5..                 lda     zp:_Zp+27
    \ 0040 f004                 beq     `?L10`
    \ 0042 a90d                 lda     #13
    \ 0044 8002                 bra     `?L1267`
    \ 0046          `?L10`:
0061                    else        textcolor(COLOUR_LIGHTGREY);
    \ 0046 a90f                 lda     #15
    \ 0048          `?L1267`:
    \ 0048 20....               jsr     textcolor
0062                    mcputsxy(SHOWACCESSX, SHOWACCESSY, " D");
    \ 004b a9..                 lda     #.byte0 `_StringLiteral_ D`
    \ 004d 85..                 sta     zp:_Zp+2
    \ 004f a9..                 lda     #.byte1 `_StringLiteral_ D`
    \ 0051 85..                 sta     zp:_Zp+3
    \ 0053 a916                 lda     #22
    \ 0055 85..                 sta     zp:_Zp
    \ 0057 a91a                 lda     #26
    \ 0059 20....               jsr     mcputsxy
0063                    csputdec(drive, 1, 0);
    \ 005c 20....               jsr     `?L1434`
    \ 005f a6..                 ldx     zp:_Zp+27
    \ 0061 86..                 stx     zp:_Zp
    \ 0063 20....               jsr     `?L1404`
    \ 0066 a901                 lda     #1
    \ 0068 20....               jsr     csputdec
0064                    textcolor(COLOUR_ORANGE);
    \ 006b a908                 lda     #8
    \ 006d 20....               jsr     textcolor
0065                    cputc('T');
    \ 0070 a954                 lda     #84
    \ 0072 20....               jsr     cputc
0066                    csputdec(track, 2, 0);
    \ 0075 20....               jsr     `?L1434`
    \ 0078 a6..                 ldx     zp:_Zp+26
    \ 007a 86..                 stx     zp:_Zp
    \ 007c 20....               jsr     `?L1404`
    \ 007f a902                 lda     #2
    \ 0081 20....               jsr     csputdec
0067                    textcolor(COLOUR_LIGHTBLUE);
    \ 0084 a90e                 lda     #14
    \ 0086 20....               jsr     textcolor
0068                    cputc('S');
    \ 0089 a953                 lda     #83
    \ 008b 20....               jsr     cputc
0069                    csputdec(sector, 2, 0);
    \ 008e 20....               jsr     `?L1434`
    \ 0091 a6..                 ldx     zp:_Zp+25
    \ 0093 86..                 stx     zp:_Zp
    \ 0095 20....               jsr     `?L1404`
    \ 0098 a902                 lda     #2
    \ 009a 20....               jsr     csputdec
0070                /*
0071                    cputc('H');
0072                    cputc((sector >= 20) ? '1' : '0');
0073                */
0074                    cputc(' ');
    \ 009d 20....               jsr     `?L1464`
0075                    if (rw == WRITE)  {
    \ 00a0 ab....               ldz     _Zp+24
    \ 00a3 3b                   dez
    \ 00a4 d009                 bne     `?L13`
0076                      textcolor(COLOUR_RED);
    \ 00a6 a902                 lda     #2
    \ 00a8 20....               jsr     textcolor
0077                      cputc('W');
    \ 00ab a957                 lda     #87
    \ 00ad 8007                 bra     `?L1265`
    \ 00af          `?L13`:
0078                    } else {
0079                      textcolor(COLOUR_ORANGE);
    \ 00af a908                 lda     #8
    \ 00b1 20....               jsr     textcolor
0080                      cputc('R');
    \ 00b4 a952                 lda     #82
    \ 00b6          `?L1265`:
    \ 00b6 20....               jsr     cputc
0081                    }
0082                    if (drive)  textcolor(COLOUR_LIGHTGREEN);
    \ 00b9 a5..                 lda     zp:_Zp+27
    \ 00bb f004                 beq     `?L16`
    \ 00bd a90d                 lda     #13
    \ 00bf 8002                 bra     `?L1263`
    \ 00c1          `?L16`:
0083                    else        textcolor(COLOUR_LIGHTGREY);
    \ 00c1 a90f                 lda     #15
    \ 00c3          `?L1263`:
    \ 00c3 20....               jsr     textcolor
0084                    cputc(' ');
    \ 00c6 20....               jsr     `?L1464`
0085                    revers(0);
    \ 00c9 a900                 lda     #0
    \ 00cb 20....               jsr     revers
0086                    cputc(' ');
    \ 00ce 20....               jsr     `?L1464`
    \ 00d1          `?L3`:
0087                /*
0088                #ifdef DELAYDEBUG
0089                  usleep(800000); // microseconds
0090                #endif
0091                  textcolor(COLOUR_CYAN);
0092                  mcputsxy(SHOWACCESSX, SHOWACCESSY, " D");
0093                  hline(SHOWACCESSX, SHOWACCESSY, 12, 32); // 64);  // 64 is the horizontal line
0094                #ifdef DELAYDEBUG
0095                  usleep(20000); // microseconds
0096                #endif
0097                #endif
0098                */
0099                  }
0100                }
    \ 00d1 a003                 ldy     #3
    \ 00d3 4c....               jmp     _RestoreRegisters
0101
0102                // __attribute__((section(".data")))
0103                char lastdrive = 0;
    \ 0000                      .section zdata,bss
    \ 0000                      .public lastdrive
    \ 0000          lastdrive:  .space  1
0104                // __attribute__((section(".data")))
0105                char prevtrack = 0;
    \ 0000                      .section zdata,bss
    \ 0000                      .public prevtrack
    \ 0000          prevtrack:  .space  1
0106                // __attribute__((section(".data")))
0107                char lastdoublesector = 0;
    \ 0000                      .section zdata,bss
    \ 0000                      .public lastdoublesector
    \ 0000          lastdoublesector:
    \ 0000                      .space  1
0108                void _miniInit()  {
    \ 0000                      .section code,text
    \ 0000                      .public _miniInit
    \ 0000          _miniInit:
0109                  // clear F011 Floppy Controller Registers
0110                  if (PEEK(0xd080U) != 0x40)  POKE(0xd080U, 0);
    \ 0000 ad80d0               lda     0xd080
    \ 0003 c940                 cmp     #64
    \ 0005 f005                 beq     `?L23`
    \ 0007 a900                 lda     #0
    \ 0009 8d80d0               sta     0xd080
    \ 000c          `?L23`:
0111                  prevtrack = 0;
    \ 000c a900                 lda     #0
    \ 000e 8d....               sta     prevtrack
0112
0113                  mh4printfd("_miniinit SECTBUF 32addr is: ", SECTBUF >> 16);
    \ 0011 a9fd                 lda     #253
    \ 0013 a20f                 ldx     #15
    \ 0015 a000                 ldy     #0
    \ 0017 a300                 ldz     #0
    \ 0019 424285..             stq     zp:_Zp+4
    \ 001d a9..                 lda     #.byte0 `_StringLiteral__miniinit SECTBUF 32addr is: `
    \ 001f 85..                 sta     zp:_Zp
    \ 0021 a9..                 lda     #.byte1 `_StringLiteral__miniinit SECTBUF 32addr is: `
    \ 0023 85..                 sta     zp:_Zp+1
    \ 0025 20....               jsr     mh4printfd
0114                  mh4printfd(" ", SECTBUF & 0xffff);
    \ 0028 a900                 lda     #0
    \ 002a a26c                 ldx     #108
    \ 002c a8                   tay
    \ 002d 4b                   taz
    \ 002e 424285..             stq     zp:_Zp+4
    \ 0032 a9..                 lda     #.byte0 `_StringLiteral_ `
    \ 0034 85..                 sta     zp:_Zp
    \ 0036 a9..                 lda     #.byte1 `_StringLiteral_ `
    \ 0038 85..                 sta     zp:_Zp+1
    \ 003a 20....               jsr     mh4printfd
0115                  cputlnd();
    \ 003d 20....               jsr     cputlnd
0116                }
    \ 0040 60                   rts
0117
0118                unsigned char driveled(unsigned char errorcode)  {
    \ 0000                      .section code,text
    \ 0000                      .public driveled
    \ 0000 a200     driveled:   ldx     #0
    \ 0002 a000                 ldy     #0
    \ 0004 20....               jsr     _AllocStackSave
    \ 0007 85..                 sta     zp:_Zp+24
0119                    // Turn on just the LED, this causes it to blink:
0120                    POKE(0xd080U, 0x40);
    \ 0009 a940                 lda     #64
    \ 000b 8d80d0               sta     0xd080
0121                    bordercolor (COLOUR_RED);
    \ 000e a902                 lda     #2
    \ 0010 20....               jsr     bordercolor
0122                    return errorcode;
    \ 0013 a5..                 lda     zp:_Zp+24
0123                }
    \ 0015 a000                 ldy     #0
    \ 0017 4c....               jmp     _RestoreRegisters
0124
0125                // returns 1 for odd numbered sectors, 0 for even:
0126                unsigned char ReadSector(unsigned char legacyHDOSstate,
0127                                         unsigned char drive, char track,
0128                                                              char sector) {
    \ 0000                      .section code,text
    \ 0000                      .public ReadSector
    \ 0000          ReadSector:
    \ 0000 20....               jsr     `?L1385`
    \ 0003 20....               jsr     `?L1402`
    \ 0006 85..                 sta     zp:_Zp+24
    \ 0008 a5..                 lda     zp:_Zp+2
    \ 000a 85..                 sta     zp:_Zp+25
0129                  unsigned char retval;
0130                  unsigned char s;
0131
0132                  ShowAccess(drive, track, sector, READ);
    \ 000c 8a                   txa
    \ 000d 85..                 sta     zp:_Zp+2
    \ 000f 20....               jsr     `?L1369`
    \ 0012 a5..                 lda     zp:_Zp+26
    \ 0014 20....               jsr     ShowAccess
0133
0134                  if (track == 0)  return 0xFC;
    \ 0017 a5..                 lda     zp:_Zp+24
    \ 0019 d005                 bne     `?L33`
    \ 001b a9fc                 lda     #-4
    \ 001d 4c....               jmp     `?L31`
    \ 0020          `?L33`:
0135                  drive += 0x20;   // #$60 drive 0
0136                  if (sector < 20)  {
    \ 0020 20....               jsr     `?L1428`
    \ 0023 b007                 bcs     `?L37`
0137                     drive += 0x08; // second side of disk
    \ 0025 a908                 lda     #8
    \ 0027 18                   clc
    \ 0028 65..                 adc     zp:_Zp+4
    \ 002a 85..                 sta     zp:_Zp+4
    \ 002c          `?L37`:
0138                  }
0139
0140                  // Flag which side we need:
0141                  retval = sector % 2;
    \ 002c a901                 lda     #1
    \ 002e 25..                 and     zp:_Zp+25
    \ 0030 85..                 sta     zp:_Zp+26
0142                  
0143                  if (lastdrive != drive ||
0144                      prevtrack != track || lastdoublesector != (sector / 2))  {
    \ 0032 ab....               ldz     _Zp+4
    \ 0035 dc....               cpz     lastdrive
    \ 0038 d015                 bne     `?L41`
    \ 003a ab....               ldz     _Zp+24
    \ 003d dc....               cpz     prevtrack
    \ 0040 d00d                 bne     `?L41`
    \ 0042 ae....               ldx     lastdoublesector
    \ 0045 a5..                 lda     zp:_Zp+25
    \ 0047 85..                 sta     zp:_Zp
    \ 0049 46..                 lsr     zp:_Zp
    \ 004b e4..                 cpx     zp:_Zp
    \ 004d f061                 beq     `?L40`
    \ 004f          `?L41`:
0145                //    mcputsxy(3, SHOWACCESSY, " reading ");
0146                //    csputdec(sector, 2, 0);
0147                    // Turn on motor + led (which causes led to light solid):
0148                    POKE(0xd080U, drive);
0149                    // @@@@ legacy timing:
0150                //    if (legacyHDOSstate)  {
0151                    if (lastdrive != drive)  {
    \ 004f 20....               jsr     `?L1440`
    \ 0052 f00a                 beq     `?L43`
0152                      // Spinup for ready:
0153                      POKE(0xd081U, 0x20);
    \ 0054 a920                 lda     #32
    \ 0056 8d81d0               sta     0xd081
    \ 0059          `?L45`:
0154                      // Wait while busy:
0155                      while (PEEK(0xd082U) & 0x80) {}
    \ 0059 2c82d0               bit     0xd082
    \ 005c 30fb                 bmi     `?L45`
    \ 005e          `?L43`:
0156                    }
0157                    // Track (start at 0):
0158                    POKE(0xd084U, track - 1);
0159                    // Sector (only side 0 ones):
0160                //    POKE(0xd085U, sector / 2 + 1);
0161                    POKE(0xd085U, (((sector) % 20) / 2) + 1);
    \ 005e 20....               jsr     `?L1350`
0162                //    if (sector < 20)  s = (sector / 2) + 1;
0163                //    else              s = ((sector - 20) / 2) + 1;
0164                //    POKE(0xd085U, s);
0165                    // Side:
0166                //    POKE(0xd086U, 0);
0167                    POKE(0xd086U, ((sector >= 20) ? 1 : 0)); // side
    \ 0061 b004                 bcs     `?L618`
    \ 0063 a900                 lda     #0
    \ 0065 8002                 bra     `?L1268`
    \ 0067 a901     `?L618`:    lda     #1
    \ 0069          `?L1268`:
    \ 0069 85..                 sta     zp:_Zp
    \ 006b a900                 lda     #0
    \ 006d a5..                 lda     zp:_Zp
    \ 006f 8d86d0               sta     0xd086
0168                    // Read:
0169                    POKE(0xd081U, 0x41);
    \ 0072 a941                 lda     #65
    \ 0074 8d81d0               sta     0xd081
    \ 0077          `?L48`:
0170                    // Wait while busy:
0171                    while (PEEK(0xd082U) & 0x80) {}
    \ 0077 2c82d0               bit     0xd082
    \ 007a 30fb                 bmi     `?L48`
0172                    // Check for error:
0173                    if (PEEK(0xd082U) & 0x18) {
    \ 007c ad82d0               lda     0xd082
    \ 007f 8918                 bit     #24
    \ 0081 f01a                 beq     `?L52`
0174                      // Turn on just the LED, this causes to blink:
0175                //      POKE(0xd080U, 0x40);
0176                //      bordercolor(COLOUR_RED);
0177                      prevtrack = 0;
    \ 0083 a900                 lda     #0
    \ 0085 8d....               sta     prevtrack
0178                  mprintfd("ReadSector. Track=", track);
    \ 0088 a6..                 ldx     zp:_Zp+24
    \ 008a 86..                 stx     zp:_Zp+4
    \ 008c 85..                 sta     zp:_Zp+5
    \ 008e 85..                 sta     zp:_Zp+6
    \ 0090 85..                 sta     zp:_Zp+7
    \ 0092 a9..                 lda     #.byte0 `_StringLiteral_ReadSector. Track=`
    \ 0094 85..                 sta     zp:_Zp
    \ 0096 a9..                 lda     #.byte1 `_StringLiteral_ReadSector. Track=`
    \ 0098 20....               jsr     `?L1340`
    \ 009b 8021                 bra     `?L31`
    \ 009d          `?L52`:
0179                  mprintfd(" Sector=", sector);
0180                  mhprintfd(" $d082U=", PEEK(0xd082U));
0181                  cputlnd();
0182                  cgetcd();
0183                      return driveled(0xff);
0184                    }    // Make sure we can see the data, clear bit 7:
0185                    POKE(0xd689U, PEEK(0xd689U) & ~0x80);
0186                    lastdrive = drive;
0187                    prevtrack = track;
0188                    lastdoublesector = (sector / 2);
    \ 009d 20....               jsr     `?L1442`
    \ 00a0 a5..                 lda     zp:_Zp+24
    \ 00a2 8d....               sta     prevtrack
    \ 00a5 a5..                 lda     zp:_Zp+25
    \ 00a7 85..                 sta     zp:_Zp
    \ 00a9 46..                 lsr     zp:_Zp
    \ 00ab a5..                 lda     zp:_Zp
    \ 00ad 8d....               sta     lastdoublesector
    \ 00b0          `?L40`:
0189                  } /*
0190                  else {
0191                    mcputsxy(3, SHOWACCESSY, " cached ");
0192                    csputdec(sector, 2, 0);
0193                  }  */
0194                  ShowAccess(drive, track, sector, OFF);
    \ 00b0 a902                 lda     #2
    \ 00b2 85..                 sta     zp:_Zp+2
    \ 00b4 20....               jsr     `?L1369`
    \ 00b7 a5..                 lda     zp:_Zp+4
    \ 00b9 20....               jsr     ShowAccess
0195                  return retval;
    \ 00bc a5..                 lda     zp:_Zp+26
    \ 00be          `?L31`:
0196                }
    \ 00be 4c....               jmp     `?L58`
0197
0198                // both physical sectors are written:
0199                unsigned char WriteSector(unsigned char legacyHDOSstate,
0200                                          unsigned char drive, char track,
0201                                                               char sector) {
    \ 0000                      .section code,text
    \ 0000                      .public WriteSector
    \ 0000          WriteSector:
    \ 0000 20....               jsr     `?L1385`
    \ 0003 20....               jsr     `?L1402`
    \ 0006 85..                 sta     zp:_Zp+24
    \ 0008 a5..                 lda     zp:_Zp+2
    \ 000a 85..                 sta     zp:_Zp+25
0202                    unsigned char retval;
0203
0204                  ShowAccess(drive, track, sector, WRITE);
    \ 000c a901                 lda     #1
    \ 000e 85..                 sta     zp:_Zp+2
    \ 0010 20....               jsr     `?L1369`
    \ 0013 a5..                 lda     zp:_Zp+26
    \ 0015 20....               jsr     ShowAccess
0205                  prevtrack = 0; // @@@@@
    \ 0018 a900                 lda     #0
    \ 001a 8d....               sta     prevtrack
0206
0207                    if (track == 0)  return 0xFC;
    \ 001d a5..                 lda     zp:_Zp+24
    \ 001f d004                 bne     `?L60`
    \ 0021 a9fc                 lda     #-4
    \ 0023 8075                 bra     `?L58`
    \ 0025          `?L60`:
0208                    drive += 0x20;   // #$60 drive 0
0209                    if (sector < 20)  {
    \ 0025 20....               jsr     `?L1428`
    \ 0028 b007                 bcs     `?L64`
0210                        drive += 0x08; // second side of disk
    \ 002a a908                 lda     #8
    \ 002c 18                   clc
    \ 002d 65..                 adc     zp:_Zp+4
    \ 002f 85..                 sta     zp:_Zp+4
    \ 0031          `?L64`:
0211                    }
0212
0213                    // Flag which side we need:
0214                    retval = sector % 2;
    \ 0031 a901                 lda     #1
    \ 0033 25..                 and     zp:_Zp+25
    \ 0035 85..                 sta     zp:_Zp+26
0215
0216                    // Turn on motor + led (which causes led to light solid):
0217                    POKE(0xd080U, drive);
0218                    // @@@@ legacy timing:
0219                //    if (legacyHDOSstate)  {
0220                    if (lastdrive != drive)  {
    \ 0037 20....               jsr     `?L1440`
    \ 003a f00a                 beq     `?L67`
0221                      // Spinup for ready:
0222                      POKE(0xd081U, 0x20);
    \ 003c a920                 lda     #32
    \ 003e 8d81d0               sta     0xd081
    \ 0041          `?L69`:
0223                      // Wait while busy:
0224                      while (PEEK(0xd082U) & 0x80) {}
    \ 0041 2c82d0               bit     0xd082
    \ 0044 30fb                 bmi     `?L69`
    \ 0046          `?L67`:
0225                    }
0226                    // Track (start at 0):
0227                    POKE(0xd084U, track - 1);
0228                    // Sector (only side 0 ones):
0229                    // Sectors start at 1   mega65-book.pdf#3f0
0230                //    POKE(0xd085U, sector / 2 + 1);
0231                    POKE(0xd085U, (((sector) % 20) / 2) + 1);
    \ 0046 20....               jsr     `?L1350`
0232                    // Side:
0233                    POKE(0xd086U, (sector >= 20 ? 1 : 0));
    \ 0049 b004                 bcs     `?L621`
    \ 004b a900                 lda     #0
    \ 004d 8002                 bra     `?L1269`
    \ 004f a901     `?L621`:    lda     #1
    \ 0051          `?L1269`:
    \ 0051 85..                 sta     zp:_Zp
    \ 0053 a900                 lda     #0
    \ 0055 a5..                 lda     zp:_Zp
    \ 0057 8d86d0               sta     0xd086
0234                    // Write:
0235                    POKE(0xd081U, 0x84);
    \ 005a a984                 lda     #-124
    \ 005c 8d81d0               sta     0xd081
    \ 005f          `?L72`:
0236                    // Wait while busy and writing:
0237                    while ((PEEK(0xd082U) & 0x80) ||
0238                           (PEEK(0xd083U) & 0x10))  {}
    \ 005f 2c82d0               bit     0xd082
    \ 0062 30fb                 bmi     `?L72`
    \ 0064 ad83d0               lda     0xd083
    \ 0067 8910                 bit     #16
    \ 0069 d0f4                 bne     `?L72`
0239                    // Check for error:
0240                    if (PEEK(0xd082U) & 0x18) {
    \ 006b ad82d0               lda     0xd082
    \ 006e 8918                 bit     #24
    \ 0070 f017                 beq     `?L76`
0241                      // Turn on just the LED, this causes to blink:
0242                //      POKE(0xd080U, 0x40);
0243                //      bordercolor(COLOUR_RED);
0244                  mprintfd("WriteSector. Track=", track);
    \ 0072 a6..                 ldx     zp:_Zp+24
    \ 0074 86..                 stx     zp:_Zp+4
    \ 0076 a900                 lda     #0
    \ 0078 85..                 sta     zp:_Zp+5
    \ 007a 85..                 sta     zp:_Zp+6
    \ 007c 85..                 sta     zp:_Zp+7
    \ 007e a9..                 lda     #.byte0 `_StringLiteral_WriteSector. Track=`
    \ 0080 85..                 sta     zp:_Zp
    \ 0082 a9..                 lda     #.byte1 `_StringLiteral_WriteSector. Track=`
    \ 0084 20....               jsr     `?L1340`
    \ 0087 8011                 bra     `?L58`
    \ 0089          `?L76`:
0245                  mprintfd(" Sector=", sector);
0246                  mhprintfd(" $d082U=", PEEK(0xd082U));
0247                  cputlnd();
0248                  cgetcd();
0249                      return driveled(0xff);
0250                    }
0251                    // Make sure we can see the data, clear bit 7:
0252                    POKE(0xd689U, PEEK(0xd689U) & ~0x80);
0253                    lastdrive = drive;
0254
0255                  ShowAccess(drive, track, sector, OFF);
    \ 0089 20....               jsr     `?L1442`
    \ 008c a902                 lda     #2
    \ 008e 85..                 sta     zp:_Zp+2
    \ 0090 20....               jsr     `?L1369`
    \ 0093 a5..                 lda     zp:_Zp+4
    \ 0095 20....               jsr     ShowAccess
0256                    return retval;
    \ 0098 a5..                 lda     zp:_Zp+26
    \ 009a          `?L58`:
0257                }
    \ 009a a002                 ldy     #2
    \ 009c 4c....               jmp     _RestoreRegisters
0258
0259                // depending on the sector's side this returns the wanted
0260                // sector in the regular or upper 256 bytes of the 512
0261                // bytes buffer:
0262                unsigned char GetWholeSector(unsigned char legacyHDOSstate,
0263                                             BAM* entry, unsigned char drive,
0264                                             char track, char sector)  {
    \ 0000                      .section code,text
    \ 0000                      .public GetWholeSector
    \ 0000          GetWholeSector:
    \ 0000 20....               jsr     `?L1431`
    \ 0003 85..                 sta     zp:_Zp+5
    \ 0005 a5..                 lda     zp:_Zp
    \ 0007 85..                 sta     zp:_Zp+24
    \ 0009 a5..                 lda     zp:_Zp+1
    \ 000b 85..                 sta     zp:_Zp+25
    \ 000d 20....               jsr     `?L1389`
0265                  BAM* ws = entry;   // later to be DATABLOCK*
0266                  unsigned char side;
0267                #ifdef DEBUG
0268                  mprintf("GetWholeSector before ReadSector. Track=", track);
0269                  mprintf(" Sector=", sector);
0270                  mh4printf(" p=", (long) p);
0271                  cputln();
0272                  cgetc();
0273                #endif
0274                  if (drive > 1)  {
    \ 0010 a301                 ldz     #1
    \ 0012 d4..                 cpz     zp:_Zp+28
    \ 0014 b023                 bcs     `?L83`
0275                    lastdrive = drive;
    \ 0016 a5..                 lda     zp:_Zp+28
    \ 0018 8d....               sta     lastdrive
0276                    side = sector % 2;
    \ 001b 6b                   tza
    \ 001c 25..                 and     zp:_Zp+26
    \ 001e 85..                 sta     zp:_Zp+29
0277                    readtracksector(ws, drive, track, sector);
    \ 0020 20....               jsr     `?L1423`
    \ 0023 20....               jsr     `?L1331`
    \ 0026 a5..                 lda     zp:_Zp+28
    \ 0028 20....               jsr     readtracksector
0278                    readtracksector(ws + 1, drive, track, sector + 1);
    \ 002b e6..                 inc     zp:_Zp+26
    \ 002d a5..                 lda     zp:_Zp+26
    \ 002f 85..                 sta     zp:_Zp+3
    \ 0031 20....               jsr     `?L1393`
    \ 0034 20....               jsr     readtracksector
    \ 0037 8047                 bra     `?L88`
    \ 0039          `?L83`:
0279                  } else {
0280                    side = ReadSector(legacyHDOSstate, drive, track, sector);
    \ 0039 a5..                 lda     zp:_Zp+26
    \ 003b 85..                 sta     zp:_Zp+2
    \ 003d a5..                 lda     zp:_Zp+27
    \ 003f 85..                 sta     zp:_Zp+1
    \ 0041 a5..                 lda     zp:_Zp+28
    \ 0043 85..                 sta     zp:_Zp
    \ 0045 a5..                 lda     zp:_Zp+5
    \ 0047 20....               jsr     ReadSector
    \ 004a 85..                 sta     zp:_Zp+29
0281
0282                    if (side > 1)  return side;
    \ 004c a301                 ldz     #1
    \ 004e d4..                 cpz     zp:_Zp+29
    \ 0050 902e                 bcc     `?L88`
0283                    lcopy(SECTBUF,      (uint32_t) ws,             BLOCKSIZE);
    \ 0052 20....               jsr     `?L1318`
    \ 0055 20....               jsr     `?L1339`
    \ 0058 a26c                 ldx     #108
    \ 005a 20....               jsr     `?L1383`
0284                    lcopy(SECTBUFUPPER, (uint32_t) ws + BLOCKSIZE, BLOCKSIZE);
    \ 005d 20....               jsr     `?L1318`
    \ 0060 a5..                 lda     zp:_Zp+25
    \ 0062 85..                 sta     zp:_Zp+33
    \ 0064 a5..                 lda     zp:_Zp+24
    \ 0066 85..                 sta     zp:_Zp+32
    \ 0068 98                   tya
    \ 0069 85..                 sta     zp:_Zp+34
    \ 006b 85..                 sta     zp:_Zp+35
    \ 006d a201                 ldx     #1
    \ 006f 4b                   taz
    \ 0070 18                   clc
    \ 0071 424265..             adcq    zp:_Zp+32
    \ 0075 424285..             stq     zp:_Zp+4
    \ 0079 a900                 lda     #0
    \ 007b a26d                 ldx     #109
    \ 007d 20....               jsr     `?L1383`
    \ 0080          `?L88`:
    \ 0080 a5..                 lda     zp:_Zp+29
0285                  }
0286                #ifdef DEBUG
0287                  mprintf("GetWholeSector done. side=", side);
0288                  cputln();
0289                  cgetc();
0290                #endif
0291                  return side;
0292                }
    \ 0082 a00b                 ldy     #11
    \ 0084 4c....               jmp     _RestoreRegisters
0293                unsigned char GetOneSector(unsigned char legacyHDOSstate,
0294                                           BAM* entry, unsigned char drive,
0295                                             char track, char sector)  {
    \ 0000                      .section code,text
    \ 0000                      .public GetOneSector
    \ 0000          GetOneSector:
    \ 0000 20....               jsr     `?L1385`
    \ 0003 a6..                 ldx     zp:_Zp+2
    \ 0005 86..                 stx     zp:_Zp+6
    \ 0007 a6..                 ldx     zp:_Zp+3
    \ 0009 86..                 stx     zp:_Zp+5
0296                  BAM* ws = entry;   // later to be DATABLOCK*
    \ 000b a6..                 ldx     zp:_Zp
    \ 000d 86..                 stx     zp:_Zp+24
    \ 000f a6..                 ldx     zp:_Zp+1
    \ 0011 86..                 stx     zp:_Zp+25
0297                  unsigned char side;
0298                #ifdef DEBUG
0299                  mprintf("GetOneSector before ReadSector. Track=", track);
0300                  mprintf(" Sector=", sector);
0301                  // mh4printf(" p=", (long) p);
0302                  cputln();
0303                  cgetc();
0304                #endif
0305                  if (drive > 1)  {
    \ 0013 a301                 ldz     #1
    \ 0015 d4..                 cpz     zp:_Zp+6
    \ 0017 b01c                 bcs     `?L94`
0306                    lastdrive = drive;
    \ 0019 a5..                 lda     zp:_Zp+6
    \ 001b 8d....               sta     lastdrive
0307                    side = sector % 2;
    \ 001e 6b                   tza
    \ 001f 25..                 and     zp:_Zp+4
    \ 0021 85..                 sta     zp:_Zp+26
0308                    readtracksector(ws, drive, track, sector);
    \ 0023 a5..                 lda     zp:_Zp+4
    \ 0025 85..                 sta     zp:_Zp+3
    \ 0027 a5..                 lda     zp:_Zp+5
    \ 0029 85..                 sta     zp:_Zp+2
    \ 002b 20....               jsr     `?L1331`
    \ 002e a5..                 lda     zp:_Zp+6
    \ 0030 20....               jsr     readtracksector
    \ 0033 8030                 bra     `?L99`
    \ 0035          `?L94`:
0309                  } else {
0310                    side = ReadSector(legacyHDOSstate, drive, track, sector);
    \ 0035 a6..                 ldx     zp:_Zp+4
    \ 0037 86..                 stx     zp:_Zp+2
    \ 0039 a6..                 ldx     zp:_Zp+5
    \ 003b 86..                 stx     zp:_Zp+1
    \ 003d a6..                 ldx     zp:_Zp+6
    \ 003f 86..                 stx     zp:_Zp
    \ 0041 20....               jsr     ReadSector
    \ 0044 85..                 sta     zp:_Zp+26
0311
0312                    if (side > 1)  return side;
    \ 0046 a301                 ldz     #1
    \ 0048 d4..                 cpz     zp:_Zp+26
    \ 004a 9019                 bcc     `?L99`
0313                    if (side == 0)  lcopy(SECTBUF,      (uint32_t) ws, BLOCKSIZE);
    \ 004c a5..                 lda     zp:_Zp+26
    \ 004e d00a                 bne     `?L101`
    \ 0050 20....               jsr     `?L1318`
    \ 0053 20....               jsr     `?L1339`
    \ 0056 a26c                 ldx     #108
    \ 0058 8008                 bra     `?L1272`
    \ 005a          `?L101`:
0314                    else            lcopy(SECTBUFUPPER, (uint32_t) ws, BLOCKSIZE);
    \ 005a 20....               jsr     `?L1318`
    \ 005d 20....               jsr     `?L1339`
    \ 0060 a26d                 ldx     #109
    \ 0062          `?L1272`:
    \ 0062 20....               jsr     `?L1383`
    \ 0065          `?L99`:
    \ 0065 a5..                 lda     zp:_Zp+26
0315                  }
0316                #ifdef DEBUG
0317                  mprintf("GetOneSector done. side=", side);
0318                  cputln();
0319                  cgetc();
0320                #endif
0321
0322                  return side;
0323                }
    \ 0067 a002                 ldy     #2
    \ 0069 4c....               jmp     _RestoreRegisters
0324                unsigned char PutWholeSector(unsigned char legacyHDOSstate,
0325                                             BAM* entry, unsigned char drive,
0326                                             char track, char sector)  {
    \ 0000                      .section code,text
    \ 0000                      .public PutWholeSector
    \ 0000          PutWholeSector:
    \ 0000 20....               jsr     `?L1399`
    \ 0003 85..                 sta     zp:_Zp+29
    \ 0005 20....               jsr     `?L1389`
0327                  BAM* ws = entry;   // later to be DATABLOCK*
0328
0329                //  if (side > 1)  return side;
0330                  unsigned char side = sector % 2;
0331                  unsigned char ret = 0;
0332
0333                  if (drive > 1)  {
    \ 0008 20....               jsr     `?L1392`
    \ 000b b01d                 bcs     `?L108`
0334                    lastdrive = drive;
0335                    ret = writetracksector(ws, drive, track, sector);
    \ 000d 20....               jsr     `?L1422`
    \ 0010 20....               jsr     `?L1331`
    \ 0013 a5..                 lda     zp:_Zp+28
    \ 0015 20....               jsr     writetracksector
    \ 0018 85..                 sta     zp:_Zp+29
0336                    ret &= writetracksector(ws + 1, drive, track, sector + 1);
    \ 001a a5..                 lda     zp:_Zp+26
    \ 001c 85..                 sta     zp:_Zp+3
    \ 001e e6..                 inc     zp:_Zp+3
    \ 0020 20....               jsr     `?L1393`
    \ 0023 20....               jsr     writetracksector
    \ 0026 25..                 and     zp:_Zp+29
    \ 0028 805b                 bra     `?L107`
    \ 002a          `?L108`:
0337                  } else {
0338                    if (side == 0)  {
    \ 002a a5..                 lda     zp:_Zp+30
    \ 002c d021                 bne     `?L111`
0339                      clrhomed();
    \ 002e 20....               jsr     `?L1362`
0340                      mprintfd("PutWholeSector before lower buffer. Track=", track);
    \ 0031 a9..                 lda     #.byte0 `_StringLiteral_PutWholeSector before lower buffer. Track=`
    \ 0033 85..                 sta     zp:_Zp
    \ 0035 a9..                 lda     #.byte1 `_StringLiteral_PutWholeSector before lower buffer. Track=`
    \ 0037 20....               jsr     `?L1334`
0341                      mprintfd(" Sector=", sector);
0342                      cputlnd();
0343                      cgetcd();
    \ 003a 20....               jsr     cgetcd
0344                      lcopy((uint32_t) ws, SECTBUF, BLOCKSIZE * 2); // <-- take both sectors
    \ 003d 20....               jsr     `?L1347`
    \ 0040 a26c                 ldx     #108
    \ 0042 a0fd                 ldy     #253
    \ 0044 a30f                 ldz     #15
    \ 0046 424285..             stq     zp:_Zp+4
    \ 004a 20....               jsr     `?L1331`
    \ 004d 8024                 bra     `?L1275`
    \ 004f          `?L111`:
0345                    } else {  // @@@@ probably no longer needed:
0346                      // Now first read the state from the disk, because only one of
0347                      // the two logical sectors will be overwritten:
0348                      ReadSector(legacyHDOSstate, drive, track, sector);
    \ 004f a5..                 lda     zp:_Zp+26
    \ 0051 20....               jsr     `?L1368`
    \ 0054 20....               jsr     ReadSector
0349                    
0350                      clrhomed();
    \ 0057 20....               jsr     `?L1362`
0351                      mprintfd("PutWholeSector before upper buffer. Track=", track);
    \ 005a a9..                 lda     #.byte0 `_StringLiteral_PutWholeSector before upper buffer. Track=`
    \ 005c 85..                 sta     zp:_Zp
    \ 005e a9..                 lda     #.byte1 `_StringLiteral_PutWholeSector before upper buffer. Track=`
    \ 0060 20....               jsr     `?L1334`
0352                      mprintfd(" Sector=", sector);
0353                      cputlnd();
0354                      lcopy((uint32_t) ws, SECTBUFUPPER, BLOCKSIZE);
    \ 0063 20....               jsr     `?L1318`
    \ 0066 a26d                 ldx     #109
    \ 0068 a0fd                 ldy     #253
    \ 006a a30f                 ldz     #15
    \ 006c 424285..             stq     zp:_Zp+4
    \ 0070 20....               jsr     `?L1369`
    \ 0073          `?L1275`:
    \ 0073 20....               jsr     `?L1329`
0355                    }
0356                    msprintfd("PutWholeSector done. Returning while WriteSector.");
    \ 0076 a9..                 lda     #.byte0 `_StringLiteral_PutWholeSector done. Returning while WriteSector.`
    \ 0078 85..                 sta     zp:_Zp
    \ 007a a9..                 lda     #.byte1 `_StringLiteral_PutWholeSector done. Returning while WriteSector.`
    \ 007c 20....               jsr     `?L1416`
0357                    cgetcd();
0358                    return WriteSector(legacyHDOSstate, drive, track, sector - side);
    \ 007f 20....               jsr     `?L1368`
    \ 0082 20....               jsr     WriteSector
    \ 0085          `?L107`:
0359                  }
0360                  return ret;
0361                }
    \ 0085 4c....               jmp     `?L118`
0362                unsigned char PutOneSector(unsigned char legacyHDOSstate,
0363                                           BAM* entry, unsigned char drive,
0364                                           char track, char sector)  {
    \ 0000                      .section code,text
    \ 0000                      .public PutOneSector
    \ 0000          PutOneSector:
    \ 0000 20....               jsr     `?L1399`
    \ 0003 85..                 sta     zp:_Zp+29
    \ 0005 20....               jsr     `?L1389`
0365                  BAM* ws = entry;   // later to be DATABLOCK*
0366
0367                  unsigned char side = sector % 2;
0368                  unsigned char ret = 0;
0369                  
0370                  if (drive > 1)  {
    \ 0008 20....               jsr     `?L1392`
    \ 000b b00d                 bcs     `?L119`
0371                    lastdrive = drive;
0372                    ret = writetracksector(ws, drive, track, sector);
    \ 000d 20....               jsr     `?L1422`
    \ 0010 20....               jsr     `?L1331`
    \ 0013 a5..                 lda     zp:_Zp+28
    \ 0015 20....               jsr     writetracksector
    \ 0018 805b                 bra     `?L118`
    \ 001a          `?L119`:
0373                  } else {
0374                    // Now first read the state from the disk, because only one of
0375                    // the two logical sectors will be overwritten:
0376                    ReadSector(legacyHDOSstate, drive, track, sector);
    \ 001a a5..                 lda     zp:_Zp+26
    \ 001c 20....               jsr     `?L1368`
    \ 001f 20....               jsr     ReadSector
0377                    
0378                    if (side == 0)  {
    \ 0022 a5..                 lda     zp:_Zp+30
    \ 0024 d021                 bne     `?L122`
0379                      clrhomed();
    \ 0026 20....               jsr     `?L1362`
0380                      mprintfd("PutOneSector before lower buffer. Track=", track);
    \ 0029 a9..                 lda     #.byte0 `_StringLiteral_PutOneSector before lower buffer. Track=`
    \ 002b 85..                 sta     zp:_Zp
    \ 002d a9..                 lda     #.byte1 `_StringLiteral_PutOneSector before lower buffer. Track=`
    \ 002f 20....               jsr     `?L1334`
0381                      mprintfd(" Sector=", sector);
0382                      cputlnd();
0383                      cgetcd();
    \ 0032 20....               jsr     cgetcd
0384                      lcopy((uint32_t) ws, SECTBUF, BLOCKSIZE);
    \ 0035 20....               jsr     `?L1318`
    \ 0038 a26c                 ldx     #108
    \ 003a a0fd                 ldy     #253
    \ 003c a30f                 ldz     #15
    \ 003e 424285..             stq     zp:_Zp+4
    \ 0042 20....               jsr     `?L1331`
    \ 0045 801c                 bra     `?L1278`
    \ 0047          `?L122`:
0385                    } else {
0386                      clrhomed();
    \ 0047 20....               jsr     `?L1362`
0387                      mprintfd("PutOneSector before upper buffer. Track=", track);
    \ 004a a9..                 lda     #.byte0 `_StringLiteral_PutOneSector before upper buffer. Track=`
    \ 004c 85..                 sta     zp:_Zp
    \ 004e a9..                 lda     #.byte1 `_StringLiteral_PutOneSector before upper buffer. Track=`
    \ 0050 20....               jsr     `?L1334`
0388                      mprintfd(" Sector=", sector);
0389                      cputlnd();
0390                      lcopy((uint32_t) ws, SECTBUFUPPER, BLOCKSIZE);
    \ 0053 20....               jsr     `?L1318`
    \ 0056 a26d                 ldx     #109
    \ 0058 a0fd                 ldy     #253
    \ 005a a30f                 ldz     #15
    \ 005c 424285..             stq     zp:_Zp+4
    \ 0060 20....               jsr     `?L1369`
    \ 0063          `?L1278`:
    \ 0063 20....               jsr     `?L1329`
0391                    }
0392                    msprintfd("PutOneSector done. Returning while WriteSector.");
    \ 0066 a9..                 lda     #.byte0 `_StringLiteral_PutOneSector done. Returning while WriteSector.`
    \ 0068 85..                 sta     zp:_Zp
    \ 006a a9..                 lda     #.byte1 `_StringLiteral_PutOneSector done. Returning while WriteSector.`
    \ 006c 20....               jsr     `?L1416`
0393                    cgetcd();
0394
0395                    return WriteSector(legacyHDOSstate, drive, track, sector - side);
    \ 006f 20....               jsr     `?L1368`
    \ 0072 20....               jsr     WriteSector
    \ 0075          `?L118`:
0396                  }
0397                  return ret;
0398                }
    \ 0075 a006                 ldy     #6
    \ 0077 4c....               jmp     _RestoreRegisters
0399
0400                void GetBAM(unsigned char legacyHDOSstate, unsigned char side)  {
    \ 0000                      .section code,text
    \ 0000                      .public GetBAM
    \ 0000          GetBAM:
    \ 0000 a5..                 lda     zp:_Zp
0401                  BAM* bs;
0402
0403                  bs = BAMsector[0];
    \ 0002 ae....               ldx     BAMsector
    \ 0005 86..                 stx     zp:_Zp+4
    \ 0007 ae....               ldx     BAMsector+1
    \ 000a 86..                 stx     zp:_Zp+5
0404                  lcopy(ATTICBAMBUFFER + side * ATTICBAMBUFFERSIZE,
    \ 000c 85..                 sta     zp:_Zp
    \ 000e a900                 lda     #0
    \ 0010 20....               jsr     `?L1404`
    \ 0013 a909                 lda     #9
    \ 0015 aa                   tax
    \ 0016 f007                 beq     `?L766`
    \ 0018          `?L767`:
    \ 0018 424206..             aslq    zp:_Zp
    \ 001c ca                   dex
    \ 001d d0f9                 bne     `?L767`
    \ 001f          `?L766`:
    \ 001f 20....               jsr     `?L1347`
    \ 0022 85..                 sta     zp:_Zp+6
    \ 0024 85..                 sta     zp:_Zp+7
    \ 0026 a266                 ldx     #102
    \ 0028 20....               jsr     `?L1356`
    \ 002b 424285..             stq     zp:_Zp
    \ 002f 20....               jsr     lcopy
    \ 0032 a001                 ldy     #1
    \ 0034 4c....               jmp     `?L1307`
0405                        (uint32_t) bs, ATTICBAMBUFFERSIZE);
0406                }
0407                void PutBAM(unsigned char legacyHDOSstate,
0408                            unsigned char drive, unsigned char side, unsigned char dirtrack)  {
    \ 0000                      .section code,text
    \ 0000                      .public PutBAM
    \ 0000 a200     PutBAM:     ldx     #0
    \ 0002 a004                 ldy     #4
    \ 0004 20....               jsr     `?L1409`
0409                  BAM* bs;
0410
0411                  PutOneSector(legacyHDOSstate, BAMsector[0], drive, dirtrack, BAMSECT);
    \ 0007 a901                 lda     #1
    \ 0009 85..                 sta     zp:_Zp+4
    \ 000b a5..                 lda     zp:_Zp+2
    \ 000d 20....               jsr     `?L1376`
    \ 0010 20....               jsr     PutOneSector
0412                  bs = BAMsector[0];
0413                  PutOneSector(legacyHDOSstate,
    \ 0013 20....               jsr     `?L1441`
    \ 0016 a001                 ldy     #1
    \ 0018 b1..                 lda     (_Zp+24),y
    \ 001a 85..                 sta     zp:_Zp+4
    \ 001c 88                   dey
    \ 001d b1..                 lda     (_Zp+24),y
    \ 001f 20....               jsr     `?L1377`
    \ 0022 20....               jsr     PutOneSector
0414                               BAMsector[1], drive, bs->chntrack, bs->chnsector);
0415                  lcopy((uint32_t) bs,
    \ 0025 a6..                 ldx     zp:_Zp+26
    \ 0027 86..                 stx     zp:_Zp
    \ 0029 a900                 lda     #0
    \ 002b 20....               jsr     `?L1404`
    \ 002e a909                 lda     #9
    \ 0030 aa                   tax
    \ 0031 f007                 beq     `?L775`
    \ 0033          `?L776`:
    \ 0033 424206..             aslq    zp:_Zp
    \ 0037 ca                   dex
    \ 0038 d0f9                 bne     `?L776`
    \ 003a          `?L775`:
    \ 003a 20....               jsr     `?L1347`
    \ 003d a266                 ldx     #102
    \ 003f 20....               jsr     `?L1356`
    \ 0042 424285..             stq     zp:_Zp+4
    \ 0046 20....               jsr     `?L1369`
    \ 0049 20....               jsr     `?L1329`
0416                        ATTICBAMBUFFER + side * ATTICBAMBUFFERSIZE, ATTICBAMBUFFERSIZE);
0417                }
    \ 004c a004                 ldy     #4
    \ 004e 4c....               jmp     _RestoreRegisters
0418
0419                unsigned char BAM2Attic(unsigned char legacyHDOSstate, unsigned char drive,
0420                                        unsigned char side, unsigned char dirtrack) {
    \ 0000                      .section code,text
    \ 0000                      .public BAM2Attic
    \ 0000          BAM2Attic:
    \ 0000 85..                 sta     zp:_Zp+12
0421                  // _miniInit();
0422
0423                  return readblockchain(legacyHDOSstate, side?ATTICBAM2BUFFER:ATTICBAMBUFFER,
0424                                        BAMBLOCKS, drive, dirtrack, BAMSECT);
    \ 0002 a5..                 lda     zp:_Zp+1
    \ 0004 d006                 bne     `?L625`
    \ 0006 a900                 lda     #0
    \ 0008 a266                 ldx     #102
    \ 000a 8004                 bra     `?L1279`
    \ 000c a900     `?L625`:    lda     #0
    \ 000e a268                 ldx     #104
    \ 0010 a8       `?L1279`:   tay
    \ 0011 a308                 ldz     #8
    \ 0013 424285..             stq     zp:_Zp+8
    \ 0017 20....               jsr     `?L1432`
    \ 001a a5..                 lda     zp:_Zp+2
    \ 001c 85..                 sta     zp:_Zp+7
    \ 001e a5..                 lda     zp:_Zp
    \ 0020 85..                 sta     zp:_Zp+6
    \ 0022 20....               jsr     `?L1463`
    \ 0025 4242a5..             ldq     zp:_Zp+8
    \ 0029 424285..             stq     zp:_Zp
    \ 002d a5..                 lda     zp:_Zp+12
    \ 002f 20....               jsr     readblockchain
    \ 0032 a000                 ldy     #0
    \ 0034          `?L1307`:
0425                }
0426
0427                // this expects data in sector buffer:
0428                void BAMSectorUpdate(BAM* BAMsector, BAM* BAMsector2, char track, char sector, char set) {
0429                  unsigned char bitshifter = 1;
0430
0431                //  BAMsector += $100;  // @@@@@ dirty test
0432                //  mprintf("BAMSectorUpdate BAMsector is:", (unsigned long) BAMsector);
0433
0434                  // next BAM sector of two in total:
0435                  if (track > 40)  {
0436                    track -= 40;
0437                    BAMsector = BAMsector2;
0438                  }
0439                #ifdef DEBUG
0440                        gotoxy(42, 20);
0441                        mh4printf("BAMsector ", (long) BAMsector);
0442                        cputln();
0443                        cgetc();
0444                #endif
0445                  
0446                  track--;  // access array zero based
0447                  if (set)  {  // if set clear alloc bit below to allocate:
0448                    if (sector < 8)  {
0449                      BAMsector->entry[track].alloc1 &= ~(bitshifter << sector);
0450                    }
0451                    else if (sector < 16)  {
0452                      BAMsector->entry[track].alloc2 &= ~(bitshifter << (sector - 8));
0453                    }
0454                    else if (sector < 24)  {
0455                      BAMsector->entry[track].alloc3 &= ~(bitshifter << (sector - 16));
0456                    }
0457                    else if (sector < 32)  {
0458                      BAMsector->entry[track].alloc4 &= ~(bitshifter << (sector - 24));
0459                    }
0460                    else  {
0461                      BAMsector->entry[track].alloc5 &= ~(bitshifter << (sector - 32));
0462                    }
0463                    BAMsector->entry[track].free--;
0464                  }
0465                  else  {
0466                    if (sector < 8)  {
0467                      BAMsector->entry[track].alloc1 |= (bitshifter << sector);
0468                    }
0469                    else if (sector < 16)  {
0470                      BAMsector->entry[track].alloc2 |= (bitshifter << (sector - 8));
0471                    }
0472                    else if (sector < 24)  {
0473                      BAMsector->entry[track].alloc3 |= (bitshifter << (sector - 16));
0474                    }
0475                    else if (sector < 32)  {
0476                      BAMsector->entry[track].alloc4 |= (bitshifter << (sector - 24));
0477                    }
0478                    else  {
0479                      BAMsector->entry[track].alloc5 |= (bitshifter << (sector - 32));
0480                    }
0481                    BAMsector->entry[track].free++;
0482                  }
0483                }
0484
0485                unsigned int BAMSectorsFreeBlocks(BAM* BAMsector, BAM* BAMsector2,
0486                                     unsigned char dirtrack,
0487                                     unsigned char firsttrack, unsigned char lasttrack) {
0488                  unsigned char track80;
0489                  unsigned char track;
0490                  unsigned int free = 0;
0491
0492                  // access track array zero based
0493                  for (track80 = (firsttrack - 1); track80 < lasttrack; track80++)  {
0494                    // next BAM sector of two in total:
0495                    if (track80 < 40)  {
0496                      track = track80;
0497                    } else {
0498                      track = track80 - 40;
0499                      BAMsector = BAMsector2;
0500                    }
0501
0502                    if (track80 != (dirtrack - 1))  {
0503                      free += BAMsector->entry[track].free;
0504                    }
0505                  }
0506
0507                  return free;
0508                }
0509
0510                unsigned int FreeBlocks(unsigned char legacyHDOSstate,
0511                                        unsigned char side, unsigned char dirtrack,
0512                                        unsigned char firsttrack, unsigned char lasttrack) {
0513                  GetBAM(legacyHDOSstate, side);
0514                  return BAMSectorsFreeBlocks(BAMsector[0], BAMsector[1], dirtrack,
0515                                              firsttrack, lasttrack);
0516                }
0517
0518                unsigned int BAMCheckSizeinFilebuffer(unsigned char legacyHDOSstate,
0519                                                      unsigned char drive, unsigned char side,
0520                                                      unsigned char dirtrack,
0521                                                      unsigned char firsttrack,
0522                                                      unsigned char lasttrack) {
0523                  BAM* bs;
0524
0525                  readblockchain(legacyHDOSstate, ATTICFILEBUFFER, BAMBLOCKS,
0526                                 drive, dirtrack, BAMSECT);
0527                  bs = BAMsector[0];
0528                  lcopy(ATTICFILEBUFFER, (uint32_t) bs, ATTICBAMBUFFERSIZE);
0529                  return BAMSectorsFreeBlocks(BAMsector[0], BAMsector[1], dirtrack,
0530                                              firsttrack, lasttrack);
0531                }
0532
0533                // @@@@ debug
0534                // unsigned char* const basepage = (unsigned char*) BASEPAGERESERVED;
0535                unsigned char BAMFreeTracksinaRow(BAM* BAMsector, BAM* BAMsector2,
0536                                     unsigned char firsttrack, unsigned char lasttrack,
0537                                     unsigned char * starttrack, unsigned char * endtrack,
0538                                     unsigned char nboftracks) {
0539                  unsigned char track80;
0540                  unsigned char track;
0541                  unsigned char number = 0;
0542                  unsigned char numberprev = 0;
0543                  unsigned char starttrackprev = 0;
0544                  unsigned char endtrackprev = 0;
0545
0546                  *starttrack = 0; // to return the range matching the number of requested
0547                  *endtrack = 0;   // tracks
0548
0549                  // access track array zero based
0550                  for (track80 = (firsttrack - 1); track80 < lasttrack; track80++)  {
0551                    // next BAM sector of two in total:
0552                    if (track80 < 40)  {
0553                      track = track80;
0554                    } else {
0555                      track = track80 - 40;
0556                      BAMsector = BAMsector2;
0557                    }
0558
0559                    if (BAMsector->entry[track].free >= 40)  {
0560                      if (*starttrack == 0)  *starttrack = track80 + 1;
0561                      number ++;
0562                    } else {
0563                      if (number)  {
0564                        *endtrack = track80;
0565                        if ((*endtrack - *starttrack) >= (nboftracks - 1))  {
0566                          // weak strategy to find lowest track count in a row:
0567                          if ((*endtrack - *starttrack) >= (endtrackprev - starttrackprev)) {
0568                            endtrackprev = *endtrack;
0569                            starttrackprev = *starttrack;
0570                          } else {
0571                            *endtrack = endtrackprev;
0572                            *starttrack = starttrackprev;
0573                          }
0574                        } else {  // requested number of tracks not met:
0575                          *endtrack = 0;
0576                          *starttrack = 0;
0577                        }
0578                      }
0579                      number = 0; // re-begin finding biggest consecutive number
0580                    }
0581                  }
0582
0583                  // determine last track being unallocated:
0584                  if ((*starttrack + number) > lasttrack)  *endtrack = lasttrack;
0585
0586                //  basepage[0] = number;      // @@@@ debug
0587                //  basepage[1] = *starttrack; // @@@@ debug
0588                //  basepage[2] = *endtrack;   // @@@@ debug
0589
0590                  return number;
0591                }
0592
0593                unsigned char FreeTracks(unsigned char legacyHDOSstate,
0594                                         unsigned char side,
0595                                         unsigned char firsttrack, unsigned char lasttrack,
0596                                         unsigned char * starttrack, unsigned char * endtrack,
0597                                         unsigned char nboftracks) {
0598                  GetBAM(legacyHDOSstate, side);
0599                  return BAMFreeTracksinaRow(BAMsector[0], BAMsector[1],
0600                                             firsttrack, lasttrack,
0601                                             starttrack, endtrack, nboftracks);
0602                }
0603
0604                #define ID_i 'I'
0605                #define ID_d 'D'
0606                void FormatPartition(unsigned char legacyHDOSstate,
0607                                     unsigned char drive, unsigned char side,
0608                                     unsigned char dirtrack,
0609                                     unsigned char firsttrack, unsigned char lasttrack,
0610                                     char* name)  {
0611                  BAM* bs;
0612                  BAM* bs1;
0613                  HEADER* hs;
0614                  unsigned char track;
0615
0616                  bs = BAMsector[0];
0617                  bs1 = BAMsector[1];
0618                  hs = (HEADER *) BAMsector[0];
0619
0620                  // do it all backwards to profit from BAM similarities.
0621
0622                  // create first empty dirent sector:
0623                  lfill((uint32_t) bs1, 0, BLOCKSIZE);
0624                  bs1->chnsector = 0xff;
0625
0626                  // now BAM sectors:
0627                  bs->chntrack = 0;   // second BAM sector first
0628                  bs->chnsector = 0xff;  // next sector of BAM
0629                  bs->version = 0x44;
0630                  bs->versioninvert = 0xbb;
0631                  bs->diskid1 = ID_i;  // @@@@@
0632                  bs->diskid2 = ID_d;
0633                  bs->io = 0x40;
0634                  // for (i = 0x07; i <= 0x0f; i++)  bs[i] = 0;
0635                  lfill((uint32_t) bs + 0x07, 0, 0x0f - 0x07 + 1); // clear bytes 07..0f
0636                  for (track = 0; track < 40; track++)  {
0637                    if ((track + 41) == dirtrack)  {
0638                      bs->entry[track].free = 0x24;  // occupy header, BAM and dirent
0639                      bs->entry[track].alloc1 = 0xf0;
0640                    } else {
0641                      bs->entry[track].free = 0x28;
0642                      bs->entry[track].alloc1 = 0xff;
0643                    }
0644                    bs->entry[track].alloc2 = 0xff;
0645                    bs->entry[track].alloc3 = 0xff;
0646                    bs->entry[track].alloc4 = 0xff;
0647                    bs->entry[track].alloc5 = 0xff;
0648                  }
0649                  progress("Writing...", "directory/BAM", 30);
0650                  PutWholeSector(legacyHDOSstate, (BAM *) bs, drive, dirtrack, BAMSECT + 1);
0651
0652                  // both BAM sectors look almost the same:
0653                  lcopy((uint32_t) bs, (uint32_t) bs1, BLOCKSIZE);
0654
0655                  bs1->chntrack = dirtrack;  // first BAM sector points to second one
0656                  bs1->chnsector = BAMSECT + 1;  // next sector of BAM
0657                  if (dirtrack > 40)  {  // reset eventual dirtrack in upper BAM
0658                    bs1->entry[dirtrack - 41].free = 0x28;
0659                    bs1->entry[dirtrack - 41].alloc1 = 0xff;
0660                  }
0661                  if (dirtrack <= 40)  {
0662                    bs1->entry[dirtrack - 1].free = 0x24;  // occupy header, BAM and dirent
0663                    bs1->entry[dirtrack - 1].alloc1 = 0xf0;
0664                  }
0665
0666                  // create first empty header sector:
0667                  lfill((uint32_t) bs, 0, BLOCKSIZE);
0668                  hs->chntrack = dirtrack;  // first BAM sector points to second one
0669                  hs->chnsector = DIRENTSECT;
0670                  hs->diskdosversion = 0x44;
0671                  strcopy(name, (char *) hs->diskname, 16);
0672                  hs->unused1 = 0xa0;
0673                  hs->unused2 = 0xa0;
0674                  hs->diskid1 = ID_i;  // @@@@
0675                  hs->diskid2 = ID_d;
0676                  hs->unused3 = 0xa0;
0677                  hs->dosversion = 0x33;
0678                  hs->diskversion = 0x44;
0679                  hs->unused4 = 0xa0;
0680                  hs->unused5 = 0xa0;
0681
0682                  progress("Writing...", "BAM/header", 60);
0683                  PutWholeSector(legacyHDOSstate, (BAM *) bs, drive, dirtrack, HEADERSECT);
0684                }
0685
0686                void BAMAllocateTracks(unsigned char legacyHDOSstate, unsigned char side,
0687                                       unsigned char starttrack, unsigned char endtrack) {
0688                  unsigned char track80;
0689                  unsigned char sector;
0690
0691                  GetBAM(legacyHDOSstate, side);
0692                  for (track80 = starttrack; track80 <= endtrack; track80++)  {
0693                    for (sector = 0; sector < 40; sector++)  {
0694                      BAMSectorUpdate(BAMsector[0], BAMsector[1], track80, sector, 1); // 1=allocate
0695                    }
0696                  }
0697                }
0698
0699                // @@@@ this has old filename handling and uses a BAM sector instead
0700                // @@@@ of passing a pointer:
0701                void getDiskname(unsigned char legacyHDOSstate,
0702                                 unsigned char drive, unsigned char dirtrack, char* diskname) {
0703                  HEADER* hs;
0704                  unsigned char i;
0705
0706                  // _miniInit();
0707
0708                  if (GetOneSector(legacyHDOSstate,
0709                                   BAMsector[0], drive, dirtrack, HEADERSECT) < 2)  {
0710                    hs = (HEADER*) BAMsector[0];
0711
0712                    i = 0;
0713                    while (hs->diskname[i] != 0xa0 && i < DOSFILENAMELEN)  {
0714                      diskname[i] = hs->diskname[i];
0715                      i++;
0716                    }
0717                    diskname[i] = 0;
0718                  } else {
0719                    strcopy("read error", (char *) diskname, 16);
0720                  }
0721                }
0722
0723                unsigned char readblockchain(unsigned char legacyHDOSstate,
0724                                             uint32_t destination_address,
0725                                             unsigned int maxblocks, unsigned char drive,
0726                                             unsigned char track, unsigned char sector)  {
0727                  unsigned int i;
0728                  unsigned char nexttrack;
0729                  unsigned char nextsector;
0730
0731                  // _miniInit();
0732                  nexttrack = track;
0733                  nextsector = sector;
0734                #ifdef DEBUG
0735                        mprintf("readblockchain first nexttrack ", nexttrack);
0736                        mprintf(" nextsector ", nextsector);
0737                        cputln();
0738                #endif
0739
0740                  for (i = 0; i < maxblocks; i++)  {
0741                    if (GetOneSector(legacyHDOSstate,
0742                                     worksectorasBAM[0], drive, nexttrack, nextsector) > 1)  {
0743                      return(0xff);
0744                    }
0745                    DATABLOCK* ws = worksector[0];
0746                    nexttrack = ws->chntrack;
0747                    nextsector = ws->chnsector;
0748                #ifdef DEBUG
0749                        mprintf("nexttrack ", nexttrack);
0750                        mprintf(" nextsector ", nextsector);
0751                //        mprintf(" workside ", workside);
0752                        cputln();
0753                        mprintf(" block ", i);
0754                        mh4printf(" is: ", (long) &ws);
0755                        cputln();
0756                        mh4printf(" worksector[0]: ", (long) worksector[0]);
0757                        mh4printf(" worksectorasBAM[0]: ", (long) worksectorasBAM[0]);
0758                        cputln();
0759                        cgetc();
0760                #endif
0761                    // lcopy(uint32_t source_address, uint32_t destination_address, uint16_t count);
0762                    lcopy((uint32_t) ws, destination_address + i * BLOCKSIZE, BLOCKSIZE);
0763                    
0764                    if (nexttrack == 0)  break;
0765                  }
0766                  
0767                  if (nexttrack > 0)  {
0768                    return(0xfe);
0769                  }
0770                  return 0;
0771                }
0772
0773                unsigned char isallocatedBAMtracksector(unsigned char track,
0774                                                        unsigned char sector)  {
0775                  unsigned char bitshifter = 1;
0776                  BAM* bs;
0777
0778                  track--;  // zero based array access
0779                  if (track < 40)  {
0780                    bs = BAMsector[0];
0781                  } else {
0782                    track = track - 40;
0783                    bs = BAMsector[1];
0784                  }
0785                  if (sector < 8)  {
0786                    if (!(bs->entry[track].alloc1 & (bitshifter << sector)))  {
0787                #ifdef DEBUG
0788                        gotoxy(42, 7);
0789                        mprintf("t=", track);
0790                        mprintf(" s=", sector);
0791                        mprintf(" nt=", bs->chntrack);
0792                        mprintf(" ns=", bs->chnsector);
0793                        mprintf(" a1=", bs->entry[track].alloc1);
0794                        cgetc();
0795                #endif
0796                      return TRUE;
0797                    }
0798                  }
0799                  else if (sector < 16)  {
0800                    if (!(bs->entry[track].alloc2 & (bitshifter << (sector - 8))))  {
0801                #ifdef DEBUG
0802                        gotoxy(42, 8);
0803                        mprintf("t=", track);
0804                        mprintf(" s=", sector);
0805                        mprintf(" nt=", bs->chntrack);
0806                        mprintf(" ns=", bs->chnsector);
0807                        cgetc();
0808                #endif
0809                      return TRUE;
0810                    }
0811                  }
0812                  else if (sector < 24)  {
0813                    if (!(bs->entry[track].alloc3 & (bitshifter << (sector - 16))))  {
0814                #ifdef DEBUG
0815                        gotoxy(42, 9);
0816                        mprintf("t=", track);
0817                        mprintf(" s=", sector);
0818                        mprintf(" nt=", bs->chntrack);
0819                        mprintf(" ns=", bs->chnsector);
0820                        cgetc();
0821                #endif
0822                      return TRUE;
0823                    }
0824                  }
0825                  else if (sector < 32)  {
0826                    if (!(bs->entry[track].alloc4 & (bitshifter << (sector - 24))))  {
0827                #ifdef DEBUG
0828                        gotoxy(42, 10);
0829                        mprintf("t=", track);
0830                        mprintf(" s=", sector);
0831                        mprintf(" nt=", bs->chntrack);
0832                        mprintf(" ns=", bs->chnsector);
0833                        cgetc();
0834                #endif
0835                      return TRUE;
0836                    }
0837                  }
0838                  else  {
0839                    if (!(bs->entry[track].alloc5 & (bitshifter << (sector - 32))))  {
0840                #ifdef DEBUG
0841                        gotoxy(42, 11);
0842                        mprintf("t=", track);
0843                        mprintf(" s=", sector);
0844                        mprintf(" nt=", bs->chntrack);
0845                        mprintf(" ns=", bs->chnsector);
0846                        cgetc();
0847                #endif
0848                      return TRUE;
0849                    }
0850                  }
0851                  return FALSE;
0852                }
0853
0854                // track40 = TRUE lets search for an empty sector in dirtrack:
0855                void findnextBAMtracksector(unsigned char * nexttrack, unsigned char * nextsector,
0856                                        unsigned char track40, unsigned char dirtrack,
0857                                        unsigned char firsttrack, unsigned char lasttrack)  {
0858                  unsigned char bitshifter = 1;
0859                  unsigned char track80;
0860                  unsigned char track;
0861                  unsigned char i;
0862                  unsigned char sector;
0863                  unsigned char done = 0; //      0   1   2   3   4   5   6   7   8   9
0864                  unsigned char strategy[80] = { 38, 41, 40, 42, 37, 43, 36, 44, 35, 45,
0865                                                 34, 46, 33, 47, 32, 48, 31, 49, 30, 50,
0866                                                 29, 51, 28, 52, 27, 53, 26, 54, 25, 55,
0867                                                 24, 56, 23, 57, 22, 58, 21, 59, 20, 60,
0868                                                 19, 61, 18, 62, 17, 63, 16, 64, 15, 65,
0869                                                 14, 66, 13, 67, 12, 68, 11, 69, 10, 70,
0870                                                  9, 71,  8, 72,  7, 73,  6, 74,  5, 75,
0871                                                  4, 76,  3, 77,  2, 78,  1, 79,  0, 39 };
0872                  BAM* bs;
0873
0874                  // access track array zero based
0875                  // track strategy on track 40 is overridden by leaping to the following
0876                  // track of element [0] := 38 + 1 ==> track 39, physical 40
0877                  for (i = (firsttrack - 1); i < lasttrack; i++)  {
0878                    if (dirtrack != HEADERTRACK)  {
0879                      if (!track40 && i == (firsttrack - 1))  i++; // BAM strategy is different
0880                      track80 = i;  // no strategy for subpartitions
0881                    } else {
0882                      track80 = strategy[i];
0883                      if (track40)       track80++;    // BAM strategy is different
0884                      if (track80 > 79)  track80 = 0;
0885                      // next BAM sector of two in total:
0886                    }
0887                    if (track80 < 40)  {
0888                      track = track80;
0889                      bs = BAMsector[0];
0890                    } else {
0891                      track = track80 - 40;
0892                      bs = BAMsector[1];
0893                    }
0894                    for (sector = 0; sector <= 39; sector++)  {
0895                      if (sector < 8)  {
0896                        if (bs->entry[track].alloc1 & (bitshifter << sector))  {
0897                          done = 1;
0898                #ifdef DEBUG
0899                        gotoxy(42, 7);
0900                        mprintf("t=", track);
0901                        mprintf(" s=", sector);
0902                        mprintf(" nt=", bs->chntrack);
0903                        mprintf(" ns=", bs->chnsector);
0904                        mprintf(" a1=", bs->entry[track].alloc1);
0905                        cgetc();
0906                #endif
0907                          break;
0908                        }
0909                      }
0910                      else if (sector < 16)  {
0911                        if (bs->entry[track].alloc2 & (bitshifter << (sector - 8)))  {
0912                          done = 1;
0913                #ifdef DEBUG
0914                        gotoxy(42, 8);
0915                        mprintf("t=", track);
0916                        mprintf(" s=", sector);
0917                        mprintf(" nt=", bs->chntrack);
0918                        mprintf(" ns=", bs->chnsector);
0919                        cgetc();
0920                #endif
0921                          break;
0922                        }
0923                      }
0924                      else if (sector < 24)  {
0925                        if (bs->entry[track].alloc3 & (bitshifter << (sector - 16)))  {
0926                          done = 1;
0927                #ifdef DEBUG
0928                        gotoxy(42, 9);
0929                        mprintf("t=", track);
0930                        mprintf(" s=", sector);
0931                        mprintf(" nt=", bs->chntrack);
0932                        mprintf(" ns=", bs->chnsector);
0933                        cgetc();
0934                #endif
0935                          break;
0936                        }
0937                      }
0938                      else if (sector < 32)  {
0939                        if (bs->entry[track].alloc4 & (bitshifter << (sector - 24)))  {
0940                          done = 1;
0941                #ifdef DEBUG
0942                        gotoxy(42, 10);
0943                        mprintf("t=", track);
0944                        mprintf(" s=", sector);
0945                        mprintf(" nt=", bs->chntrack);
0946                        mprintf(" ns=", bs->chnsector);
0947                        cgetc();
0948                #endif
0949                          break;
0950                        }
0951                      }
0952                      else  {
0953                        if (bs->entry[track].alloc5 & (bitshifter << (sector - 32)))  {
0954                          done = 1;
0955                #ifdef DEBUG
0956                        gotoxy(42, 11);
0957                        mprintf("t=", track);
0958                        mprintf(" s=", sector);
0959                        mprintf(" nt=", bs->chntrack);
0960                        mprintf(" ns=", bs->chnsector);
0961                        cgetc();
0962                #endif
0963                          break;
0964                        }
0965                      }
0966                      if (done)  break;
0967                    }
0968                    if (done)  break;
0969                  }
0970                  track80++;  // access array zero based, but tracks are 1..80
0971
0972                  if (done)  {
0973                    BAMSectorUpdate(BAMsector[0], BAMsector[1], track80, sector, 1); // 1=allocate
0974                  
0975                    // return values:
0976                    *nexttrack  = track80;
0977                    *nextsector = sector;
0978                  } else {
0979                    *nexttrack  = 0xff;
0980                    *nextsector = 0;
0981                  }
0982                }
0983
0984                // ignores start track and sector upon call but gives them back:
0985                void writeblockchain(unsigned char legacyHDOSstate,
0986                                     uint32_t source_address,
0987                                     unsigned int maxblocks, unsigned char drive,
0988                                     unsigned char * starttrack, unsigned char * startsector,
0989                                     unsigned char dirtrack, unsigned char dirtrackflag,
0990                                     unsigned char firsttrack, unsigned char lasttrack)  {
0991                  unsigned int i;
0992                  unsigned char nexttrack = 0;
0993                  unsigned char nextsector = 0xff;
0994                  unsigned char track;
0995                  unsigned char sector;
0996
0997                  // _miniInit();
0998                  DATABLOCK* ws = worksector[0];
0999                  DATABLOCK* ws1 = worksector[1];
1000
1001                  // get a first sector anyway:
1002                  findnextBAMtracksector(&track, &sector, dirtrackflag, dirtrack,
1003                                         firsttrack, lasttrack);
1004                  *starttrack = track;  // to later write dirent
1005                  *startsector = sector;
1006                  
1007                  for (i = 0; i < maxblocks; i++)  {
1008                    lcopy(source_address + i * BLOCKSIZE, (uint32_t) ws, BLOCKSIZE);
1009
1010                #ifdef DEBUG
1011                        mprintf("nexttrack ", nexttrack);
1012                        mprintf(" nextsector ", nextsector);
1013                        mprintf(" block ", i);
1014                        mh4printf(" is: ", (long) &ws);
1015                        mh4printf(" worksector[0]: ", (long) worksector[0]);
1016                        cputln();
1017                        cgetc();
1018                #endif
1019
1020                    // replace chain with available ones or leave 0 if last datablock:
1021                    if (ws->chntrack > 0)  {
1022                      findnextBAMtracksector(&nexttrack, &nextsector, dirtrackflag, dirtrack,
1023                                             firsttrack, lasttrack);
1024                      ws->chntrack = nexttrack;
1025                      ws->chnsector = nextsector;
1026                    }
1027                    // is there a second sector to combine write a physical sector?
1028                    if (ws->chntrack > 0 && track == ws->chntrack &&
1029                        (sector / 2) == (ws->chnsector / 2))  {
1030                      i++;
1031                      lcopy(source_address + i * BLOCKSIZE, (uint32_t) ws1, BLOCKSIZE);
1032                      if (ws1->chntrack > 0)  {
1033                        findnextBAMtracksector(&nexttrack, &nextsector, dirtrackflag, dirtrack,
1034                                               firsttrack, lasttrack);
1035                        ws1->chntrack = nexttrack;
1036                        ws1->chnsector = nextsector;
1037                      }
1038                #ifdef DEBUG
1039                        mprintf("double sectors, track=", track);
1040                        mprintf(" sector=", sector);
1041                        cputln();
1042                        cgetc();
1043                #endif
1044                      PutWholeSector(legacyHDOSstate, (BAM *) ws, drive, track, sector);
1045                      ws->chntrack = ws1->chntrack; // fake to abort below if zero
1046                    } else {
1047                #ifdef DEBUG
1048                        mprintf("single sectors, track=", track);
1049                        mprintf(" sector=", sector);
1050                        cputln();
1051                        cgetc();
1052                #endif
1053                      PutOneSector(legacyHDOSstate, (BAM *) ws, drive, track, sector);
1054                    }
1055
1056                    if (ws->chntrack == 0)  break;
1057                    track = nexttrack;
1058                    sector = nextsector;
1059                  }
1060                  
1061                  if (nexttrack > 0 && i >= maxblocks)  {
1062                    messagebox(MBOXNUMBER, "Writing file,", "number of sectors too big",
1063                                           "max", (long) maxblocks);
1064                  }
1065                }
1066
1067                // not physically deleting but BAM deallocating:
1068                unsigned char deleteblockchain(unsigned char legacyHDOSstate,
1069                                               unsigned char drive, unsigned char dirtrack,
1070                                               unsigned char track, unsigned char sector)  {
1071                  unsigned char nexttrack;
1072                  unsigned char nextsector;
1073                  BAM* bs;
1074
1075                  // _miniInit();
1076                  if (GetOneSector(legacyHDOSstate,
1077                                   BAMsector[0], drive, dirtrack, BAMSECT) > 1)  {
1078                    return 0xff;
1079                  }
1080                  bs = BAMsector[0];
1081                  if (GetOneSector(legacyHDOSstate,
1082                                   BAMsector[1], drive, bs->chntrack, bs->chnsector) > 1)  {
1083                    return 0xfe;
1084                  }
1085
1086                  nexttrack = track;
1087                  nextsector = sector;
1088                #ifdef DEBUG
1089                        mprintf("nexttrack ", nexttrack);
1090                        mprintf(" nextsector ", nextsector);
1091                        cputln();
1092                #endif
1093                  while (nexttrack > 0)  {
1094                    /* workside = */ GetOneSector(legacyHDOSstate,
1095                                          worksectorasBAM[0], drive, nexttrack, nextsector);
1096                    DATABLOCK* ws = worksector[0];
1097                    BAMSectorUpdate(BAMsector[0], BAMsector[1], nexttrack, nextsector, 0); // 0=free up
1098                #ifdef DEBUG
1099                        gotoxy(42, 0);
1100                        mprintf("nexttrack ", nexttrack);
1101                        mprintf(" nextsector ", nextsector);
1102                //        mprintf(" workside ", workside);
1103                        cputln();
1104                        gotoxy(42, 1);
1105                        mh4printf(" block is: ", (long) &ws);
1106                        cputln();
1107                        gotoxy(42, 2);
1108                        mh4printf(" worksector[0]: ", (long) worksector[0]);
1109                        cputln();
1110                        cgetc();
1111                #endif
1112                    nexttrack = ws->chntrack;
1113                    nextsector = ws->chnsector;
1114                  }
1115                  PutOneSector(legacyHDOSstate, BAMsector[0], drive, dirtrack, BAMSECT);
1116                  PutOneSector(legacyHDOSstate,
1117                               BAMsector[1], drive, bs->chntrack, bs->chnsector);
1118                  return 0;
1119                }
1120
1121                extern unsigned char s[]; // @@@@
1122                char * tracksectorstring(unsigned char track, unsigned char sector)  {
1123                  unsigned int  i;
1124
1125                  i = 0;
1126                  s[i++] = 'T'; // @@ is this now how I want things to be?
1127                  s[i++] = 'r';
1128                  s[i++] = 'a';
1129                  s[i++] = 'c';
1130                  s[i++] = 'k';
1131                  s[i++] = ':';
1132                  s[i++] = ' ';
1133                  s[i++] = track / 10 + 48; // digit screen codes
1134                  s[i++] = track % 10 + 48;
1135                  s[i++] = ' ';
1136                  s[i++] = 'S';
1137                  s[i++] = 'e';
1138                  s[i++] = 'c';
1139                  s[i++] = 't';
1140                  s[i++] = 'o';
1141                  s[i++] = 'r';
1142                  s[i++] = ':';
1143                  s[i++] = ' ';
1144                  s[i++] = sector / 10 + 48;
1145                  s[i++] = sector % 10 + 48;
1146                  s[i++] = 0;
1147                  return (char*) s;
1148                }
    \ 0034 20....               jsr     _IncVsp
    \ 0037 60                   rts
    \ 0000                      .section code,text
    \ 0000                      .public BAMSectorUpdate
    \ 0000          BAMSectorUpdate:
    \ 0000 85..                 sta     zp:_Zp+6
    \ 0002 a5..                 lda     zp:_Zp+5
    \ 0004 85..                 sta     zp:_Zp+7
    \ 0006 20....               jsr     `?L1462`
    \ 0009 a328                 ldz     #40
    \ 000b d4..                 cpz     zp:_Zp+6
    \ 000d b009                 bcs     `?L140`
    \ 000f a5..                 lda     zp:_Zp+6
    \ 0011 38                   sec
    \ 0012 e928                 sbc     #40
    \ 0014 85..                 sta     zp:_Zp+6
    \ 0016 8005                 bra     `?L141`
    \ 0018          `?L140`:
    \ 0018 20....               jsr     `?L1450`
    \ 001b 85..                 sta     zp:_Zp+3
    \ 001d          `?L141`:
    \ 001d c6..                 dec     zp:_Zp+6
    \ 001f a5..                 lda     zp:_Zp+6
    \ 0021 85..                 sta     zp:_Zp+8
    \ 0023 a5..                 lda     zp:_Zp+7
    \ 0025 f3c200               lbeq    `?L143`
    \ 0028 ab....               ldz     _Zp+4
    \ 002b c208                 cpz     #8
    \ 002d b017                 bcs     `?L146`
    \ 002f 20....               jsr     `?L1310`
    \ 0032 9002                 bcc     `?L784`
    \ 0034 e6..                 inc     zp:_Zp+7
    \ 0036          `?L784`:
    \ 0036 e3..                 inw     zp:_Zp+6
    \ 0038 a6..                 ldx     zp:_Zp+4
    \ 003a f005                 beq     `?L786`
    \ 003c          `?L787`:
    \ 003c 06..                 asl     zp:_Zp+5
    \ 003e ca                   dex
    \ 003f d0fb                 bne     `?L787`
    \ 0041          `?L786`:
    \ 0041 a5..                 lda     zp:_Zp+5
    \ 0043 4c....               jmp     `?L1281`
    \ 0046          `?L146`:
    \ 0046 ab....               ldz     _Zp+4
    \ 0049 c210                 cpz     #16
    \ 004b b017                 bcs     `?L149`
    \ 004d 20....               jsr     `?L1310`
    \ 0050 9002                 bcc     `?L789`
    \ 0052 e6..                 inc     zp:_Zp+7
    \ 0054          `?L789`:
    \ 0054 20....               jsr     `?L1371`
    \ 0057 38                   sec
    \ 0058 e908                 sbc     #8
    \ 005a aa                   tax
    \ 005b f069                 beq     `?L808`
    \ 005d          `?L792`:
    \ 005d 06..                 asl     zp:_Zp
    \ 005f ca                   dex
    \ 0060 d0fb                 bne     `?L792`
    \ 0062 8062                 bra     `?L808`
    \ 0064          `?L149`:
    \ 0064 ab....               ldz     _Zp+4
    \ 0067 c218                 cpz     #24
    \ 0069 b019                 bcs     `?L152`
    \ 006b 20....               jsr     `?L1310`
    \ 006e 9002                 bcc     `?L794`
    \ 0070 e6..                 inc     zp:_Zp+7
    \ 0072          `?L794`:
    \ 0072 e3..                 inw     zp:_Zp+6
    \ 0074 20....               jsr     `?L1371`
    \ 0077 38                   sec
    \ 0078 e910                 sbc     #16
    \ 007a aa                   tax
    \ 007b f049                 beq     `?L808`
    \ 007d          `?L797`:
    \ 007d 06..                 asl     zp:_Zp
    \ 007f ca                   dex
    \ 0080 d0fb                 bne     `?L797`
    \ 0082 8042                 bra     `?L808`
    \ 0084          `?L152`:
    \ 0084 ab....               ldz     _Zp+4
    \ 0087 c220                 cpz     #32
    \ 0089 b01b                 bcs     `?L155`
    \ 008b 20....               jsr     `?L1310`
    \ 008e 9002                 bcc     `?L799`
    \ 0090 e6..                 inc     zp:_Zp+7
    \ 0092          `?L799`:
    \ 0092 e3..                 inw     zp:_Zp+6
    \ 0094 e3..                 inw     zp:_Zp+6
    \ 0096 20....               jsr     `?L1371`
    \ 0099 38                   sec
    \ 009a e918                 sbc     #24
    \ 009c aa                   tax
    \ 009d f027                 beq     `?L808`
    \ 009f          `?L802`:
    \ 009f 06..                 asl     zp:_Zp
    \ 00a1 ca                   dex
    \ 00a2 d0fb                 bne     `?L802`
    \ 00a4 8020                 bra     `?L808`
    \ 00a6          `?L155`:
    \ 00a6 20....               jsr     `?L1310`
    \ 00a9 9002                 bcc     `?L804`
    \ 00ab e6..                 inc     zp:_Zp+7
    \ 00ad 18       `?L804`:    clc
    \ 00ae a5..                 lda     zp:_Zp+6
    \ 00b0 6905                 adc     #5
    \ 00b2 85..                 sta     zp:_Zp+6
    \ 00b4 9002                 bcc     `?L806`
    \ 00b6 e6..                 inc     zp:_Zp+7
    \ 00b8          `?L806`:
    \ 00b8 20....               jsr     `?L1372`
    \ 00bb 38                   sec
    \ 00bc e920                 sbc     #32
    \ 00be aa                   tax
    \ 00bf f005                 beq     `?L808`
    \ 00c1          `?L809`:
    \ 00c1 06..                 asl     zp:_Zp
    \ 00c3 ca                   dex
    \ 00c4 d0fb                 bne     `?L809`
    \ 00c6          `?L808`:
    \ 00c6 a5..                 lda     zp:_Zp
    \ 00c8 49ff     `?L1281`:   eor     #-1
    \ 00ca a300                 ldz     #0
    \ 00cc 32..                 and     (_Zp+6),z
    \ 00ce 92..                 sta     (_Zp+6),z
    \ 00d0 20....               jsr     `?L1378`
    \ 00d3 20....               jsr     `?L1338`
    \ 00d6 18                   clc
    \ 00d7 a5..                 lda     zp:_Zp+2
    \ 00d9 65..                 adc     zp:_Zp
    \ 00db 85..                 sta     zp:_Zp+2
    \ 00dd 9002                 bcc     `?L811`
    \ 00df e6..                 inc     zp:_Zp+3
    \ 00e1 a000     `?L811`:    ldy     #0
    \ 00e3 b1..                 lda     (_Zp+2),y
    \ 00e5 3a                   dec     a
    \ 00e6 91..                 sta     (_Zp+2),y
    \ 00e8 60                   rts
    \ 00e9          `?L143`:
    \ 00e9 ab....               ldz     _Zp+4
    \ 00ec c208                 cpz     #8
    \ 00ee b017                 bcs     `?L158`
    \ 00f0 20....               jsr     `?L1310`
    \ 00f3 9002                 bcc     `?L813`
    \ 00f5 e6..                 inc     zp:_Zp+7
    \ 00f7          `?L813`:
    \ 00f7 e3..                 inw     zp:_Zp+6
    \ 00f9 a6..                 ldx     zp:_Zp+4
    \ 00fb f005                 beq     `?L815`
    \ 00fd          `?L816`:
    \ 00fd 06..                 asl     zp:_Zp+5
    \ 00ff ca                   dex
    \ 0100 d0fb                 bne     `?L816`
    \ 0102          `?L815`:
    \ 0102 a5..                 lda     zp:_Zp+5
    \ 0104 4c....               jmp     `?L1280`
    \ 0107          `?L158`:
    \ 0107 ab....               ldz     _Zp+4
    \ 010a c210                 cpz     #16
    \ 010c b017                 bcs     `?L161`
    \ 010e 20....               jsr     `?L1310`
    \ 0111 9002                 bcc     `?L818`
    \ 0113 e6..                 inc     zp:_Zp+7
    \ 0115          `?L818`:
    \ 0115 20....               jsr     `?L1371`
    \ 0118 38                   sec
    \ 0119 e908                 sbc     #8
    \ 011b aa                   tax
    \ 011c f047                 beq     `?L830`
    \ 011e          `?L821`:
    \ 011e 06..                 asl     zp:_Zp
    \ 0120 ca                   dex
    \ 0121 d0fb                 bne     `?L821`
    \ 0123 8040                 bra     `?L830`
    \ 0125          `?L161`:
    \ 0125 ab....               ldz     _Zp+4
    \ 0128 c218                 cpz     #24
    \ 012a b019                 bcs     `?L164`
    \ 012c 20....               jsr     `?L1310`
    \ 012f 9002                 bcc     `?L823`
    \ 0131 e6..                 inc     zp:_Zp+7
    \ 0133          `?L823`:
    \ 0133 e3..                 inw     zp:_Zp+6
    \ 0135 20....               jsr     `?L1371`
    \ 0138 38                   sec
    \ 0139 e910                 sbc     #16
    \ 013b aa                   tax
    \ 013c f027                 beq     `?L830`
    \ 013e          `?L826`:
    \ 013e 06..                 asl     zp:_Zp
    \ 0140 ca                   dex
    \ 0141 d0fb                 bne     `?L826`
    \ 0143 8020                 bra     `?L830`
    \ 0145          `?L164`:
    \ 0145 ab....               ldz     _Zp+4
    \ 0148 c220                 cpz     #32
    \ 014a b01d                 bcs     `?L167`
    \ 014c 20....               jsr     `?L1310`
    \ 014f 9002                 bcc     `?L828`
    \ 0151 e6..                 inc     zp:_Zp+7
    \ 0153          `?L828`:
    \ 0153 e3..                 inw     zp:_Zp+6
    \ 0155 e3..                 inw     zp:_Zp+6
    \ 0157 20....               jsr     `?L1371`
    \ 015a 38                   sec
    \ 015b e918                 sbc     #24
    \ 015d aa                   tax
    \ 015e f005                 beq     `?L830`
    \ 0160          `?L831`:
    \ 0160 06..                 asl     zp:_Zp
    \ 0162 ca                   dex
    \ 0163 d0fb                 bne     `?L831`
    \ 0165          `?L830`:
    \ 0165 a5..                 lda     zp:_Zp
    \ 0167 8021                 bra     `?L1280`
    \ 0169          `?L167`:
    \ 0169 20....               jsr     `?L1310`
    \ 016c 9002                 bcc     `?L833`
    \ 016e e6..                 inc     zp:_Zp+7
    \ 0170 18       `?L833`:    clc
    \ 0171 a5..                 lda     zp:_Zp+6
    \ 0173 6905                 adc     #5
    \ 0175 85..                 sta     zp:_Zp+6
    \ 0177 9002                 bcc     `?L835`
    \ 0179 e6..                 inc     zp:_Zp+7
    \ 017b          `?L835`:
    \ 017b a5..                 lda     zp:_Zp+4
    \ 017d 38                   sec
    \ 017e e920                 sbc     #32
    \ 0180 aa                   tax
    \ 0181 f005                 beq     `?L837`
    \ 0183          `?L838`:
    \ 0183 06..                 asl     zp:_Zp+5
    \ 0185 ca                   dex
    \ 0186 d0fb                 bne     `?L838`
    \ 0188          `?L837`:
    \ 0188 a5..                 lda     zp:_Zp+5
    \ 018a a300     `?L1280`:   ldz     #0
    \ 018c 12..                 ora     (_Zp+6),z
    \ 018e 92..                 sta     (_Zp+6),z
    \ 0190 20....               jsr     `?L1378`
    \ 0193 20....               jsr     `?L1338`
    \ 0196 18                   clc
    \ 0197 a5..                 lda     zp:_Zp+2
    \ 0199 65..                 adc     zp:_Zp
    \ 019b 85..                 sta     zp:_Zp+2
    \ 019d 9002                 bcc     `?L840`
    \ 019f e6..                 inc     zp:_Zp+3
    \ 01a1 a901     `?L840`:    lda     #1
    \ 01a3 18                   clc
    \ 01a4 72..                 adc     (_Zp+2),z
    \ 01a6 92..                 sta     (_Zp+2),z
    \ 01a8 60                   rts
    \ 0000                      .section code,text
    \ 0000                      .public BAMSectorsFreeBlocks
    \ 0000          BAMSectorsFreeBlocks:
    \ 0000 85..                 sta     zp:_Zp+12
    \ 0002 a5..                 lda     zp:_Zp
    \ 0004 85..                 sta     zp:_Zp+10
    \ 0006 a5..                 lda     zp:_Zp+1
    \ 0008 85..                 sta     zp:_Zp+11
    \ 000a a900                 lda     #0
    \ 000c 85..                 sta     zp:_Zp
    \ 000e 85..                 sta     zp:_Zp+1
    \ 0010 c6..                 dec     zp:_Zp+4
    \ 0012          `?L174`:
    \ 0012 ab....               ldz     _Zp+4
    \ 0015 d4..                 cpz     zp:_Zp+5
    \ 0017 9001                 bcc     `?L173`
    \ 0019 60                   rts
    \ 001a          `?L173`:
    \ 001a ab....               ldz     _Zp+4
    \ 001d c228                 cpz     #40
    \ 001f b006                 bcs     `?L177`
    \ 0021 a5..                 lda     zp:_Zp+4
    \ 0023 85..                 sta     zp:_Zp+6
    \ 0025 800f                 bra     `?L178`
    \ 0027          `?L177`:
    \ 0027 a5..                 lda     zp:_Zp+4
    \ 0029 38                   sec
    \ 002a e928                 sbc     #40
    \ 002c 85..                 sta     zp:_Zp+6
    \ 002e a5..                 lda     zp:_Zp+2
    \ 0030 85..                 sta     zp:_Zp+10
    \ 0032 a5..                 lda     zp:_Zp+3
    \ 0034 85..                 sta     zp:_Zp+11
    \ 0036          `?L178`:
    \ 0036 a5..                 lda     zp:_Zp+4
    \ 0038 a6..                 ldx     zp:_Zp+12
    \ 003a 86..                 stx     zp:_Zp+8
    \ 003c a200                 ldx     #0
    \ 003e 86..                 stx     zp:_Zp+9
    \ 0040 c3..                 dew     zp:_Zp+8
    \ 0042 38                   sec
    \ 0043 e5..                 sbc     zp:_Zp+8
    \ 0045 05..                 ora     zp:_Zp+9
    \ 0047 f03c                 beq     `?L175`
    \ 0049 a6..                 ldx     zp:_Zp+6
    \ 004b 20....               jsr     `?L1455`
    \ 004e cb....               asw     _Zp+8
    \ 0051 a5..                 lda     zp:_Zp+8
    \ 0053 85..                 sta     zp:_Zp+6
    \ 0055 cb....               asw     _Zp+8
    \ 0058 a5..                 lda     zp:_Zp+8
    \ 005a 18                   clc
    \ 005b 65..                 adc     zp:_Zp+6
    \ 005d 85..                 sta     zp:_Zp+6
    \ 005f a5..                 lda     zp:_Zp+10
    \ 0061 18                   clc
    \ 0062 6910                 adc     #16
    \ 0064 85..                 sta     zp:_Zp+8
    \ 0066 a5..                 lda     zp:_Zp+11
    \ 0068 6900                 adc     #0
    \ 006a 85..                 sta     zp:_Zp+9
    \ 006c 18                   clc
    \ 006d a5..                 lda     zp:_Zp+8
    \ 006f 65..                 adc     zp:_Zp+6
    \ 0071 85..                 sta     zp:_Zp+8
    \ 0073 9002                 bcc     `?L842`
    \ 0075 e6..                 inc     zp:_Zp+9
    \ 0077 a000     `?L842`:    ldy     #0
    \ 0079 b1..                 lda     (_Zp+8),y
    \ 007b 18                   clc
    \ 007c 65..                 adc     zp:_Zp
    \ 007e 85..                 sta     zp:_Zp
    \ 0080 98                   tya
    \ 0081 65..                 adc     zp:_Zp+1
    \ 0083 85..                 sta     zp:_Zp+1
    \ 0085          `?L175`:
    \ 0085 e6..                 inc     zp:_Zp+4
    \ 0087 8089                 bra     `?L174`
    \ 0000                      .section code,text
    \ 0000                      .public FreeBlocks
    \ 0000          FreeBlocks:
    \ 0000 20....               jsr     `?L1385`
    \ 0003 a6..                 ldx     zp:_Zp+1
    \ 0005 86..                 stx     zp:_Zp+26
    \ 0007 a6..                 ldx     zp:_Zp+2
    \ 0009 86..                 stx     zp:_Zp+25
    \ 000b a6..                 ldx     zp:_Zp+3
    \ 000d 86..                 stx     zp:_Zp+24
    \ 000f 20....               jsr     GetBAM
    \ 0012 a5..                 lda     zp:_Zp+24
    \ 0014 85..                 sta     zp:_Zp+5
    \ 0016 a5..                 lda     zp:_Zp+25
    \ 0018 20....               jsr     `?L1328`
    \ 001b a5..                 lda     zp:_Zp+26
    \ 001d 4c....               jmp     `?L1309`
    \ 0000                      .section code,text
    \ 0000                      .public BAMCheckSizeinFilebuffer
    \ 0000          BAMCheckSizeinFilebuffer:
    \ 0000 20....               jsr     `?L1385`
    \ 0003 85..                 sta     zp:_Zp+8
    \ 0005 a5..                 lda     zp:_Zp
    \ 0007 85..                 sta     zp:_Zp+6
    \ 0009 20....               jsr     `?L1394`
    \ 000c a5..                 lda     zp:_Zp+4
    \ 000e 85..                 sta     zp:_Zp+26
    \ 0010 20....               jsr     `?L1432`
    \ 0013 a5..                 lda     zp:_Zp+24
    \ 0015 85..                 sta     zp:_Zp+7
    \ 0017 20....               jsr     `?L1463`
    \ 001a a26a                 ldx     #106
    \ 001c a308                 ldz     #8
    \ 001e 424285..             stq     zp:_Zp
    \ 0022 a5..                 lda     zp:_Zp+8
    \ 0024 20....               jsr     `?L1445`
    \ 0027 ad....               lda     BAMsector
    \ 002a 85..                 sta     zp:_Zp+4
    \ 002c ad....               lda     BAMsector+1
    \ 002f 85..                 sta     zp:_Zp+5
    \ 0031 20....               jsr     `?L1347`
    \ 0034 85..                 sta     zp:_Zp+6
    \ 0036 85..                 sta     zp:_Zp+7
    \ 0038 a26a                 ldx     #106
    \ 003a a308                 ldz     #8
    \ 003c 424285..             stq     zp:_Zp
    \ 0040 20....               jsr     lcopy
    \ 0043 a001                 ldy     #1
    \ 0045 20....               jsr     _IncVsp
    \ 0048 a5..                 lda     zp:_Zp+26
    \ 004a 85..                 sta     zp:_Zp+5
    \ 004c a5..                 lda     zp:_Zp+25
    \ 004e 20....               jsr     `?L1328`
    \ 0051 a5..                 lda     zp:_Zp+24
    \ 0053          `?L1309`:
    \ 0053 20....               jsr     BAMSectorsFreeBlocks
    \ 0056 a002                 ldy     #2
    \ 0058 4c....               jmp     _RestoreRegisters
    \ 0000                      .section code,text
    \ 0000                      .public BAMFreeTracksinaRow
    \ 0000          BAMFreeTracksinaRow:
    \ 0000 85..                 sta     zp:_Zp+12
    \ 0002 a000                 ldy     #0
    \ 0004 b1..                 lda     (_Vsp),y
    \ 0006 85..                 sta     zp:_Zp+14
    \ 0008 c8                   iny
    \ 0009 b1..                 lda     (_Vsp),y
    \ 000b 85..                 sta     zp:_Zp+15
    \ 000d a900                 lda     #0
    \ 000f 85..                 sta     zp:_Zp+17
    \ 0011 85..                 sta     zp:_Zp+16
    \ 0013 85..                 sta     zp:_Zp+13
    \ 0015 88                   dey
    \ 0016 91..                 sta     (_Zp+6),y
    \ 0018 91..                 sta     (_Zp+14),y
    \ 001a c6..                 dec     zp:_Zp+12
    \ 001c          `?L196`:
    \ 001c ab....               ldz     _Zp+12
    \ 001f d4..                 cpz     zp:_Zp+4
    \ 0021 902e                 bcc     `?L195`
    \ 0023 a6..                 ldx     zp:_Zp+4
    \ 0025 86..                 stx     zp:_Zp
    \ 0027 98                   tya
    \ 0028 85..                 sta     zp:_Zp+1
    \ 002a b1..                 lda     (_Zp+6),y
    \ 002c 85..                 sta     zp:_Zp+2
    \ 002e 98                   tya
    \ 002f 85..                 sta     zp:_Zp+3
    \ 0031 18                   clc
    \ 0032 a5..                 lda     zp:_Zp+2
    \ 0034 65..                 adc     zp:_Zp+17
    \ 0036 85..                 sta     zp:_Zp+2
    \ 0038 9002                 bcc     `?L855`
    \ 003a e6..                 inc     zp:_Zp+3
    \ 003c          `?L855`:
    \ 003c a5..                 lda     zp:_Zp
    \ 003e c5..                 cmp     zp:_Zp+2
    \ 0040 a5..                 lda     zp:_Zp+1
    \ 0042 e5..                 sbc     zp:_Zp+3
    \ 0044 5002                 bvc     `?L857`
    \ 0046 4980                 eor     #-128
    \ 0048 1004     `?L857`:    bpl     `?L218`
    \ 004a a5..                 lda     zp:_Zp+4
    \ 004c 91..                 sta     (_Zp+14),y
    \ 004e          `?L218`:
    \ 004e a5..                 lda     zp:_Zp+17
    \ 0050 60                   rts
    \ 0051          `?L195`:
    \ 0051 ab....               ldz     _Zp+12
    \ 0054 c228                 cpz     #40
    \ 0056 b006                 bcs     `?L199`
    \ 0058 a5..                 lda     zp:_Zp+12
    \ 005a 85..                 sta     zp:_Zp+8
    \ 005c 800f                 bra     `?L200`
    \ 005e          `?L199`:
    \ 005e a5..                 lda     zp:_Zp+12
    \ 0060 38                   sec
    \ 0061 e928                 sbc     #40
    \ 0063 85..                 sta     zp:_Zp+8
    \ 0065 a5..                 lda     zp:_Zp+2
    \ 0067 85..                 sta     zp:_Zp
    \ 0069 a5..                 lda     zp:_Zp+3
    \ 006b 85..                 sta     zp:_Zp+1
    \ 006d          `?L200`:
    \ 006d a6..                 ldx     zp:_Zp+8
    \ 006f 86..                 stx     zp:_Zp+10
    \ 0071 98                   tya
    \ 0072 85..                 sta     zp:_Zp+11
    \ 0074 cb....               asw     _Zp+10
    \ 0077 a5..                 lda     zp:_Zp+10
    \ 0079 85..                 sta     zp:_Zp+8
    \ 007b cb....               asw     _Zp+10
    \ 007e a5..                 lda     zp:_Zp+10
    \ 0080 18                   clc
    \ 0081 65..                 adc     zp:_Zp+8
    \ 0083 85..                 sta     zp:_Zp+8
    \ 0085 a5..                 lda     zp:_Zp
    \ 0087 18                   clc
    \ 0088 6910                 adc     #16
    \ 008a 85..                 sta     zp:_Zp+10
    \ 008c a5..                 lda     zp:_Zp+1
    \ 008e 6900                 adc     #0
    \ 0090 85..                 sta     zp:_Zp+11
    \ 0092 18                   clc
    \ 0093 a5..                 lda     zp:_Zp+10
    \ 0095 65..                 adc     zp:_Zp+8
    \ 0097 85..                 sta     zp:_Zp+10
    \ 0099 9002                 bcc     `?L859`
    \ 009b e6..                 inc     zp:_Zp+11
    \ 009d          `?L859`:
    \ 009d b1..                 lda     (_Zp+10),y
    \ 009f c928                 cmp     #40
    \ 00a1 9012                 bcc     `?L202`
    \ 00a3 b1..                 lda     (_Zp+6),y
    \ 00a5 d00a                 bne     `?L206`
    \ 00a7 a5..                 lda     zp:_Zp+12
    \ 00a9 85..                 sta     zp:_Zp+8
    \ 00ab e6..                 inc     zp:_Zp+8
    \ 00ad a5..                 lda     zp:_Zp+8
    \ 00af 91..                 sta     (_Zp+6),y
    \ 00b1          `?L206`:
    \ 00b1 e6..                 inc     zp:_Zp+17
    \ 00b3 8063                 bra     `?L197`
    \ 00b5          `?L202`:
    \ 00b5 a5..                 lda     zp:_Zp+17
    \ 00b7 f05c                 beq     `?L209`
    \ 00b9 a5..                 lda     zp:_Zp+12
    \ 00bb 91..                 sta     (_Zp+14),y
    \ 00bd 85..                 sta     zp:_Zp+8
    \ 00bf 20....               jsr     `?L1408`
    \ 00c2 b002                 bcs     `?L861`
    \ 00c4 c6..                 dec     zp:_Zp+9
    \ 00c6          `?L861`:
    \ 00c6 a6..                 ldx     zp:_Zp+5
    \ 00c8 86..                 stx     zp:_Zp+10
    \ 00ca 98                   tya
    \ 00cb 85..                 sta     zp:_Zp+11
    \ 00cd c3..                 dew     zp:_Zp+10
    \ 00cf 20....               jsr     `?L1461`
    \ 00d2 5002                 bvc     `?L863`
    \ 00d4 4980                 eor     #-128
    \ 00d6 3038     `?L863`:    bmi     `?L211`
    \ 00d8 b1..                 lda     (_Zp+14),y
    \ 00da 85..                 sta     zp:_Zp+8
    \ 00dc 20....               jsr     `?L1408`
    \ 00df b002                 bcs     `?L865`
    \ 00e1 c6..                 dec     zp:_Zp+9
    \ 00e3          `?L865`:
    \ 00e3 a6..                 ldx     zp:_Zp+13
    \ 00e5 86..                 stx     zp:_Zp+10
    \ 00e7 98                   tya
    \ 00e8 85..                 sta     zp:_Zp+11
    \ 00ea 38                   sec
    \ 00eb a5..                 lda     zp:_Zp+10
    \ 00ed e5..                 sbc     zp:_Zp+16
    \ 00ef 85..                 sta     zp:_Zp+10
    \ 00f1 b002                 bcs     `?L867`
    \ 00f3 c6..                 dec     zp:_Zp+11
    \ 00f5          `?L867`:
    \ 00f5 20....               jsr     `?L1461`
    \ 00f8 5002                 bvc     `?L869`
    \ 00fa 4980                 eor     #-128
    \ 00fc 300a     `?L869`:    bmi     `?L214`
    \ 00fe b1..                 lda     (_Zp+14),y
    \ 0100 85..                 sta     zp:_Zp+13
    \ 0102 b1..                 lda     (_Zp+6),y
    \ 0104 85..                 sta     zp:_Zp+16
    \ 0106 800d                 bra     `?L209`
    \ 0108          `?L214`:
    \ 0108 a5..                 lda     zp:_Zp+13
    \ 010a 91..                 sta     (_Zp+14),y
    \ 010c a5..                 lda     zp:_Zp+16
    \ 010e 8003                 bra     `?L1282`
    \ 0110 98       `?L211`:    tya
    \ 0111 91..                 sta     (_Zp+14),y
    \ 0113          `?L1282`:
    \ 0113 91..                 sta     (_Zp+6),y
    \ 0115 98       `?L209`:    tya
    \ 0116 85..                 sta     zp:_Zp+17
    \ 0118          `?L197`:
    \ 0118 e6..                 inc     zp:_Zp+12
    \ 011a 4c....               jmp     `?L196`
    \ 0000                      .section code,text
    \ 0000                      .public FreeTracks
    \ 0000          FreeTracks:
    \ 0000 20....               jsr     `?L1399`
    \ 0003 a6..                 ldx     zp:_Zp+1
    \ 0005 86..                 stx     zp:_Zp+30
    \ 0007 a6..                 ldx     zp:_Zp+2
    \ 0009 86..                 stx     zp:_Zp+29
    \ 000b a6..                 ldx     zp:_Zp+3
    \ 000d 86..                 stx     zp:_Zp+28
    \ 000f a6..                 ldx     zp:_Zp+4
    \ 0011 86..                 stx     zp:_Zp+26
    \ 0013 a6..                 ldx     zp:_Zp+5
    \ 0015 86..                 stx     zp:_Zp+27
    \ 0017 a6..                 ldx     zp:_Zp+6
    \ 0019 86..                 stx     zp:_Zp+24
    \ 001b a6..                 ldx     zp:_Zp+7
    \ 001d 86..                 stx     zp:_Zp+25
    \ 001f 20....               jsr     GetBAM
    \ 0022 a9fe                 lda     #-2
    \ 0024 20....               jsr     _DecVsp
    \ 0027 a001                 ldy     #1
    \ 0029 a5..                 lda     zp:_Zp+25
    \ 002b 91..                 sta     (_Vsp),y
    \ 002d 88                   dey
    \ 002e a5..                 lda     zp:_Zp+24
    \ 0030 91..                 sta     (_Vsp),y
    \ 0032 a5..                 lda     zp:_Zp+26
    \ 0034 85..                 sta     zp:_Zp+6
    \ 0036 a5..                 lda     zp:_Zp+27
    \ 0038 85..                 sta     zp:_Zp+7
    \ 003a a5..                 lda     zp:_Zp+28
    \ 003c 85..                 sta     zp:_Zp+5
    \ 003e a5..                 lda     zp:_Zp+29
    \ 0040 20....               jsr     `?L1328`
    \ 0043 a5..                 lda     zp:_Zp+30
    \ 0045 20....               jsr     BAMFreeTracksinaRow
    \ 0048 a001                 ldy     #1
    \ 004a 20....               jsr     _IncVsp
    \ 004d a006                 ldy     #6
    \ 004f 4c....               jmp     _RestoreRegisters
    \ 0000                      .section code,text
    \ 0000                      .public FormatPartition
    \ 0000          FormatPartition:
    \ 0000 20....               jsr     `?L1431`
    \ 0003 85..                 sta     zp:_Zp+32
    \ 0005 a5..                 lda     zp:_Zp
    \ 0007 85..                 sta     zp:_Zp+31
    \ 0009 a5..                 lda     zp:_Zp+2
    \ 000b 85..                 sta     zp:_Zp+30
    \ 000d a5..                 lda     zp:_Zp+6
    \ 000f 85..                 sta     zp:_Zp+28
    \ 0011 a5..                 lda     zp:_Zp+7
    \ 0013 85..                 sta     zp:_Zp+29
    \ 0015 20....               jsr     `?L1441`
    \ 0018 ad....               lda     BAMsector+2
    \ 001b 85..                 sta     zp:_Zp+26
    \ 001d ad....               lda     BAMsector+3
    \ 0020 85..                 sta     zp:_Zp+27
    \ 0022 ad....               lda     BAMsector
    \ 0025 85..                 sta     zp:_Zp+34
    \ 0027 ad....               lda     BAMsector+1
    \ 002a 85..                 sta     zp:_Zp+35
    \ 002c 8a                   txa
    \ 002d 85..                 sta     zp:_Zp+4
    \ 002f 20....               jsr     `?L1462`
    \ 0032 20....               jsr     `?L1413`
    \ 0035 8a                   txa
    \ 0036 20....               jsr     `?L1465`
    \ 0039 a9ff                 lda     #-1
    \ 003b a001                 ldy     #1
    \ 003d 91..                 sta     (_Zp+26),y
    \ 003f a900                 lda     #0
    \ 0041 88                   dey
    \ 0042 91..                 sta     (_Zp+24),y
    \ 0044 a9ff                 lda     #-1
    \ 0046 c8                   iny
    \ 0047 91..                 sta     (_Zp+24),y
    \ 0049 a944                 lda     #68
    \ 004b c8                   iny
    \ 004c 91..                 sta     (_Zp+24),y
    \ 004e a9bb                 lda     #-69
    \ 0050 c8                   iny
    \ 0051 91..                 sta     (_Zp+24),y
    \ 0053 a949                 lda     #73
    \ 0055 c8                   iny
    \ 0056 91..                 sta     (_Zp+24),y
    \ 0058 a944                 lda     #68
    \ 005a c8                   iny
    \ 005b 91..                 sta     (_Zp+24),y
    \ 005d a940                 lda     #64
    \ 005f c8                   iny
    \ 0060 91..                 sta     (_Zp+24),y
    \ 0062 a909                 lda     #9
    \ 0064 85..                 sta     zp:_Zp+4
    \ 0066 a900                 lda     #0
    \ 0068 85..                 sta     zp:_Zp+5
    \ 006a 20....               jsr     `?L1331`
    \ 006d a900                 lda     #0
    \ 006f 85..                 sta     zp:_Zp+2
    \ 0071 85..                 sta     zp:_Zp+3
    \ 0073 a907                 lda     #7
    \ 0075 a200                 ldx     #0
    \ 0077 a000                 ldy     #0
    \ 0079 a300                 ldz     #0
    \ 007b 20....               jsr     `?L1357`
    \ 007e 424285..             stq     zp:_Zp
    \ 0082 a900                 lda     #0
    \ 0084 20....               jsr     lfill
    \ 0087 20....               jsr     `?L1434`
    \ 008a          `?L229`:
    \ 008a ab....               ldz     _Zp+4
    \ 008d c228                 cpz     #40
    \ 008f 931901               lbcc    `?L228`
    \ 0092 a9..                 lda     #.byte0 `_StringLiteral_directory/BAM`
    \ 0094 85..                 sta     zp:_Zp+2
    \ 0096 a9..                 lda     #.byte1 `_StringLiteral_directory/BAM`
    \ 0098 20....               jsr     `?L1396`
    \ 009b a91e                 lda     #30
    \ 009d 20....               jsr     progress
    \ 00a0 a902                 lda     #2
    \ 00a2 85..                 sta     zp:_Zp+4
    \ 00a4 a5..                 lda     zp:_Zp+30
    \ 00a6 85..                 sta     zp:_Zp+3
    \ 00a8 a5..                 lda     zp:_Zp+31
    \ 00aa 85..                 sta     zp:_Zp+2
    \ 00ac 20....               jsr     `?L1331`
    \ 00af 20....               jsr     `?L1460`
    \ 00b2 20....               jsr     `?L1318`
    \ 00b5 20....               jsr     `?L1414`
    \ 00b8 20....               jsr     `?L1331`
    \ 00bb 98                   tya
    \ 00bc 85..                 sta     zp:_Zp+2
    \ 00be 85..                 sta     zp:_Zp+3
    \ 00c0 20....               jsr     lcopy
    \ 00c3 a001                 ldy     #1
    \ 00c5 20....               jsr     _IncVsp
    \ 00c8 a5..                 lda     zp:_Zp+30
    \ 00ca 88                   dey
    \ 00cb 91..                 sta     (_Zp+26),y
    \ 00cd a902                 lda     #2
    \ 00cf c8                   iny
    \ 00d0 91..                 sta     (_Zp+26),y
    \ 00d2 a328                 ldz     #40
    \ 00d4 d4..                 cpz     zp:_Zp+30
    \ 00d6 b025                 bcs     `?L236`
    \ 00d8 20....               jsr     `?L1424`
    \ 00db 20....               jsr     `?L1337`
    \ 00de ab....               ldz     _Zp
    \ 00e1 a928                 lda     #40
    \ 00e3 92..                 sta     (_Zp+2),z
    \ 00e5 20....               jsr     `?L1424`
    \ 00e8 20....               jsr     `?L1337`
    \ 00eb 18                   clc
    \ 00ec a5..                 lda     zp:_Zp+2
    \ 00ee 65..                 adc     zp:_Zp
    \ 00f0 85..                 sta     zp:_Zp+2
    \ 00f2 9002                 bcc     `?L884`
    \ 00f4 e6..                 inc     zp:_Zp+3
    \ 00f6          `?L884`:
    \ 00f6 e3..                 inw     zp:_Zp+2
    \ 00f8 a9ff                 lda     #-1
    \ 00fa 88                   dey
    \ 00fb 91..                 sta     (_Zp+2),y
    \ 00fd a328     `?L236`:    ldz     #40
    \ 00ff d4..                 cpz     zp:_Zp+30
    \ 0101 902a                 bcc     `?L239`
    \ 0103 20....               jsr     `?L1466`
    \ 0106 c3..                 dew     zp:_Zp+2
    \ 0108 20....               jsr     `?L1337`
    \ 010b ab....               ldz     _Zp
    \ 010e a924                 lda     #36
    \ 0110 92..                 sta     (_Zp+2),z
    \ 0112 20....               jsr     `?L1466`
    \ 0115 c3..                 dew     zp:_Zp+2
    \ 0117 20....               jsr     `?L1337`
    \ 011a 18                   clc
    \ 011b a5..                 lda     zp:_Zp+2
    \ 011d 65..                 adc     zp:_Zp
    \ 011f 85..                 sta     zp:_Zp+2
    \ 0121 9002                 bcc     `?L886`
    \ 0123 e6..                 inc     zp:_Zp+3
    \ 0125          `?L886`:
    \ 0125 e3..                 inw     zp:_Zp+2
    \ 0127 a9f0                 lda     #-16
    \ 0129 a000                 ldy     #0
    \ 012b 91..                 sta     (_Zp+2),y
    \ 012d          `?L239`:
    \ 012d 20....               jsr     `?L1434`
    \ 0130 20....               jsr     `?L1462`
    \ 0133 20....               jsr     `?L1331`
    \ 0136 a900                 lda     #0
    \ 0138 20....               jsr     `?L1465`
    \ 013b a5..                 lda     zp:_Zp+30
    \ 013d a000                 ldy     #0
    \ 013f 91..                 sta     (_Zp+34),y
    \ 0141 a903                 lda     #3
    \ 0143 c8                   iny
    \ 0144 91..                 sta     (_Zp+34),y
    \ 0146 a944                 lda     #68
    \ 0148 c8                   iny
    \ 0149 91..                 sta     (_Zp+34),y
    \ 014b a5..                 lda     zp:_Zp+34
    \ 014d 85..                 sta     zp:_Zp+2
    \ 014f a5..                 lda     zp:_Zp+35
    \ 0151 20....               jsr     `?L1443`
    \ 0154 20....               jsr     `?L1458`
    \ 0157 a910                 lda     #16
    \ 0159 20....               jsr     strcopy
    \ 015c a9a0                 lda     #-96
    \ 015e a014                 ldy     #20
    \ 0160 91..                 sta     (_Zp+34),y
    \ 0162 c8                   iny
    \ 0163 91..                 sta     (_Zp+34),y
    \ 0165 a949                 lda     #73
    \ 0167 c8                   iny
    \ 0168 91..                 sta     (_Zp+34),y
    \ 016a a944                 lda     #68
    \ 016c c8                   iny
    \ 016d 91..                 sta     (_Zp+34),y
    \ 016f a9a0                 lda     #-96
    \ 0171 c8                   iny
    \ 0172 91..                 sta     (_Zp+34),y
    \ 0174 a933                 lda     #51
    \ 0176 c8                   iny
    \ 0177 91..                 sta     (_Zp+34),y
    \ 0179 a944                 lda     #68
    \ 017b c8                   iny
    \ 017c 91..                 sta     (_Zp+34),y
    \ 017e a9a0                 lda     #-96
    \ 0180 c8                   iny
    \ 0181 91..                 sta     (_Zp+34),y
    \ 0183 c8                   iny
    \ 0184 91..                 sta     (_Zp+34),y
    \ 0186 a9..                 lda     #.byte0 `_StringLiteral_BAM/header`
    \ 0188 85..                 sta     zp:_Zp+2
    \ 018a a9..                 lda     #.byte1 `_StringLiteral_BAM/header`
    \ 018c 20....               jsr     `?L1396`
    \ 018f a93c                 lda     #60
    \ 0191 20....               jsr     progress
    \ 0194 20....               jsr     `?L1434`
    \ 0197 a5..                 lda     zp:_Zp+30
    \ 0199 85..                 sta     zp:_Zp+3
    \ 019b a5..                 lda     zp:_Zp+31
    \ 019d 85..                 sta     zp:_Zp+2
    \ 019f 20....               jsr     `?L1331`
    \ 01a2 20....               jsr     `?L1460`
    \ 01a5 a00b                 ldy     #11
    \ 01a7 4c....               jmp     _RestoreRegisters
    \ 01aa          `?L228`:
    \ 01aa a5..                 lda     zp:_Zp+4
    \ 01ac 18                   clc
    \ 01ad 6929                 adc     #41
    \ 01af 85..                 sta     zp:_Zp
    \ 01b1 a900                 lda     #0
    \ 01b3 6900                 adc     #0
    \ 01b5 85..                 sta     zp:_Zp+1
    \ 01b7 a5..                 lda     zp:_Zp+30
    \ 01b9 38                   sec
    \ 01ba e5..                 sbc     zp:_Zp
    \ 01bc 05..                 ora     zp:_Zp+1
    \ 01be d022                 bne     `?L232`
    \ 01c0 20....               jsr     `?L1315`
    \ 01c3 85..                 sta     zp:_Zp+3
    \ 01c5 ab....               ldz     _Zp
    \ 01c8 a924                 lda     #36
    \ 01ca 92..                 sta     (_Zp+2),z
    \ 01cc 20....               jsr     `?L1315`
    \ 01cf 85..                 sta     zp:_Zp+3
    \ 01d1 18                   clc
    \ 01d2 a5..                 lda     zp:_Zp+2
    \ 01d4 65..                 adc     zp:_Zp
    \ 01d6 85..                 sta     zp:_Zp+2
    \ 01d8 9002                 bcc     `?L892`
    \ 01da e6..                 inc     zp:_Zp+3
    \ 01dc          `?L892`:
    \ 01dc e3..                 inw     zp:_Zp+2
    \ 01de a9f0                 lda     #-16
    \ 01e0 8020                 bra     `?L1283`
    \ 01e2          `?L232`:
    \ 01e2 20....               jsr     `?L1315`
    \ 01e5 85..                 sta     zp:_Zp+3
    \ 01e7 ab....               ldz     _Zp
    \ 01ea a928                 lda     #40
    \ 01ec 92..                 sta     (_Zp+2),z
    \ 01ee 20....               jsr     `?L1315`
    \ 01f1 85..                 sta     zp:_Zp+3
    \ 01f3 18                   clc
    \ 01f4 a5..                 lda     zp:_Zp+2
    \ 01f6 65..                 adc     zp:_Zp
    \ 01f8 85..                 sta     zp:_Zp+2
    \ 01fa 9002                 bcc     `?L894`
    \ 01fc e6..                 inc     zp:_Zp+3
    \ 01fe          `?L894`:
    \ 01fe e3..                 inw     zp:_Zp+2
    \ 0200 a9ff                 lda     #-1
    \ 0202 a000     `?L1283`:   ldy     #0
    \ 0204 91..                 sta     (_Zp+2),y
    \ 0206 a6..                 ldx     zp:_Zp+4
    \ 0208 86..                 stx     zp:_Zp+2
    \ 020a 98                   tya
    \ 020b 20....               jsr     `?L1316`
    \ 020e 85..                 sta     zp:_Zp+3
    \ 0210 18                   clc
    \ 0211 a5..                 lda     zp:_Zp+2
    \ 0213 65..                 adc     zp:_Zp
    \ 0215 85..                 sta     zp:_Zp+2
    \ 0217 9002                 bcc     `?L896`
    \ 0219 e6..                 inc     zp:_Zp+3
    \ 021b          `?L896`:
    \ 021b 20....               jsr     `?L1425`
    \ 021e 20....               jsr     `?L1315`
    \ 0221 85..                 sta     zp:_Zp+3
    \ 0223 18                   clc
    \ 0224 a5..                 lda     zp:_Zp+2
    \ 0226 65..                 adc     zp:_Zp
    \ 0228 85..                 sta     zp:_Zp+2
    \ 022a 9002                 bcc     `?L898`
    \ 022c e6..                 inc     zp:_Zp+3
    \ 022e          `?L898`:
    \ 022e e3..                 inw     zp:_Zp+2
    \ 0230 20....               jsr     `?L1425`
    \ 0233 20....               jsr     `?L1315`
    \ 0236 85..                 sta     zp:_Zp+3
    \ 0238 18                   clc
    \ 0239 a5..                 lda     zp:_Zp+2
    \ 023b 65..                 adc     zp:_Zp
    \ 023d 85..                 sta     zp:_Zp+2
    \ 023f 9002                 bcc     `?L900`
    \ 0241 e6..                 inc     zp:_Zp+3
    \ 0243          `?L900`:
    \ 0243 e3..                 inw     zp:_Zp+2
    \ 0245 e3..                 inw     zp:_Zp+2
    \ 0247 20....               jsr     `?L1425`
    \ 024a 20....               jsr     `?L1315`
    \ 024d 85..                 sta     zp:_Zp+3
    \ 024f 18                   clc
    \ 0250 a5..                 lda     zp:_Zp+2
    \ 0252 65..                 adc     zp:_Zp
    \ 0254 85..                 sta     zp:_Zp+2
    \ 0256 9002                 bcc     `?L902`
    \ 0258 e6..                 inc     zp:_Zp+3
    \ 025a a9ff     `?L902`:    lda     #-1
    \ 025c a005                 ldy     #5
    \ 025e 91..                 sta     (_Zp+2),y
    \ 0260 e6..                 inc     zp:_Zp+4
    \ 0262 4c....               jmp     `?L229`
    \ 0000                      .section code,text
    \ 0000                      .public BAMAllocateTracks
    \ 0000          BAMAllocateTracks:
    \ 0000 20....               jsr     `?L1385`
    \ 0003 a6..                 ldx     zp:_Zp+1
    \ 0005 86..                 stx     zp:_Zp+24
    \ 0007 a6..                 ldx     zp:_Zp+2
    \ 0009 86..                 stx     zp:_Zp+26
    \ 000b 20....               jsr     GetBAM
    \ 000e          `?L245`:
    \ 000e ab....               ldz     _Zp+26
    \ 0011 d4..                 cpz     zp:_Zp+24
    \ 0013 b005                 bcs     `?L244`
    \ 0015 a002                 ldy     #2
    \ 0017 4c....               jmp     _RestoreRegisters
    \ 001a a900     `?L244`:    lda     #0
    \ 001c 85..                 sta     zp:_Zp+25
    \ 001e          `?L249`:
    \ 001e ab....               ldz     _Zp+25
    \ 0021 c228                 cpz     #40
    \ 0023 9004                 bcc     `?L248`
    \ 0025 e6..                 inc     zp:_Zp+24
    \ 0027 80e5                 bra     `?L245`
    \ 0029          `?L248`:
    \ 0029 20....               jsr     `?L1462`
    \ 002c a5..                 lda     zp:_Zp+25
    \ 002e 20....               jsr     `?L1328`
    \ 0031 a5..                 lda     zp:_Zp+24
    \ 0033 20....               jsr     BAMSectorUpdate
    \ 0036 e6..                 inc     zp:_Zp+25
    \ 0038 80e4                 bra     `?L249`
    \ 0000                      .section code,text
    \ 0000                      .public getDiskname
    \ 0000          getDiskname:
    \ 0000 a200                 ldx     #0
    \ 0002 a001                 ldy     #1
    \ 0004 20....               jsr     _AllocStackSave
    \ 0007 85..                 sta     zp:_Zp+5
    \ 0009 20....               jsr     `?L1394`
    \ 000c 8a                   txa
    \ 000d 85..                 sta     zp:_Zp+4
    \ 000f a5..                 lda     zp:_Zp+1
    \ 0011 85..                 sta     zp:_Zp+3
    \ 0013 a5..                 lda     zp:_Zp
    \ 0015 85..                 sta     zp:_Zp+2
    \ 0017 ad....               lda     BAMsector
    \ 001a 85..                 sta     zp:_Zp
    \ 001c ad....               lda     BAMsector+1
    \ 001f 85..                 sta     zp:_Zp+1
    \ 0021 a5..                 lda     zp:_Zp+5
    \ 0023 20....               jsr     GetOneSector
    \ 0026 c902                 cmp     #2
    \ 0028 b03d                 bcs     `?L255`
    \ 002a ad....               lda     BAMsector
    \ 002d 85..                 sta     zp:_Zp
    \ 002f ad....               lda     BAMsector+1
    \ 0032 85..                 sta     zp:_Zp+1
    \ 0034 a900                 lda     #0
    \ 0036 85..                 sta     zp:_Zp+2
    \ 0038          `?L258`:
    \ 0038 20....               jsr     `?L1388`
    \ 003b 9002                 bcc     `?L909`
    \ 003d e6..                 inc     zp:_Zp+5
    \ 003f          `?L909`:
    \ 003f 20....               jsr     `?L1421`
    \ 0042 c9a0                 cmp     #-96
    \ 0044 f019                 beq     `?L259`
    \ 0046 ab....               ldz     _Zp+2
    \ 0049 c210                 cpz     #16
    \ 004b b012                 bcs     `?L259`
    \ 004d 20....               jsr     `?L1388`
    \ 0050 9002                 bcc     `?L911`
    \ 0052 e6..                 inc     zp:_Zp+5
    \ 0054          `?L911`:
    \ 0054 b1..                 lda     (_Zp+4),y
    \ 0056 ab....               ldz     _Zp+2
    \ 0059 92..                 sta     (_Zp+24),z
    \ 005b e6..                 inc     zp:_Zp+2
    \ 005d 80d9                 bra     `?L258`
    \ 005f 98       `?L259`:    tya
    \ 0060 ab....               ldz     _Zp+2
    \ 0063 92..                 sta     (_Zp+24),z
    \ 0065 8015                 bra     `?L254`
    \ 0067          `?L255`:
    \ 0067 a5..                 lda     zp:_Zp+24
    \ 0069 85..                 sta     zp:_Zp+2
    \ 006b a5..                 lda     zp:_Zp+25
    \ 006d 85..                 sta     zp:_Zp+3
    \ 006f a9..                 lda     #.byte0 `_StringLiteral_read error`
    \ 0071 85..                 sta     zp:_Zp
    \ 0073 a9..                 lda     #.byte1 `_StringLiteral_read error`
    \ 0075 85..                 sta     zp:_Zp+1
    \ 0077 a910                 lda     #16
    \ 0079 20....               jsr     strcopy
    \ 007c a001     `?L254`:    ldy     #1
    \ 007e 4c....               jmp     _RestoreRegisters
    \ 0000                      .section code,text
    \ 0000                      .public readblockchain
    \ 0000          readblockchain:
    \ 0000 20....               jsr     `?L1431`
    \ 0003 85..                 sta     zp:_Zp+31
    \ 0005 4242a5..             ldq     zp:_Zp
    \ 0009 424285..             stq     zp:_Zp+24
    \ 000d 20....               jsr     `?L1439`
    \ 0010 85..                 sta     zp:_Zp+34
    \ 0012 a5..                 lda     zp:_Zp+1
    \ 0014 85..                 sta     zp:_Zp+35
    \ 0016 a5..                 lda     zp:_Zp+6
    \ 0018 85..                 sta     zp:_Zp+30
    \ 001a a5..                 lda     zp:_Zp+7
    \ 001c 85..                 sta     zp:_Zp+3
    \ 001e a00c                 ldy     #12
    \ 0020 b1..                 lda     (_Vsp),y
    \ 0022 85..                 sta     zp:_Zp+4
    \ 0024 a900                 lda     #0
    \ 0026 85..                 sta     zp:_Zp+32
    \ 0028 85..                 sta     zp:_Zp+33
    \ 002a          `?L265`:
    \ 002a a5..                 lda     zp:_Zp+3
    \ 002c 85..                 sta     zp:_Zp+29
    \ 002e a5..                 lda     zp:_Zp+32
    \ 0030 c5..                 cmp     zp:_Zp+34
    \ 0032 a5..                 lda     zp:_Zp+33
    \ 0034 e5..                 sbc     zp:_Zp+35
    \ 0036 b052                 bcs     `?L267`
    \ 0038 a5..                 lda     zp:_Zp+30
    \ 003a 20....               jsr     `?L1358`
    \ 003d a5..                 lda     zp:_Zp+31
    \ 003f 20....               jsr     `?L1400`
    \ 0042 b004                 bcs     `?L269`
    \ 0044 a9ff                 lda     #-1
    \ 0046 804c                 bra     `?L263`
    \ 0048          `?L269`:
    \ 0048 ad....               lda     worksector
    \ 004b 85..                 sta     zp:_Zp
    \ 004d ad....               lda     worksector+1
    \ 0050 85..                 sta     zp:_Zp+1
    \ 0052 a000                 ldy     #0
    \ 0054 b1..                 lda     (_Zp),y
    \ 0056 85..                 sta     zp:_Zp+29
    \ 0058 c8                   iny
    \ 0059 b1..                 lda     (_Zp),y
    \ 005b 85..                 sta     zp:_Zp+28
    \ 005d 20....               jsr     `?L1318`
    \ 0060 a5..                 lda     zp:_Zp+32
    \ 0062 85..                 sta     zp:_Zp+4
    \ 0064 a5..                 lda     zp:_Zp+33
    \ 0066 85..                 sta     zp:_Zp+5
    \ 0068 98                   tya
    \ 0069 85..                 sta     zp:_Zp+7
    \ 006b a5..                 lda     zp:_Zp+5
    \ 006d 85..                 sta     zp:_Zp+6
    \ 006f a5..                 lda     zp:_Zp+4
    \ 0071 85..                 sta     zp:_Zp+5
    \ 0073 98                   tya
    \ 0074 85..                 sta     zp:_Zp+4
    \ 0076 4242a5..             ldq     zp:_Zp+4
    \ 007a 18                   clc
    \ 007b 424265..             adcq    zp:_Zp+24
    \ 007f 424285..             stq     zp:_Zp+4
    \ 0083 20....               jsr     `?L1329`
    \ 0086 a5..                 lda     zp:_Zp+29
    \ 0088 d00f                 bne     `?L266`
    \ 008a          `?L267`:
    \ 008a a5..                 lda     zp:_Zp+29
    \ 008c f004                 beq     `?L277`
    \ 008e a9fe                 lda     #-2
    \ 0090 8002                 bra     `?L263`
    \ 0092 a900     `?L277`:    lda     #0
    \ 0094 a00b     `?L263`:    ldy     #11
    \ 0096 4c....               jmp     _RestoreRegisters
    \ 0099          `?L266`:
    \ 0099 e3..                 inw     zp:_Zp+32
    \ 009b a5..                 lda     zp:_Zp+29
    \ 009d 85..                 sta     zp:_Zp+3
    \ 009f a5..                 lda     zp:_Zp+28
    \ 00a1 85..                 sta     zp:_Zp+4
    \ 00a3 8085                 bra     `?L265`
    \ 0000                      .section code,text
    \ 0000                      .public isallocatedBAMtracksector
    \ 0000          isallocatedBAMtracksector:
    \ 0000 85..                 sta     zp:_Zp+1
    \ 0002 a901                 lda     #1
    \ 0004 85..                 sta     zp:_Zp+6
    \ 0006 c6..                 dec     zp:_Zp+1
    \ 0008 ab....               ldz     _Zp+1
    \ 000b c228                 cpz     #40
    \ 000d b00a                 bcs     `?L284`
    \ 000f ad....               lda     BAMsector
    \ 0012 85..                 sta     zp:_Zp+8
    \ 0014 ad....               lda     BAMsector+1
    \ 0017 800f                 bra     `?L1284`
    \ 0019          `?L284`:
    \ 0019 a5..                 lda     zp:_Zp+1
    \ 001b 38                   sec
    \ 001c e928                 sbc     #40
    \ 001e 85..                 sta     zp:_Zp+1
    \ 0020 ad....               lda     BAMsector+2
    \ 0023 85..                 sta     zp:_Zp+8
    \ 0025 ad....               lda     BAMsector+3
    \ 0028          `?L1284`:
    \ 0028 85..                 sta     zp:_Zp+9
    \ 002a ab....               ldz     _Zp
    \ 002d c208                 cpz     #8
    \ 002f b020                 bcs     `?L287`
    \ 0031 20....               jsr     `?L1317`
    \ 0034 9002                 bcc     `?L919`
    \ 0036 e6..                 inc     zp:_Zp+5
    \ 0038          `?L919`:
    \ 0038 20....               jsr     `?L1420`
    \ 003b 48                   pha
    \ 003c 20....               jsr     `?L1387`
    \ 003f aa                   tax
    \ 0040 f006                 beq     `?L921`
    \ 0042          `?L922`:
    \ 0042 cb....               asw     _Zp+2
    \ 0045 ca                   dex
    \ 0046 d0fa                 bne     `?L922`
    \ 0048 68       `?L921`:    pla
    \ 0049 25..                 and     zp:_Zp+2
    \ 004b d3a500               lbne    `?L288`
    \ 004e 4c....               jmp     `?L317`
    \ 0051          `?L287`:
    \ 0051 ab....               ldz     _Zp
    \ 0054 c210                 cpz     #16
    \ 0056 b021                 bcs     `?L294`
    \ 0058 20....               jsr     `?L1317`
    \ 005b 9002                 bcc     `?L924`
    \ 005d e6..                 inc     zp:_Zp+5
    \ 005f          `?L924`:
    \ 005f 20....               jsr     `?L1419`
    \ 0062 48                   pha
    \ 0063 20....               jsr     `?L1387`
    \ 0066 38                   sec
    \ 0067 e908                 sbc     #8
    \ 0069 aa                   tax
    \ 006a f006                 beq     `?L926`
    \ 006c          `?L927`:
    \ 006c cb....               asw     _Zp+2
    \ 006f ca                   dex
    \ 0070 d0fa                 bne     `?L927`
    \ 0072 68       `?L926`:    pla
    \ 0073 25..                 and     zp:_Zp+2
    \ 0075 d07b                 bne     `?L288`
    \ 0077 8076                 bra     `?L317`
    \ 0079          `?L294`:
    \ 0079 ab....               ldz     _Zp
    \ 007c c218                 cpz     #24
    \ 007e b023                 bcs     `?L301`
    \ 0080 20....               jsr     `?L1317`
    \ 0083 9002                 bcc     `?L929`
    \ 0085 e6..                 inc     zp:_Zp+5
    \ 0087          `?L929`:
    \ 0087 e3..                 inw     zp:_Zp+4
    \ 0089 20....               jsr     `?L1419`
    \ 008c 48                   pha
    \ 008d 20....               jsr     `?L1387`
    \ 0090 38                   sec
    \ 0091 e910                 sbc     #16
    \ 0093 aa                   tax
    \ 0094 f006                 beq     `?L931`
    \ 0096          `?L932`:
    \ 0096 cb....               asw     _Zp+2
    \ 0099 ca                   dex
    \ 009a d0fa                 bne     `?L932`
    \ 009c 68       `?L931`:    pla
    \ 009d 25..                 and     zp:_Zp+2
    \ 009f d051                 bne     `?L288`
    \ 00a1 804c                 bra     `?L317`
    \ 00a3          `?L301`:
    \ 00a3 ab....               ldz     _Zp
    \ 00a6 c220                 cpz     #32
    \ 00a8 b025                 bcs     `?L308`
    \ 00aa 20....               jsr     `?L1317`
    \ 00ad 9002                 bcc     `?L934`
    \ 00af e6..                 inc     zp:_Zp+5
    \ 00b1          `?L934`:
    \ 00b1 e3..                 inw     zp:_Zp+4
    \ 00b3 e3..                 inw     zp:_Zp+4
    \ 00b5 20....               jsr     `?L1419`
    \ 00b8 48                   pha
    \ 00b9 20....               jsr     `?L1387`
    \ 00bc 38                   sec
    \ 00bd e918                 sbc     #24
    \ 00bf aa                   tax
    \ 00c0 f006                 beq     `?L936`
    \ 00c2          `?L937`:
    \ 00c2 cb....               asw     _Zp+2
    \ 00c5 ca                   dex
    \ 00c6 d0fa                 bne     `?L937`
    \ 00c8 68       `?L936`:    pla
    \ 00c9 25..                 and     zp:_Zp+2
    \ 00cb d025                 bne     `?L288`
    \ 00cd 8020                 bra     `?L317`
    \ 00cf          `?L308`:
    \ 00cf 20....               jsr     `?L1317`
    \ 00d2 9002                 bcc     `?L939`
    \ 00d4 e6..                 inc     zp:_Zp+5
    \ 00d6 a005     `?L939`:    ldy     #5
    \ 00d8 b1..                 lda     (_Zp+4),y
    \ 00da 48                   pha
    \ 00db 20....               jsr     `?L1387`
    \ 00de 38                   sec
    \ 00df e920                 sbc     #32
    \ 00e1 aa                   tax
    \ 00e2 f006                 beq     `?L941`
    \ 00e4          `?L942`:
    \ 00e4 cb....               asw     _Zp+2
    \ 00e7 ca                   dex
    \ 00e8 d0fa                 bne     `?L942`
    \ 00ea 68       `?L941`:    pla
    \ 00eb 25..                 and     zp:_Zp+2
    \ 00ed d003                 bne     `?L288`
    \ 00ef a901     `?L317`:    lda     #1
    \ 00f1 60                   rts
    \ 00f2 a900     `?L288`:    lda     #0
    \ 00f4 60                   rts
    \ 0000                      .section code,text
    \ 0000                      .public findnextBAMtracksector
    \ 0000          findnextBAMtracksector:
    \ 0000 a2b0                 ldx     #176
    \ 0002 a005                 ldy     #5
    \ 0004 20....               jsr     _AllocStackSave
    \ 0007 85..                 sta     zp:_Zp+12
    \ 0009 20....               jsr     `?L1402`
    \ 000c 85..                 sta     zp:_Zp+27
    \ 000e 20....               jsr     `?L1394`
    \ 0011 a901                 lda     #1
    \ 0013 85..                 sta     zp:_Zp+13
    \ 0015 a900                 lda     #0
    \ 0017 85..                 sta     zp:_Zp+11
    \ 0019 20....               jsr     `?L1456`
    \ 001c a9..                 lda     #.byte0 `??_Initializer0`
    \ 001e 85..                 sta     zp:_Zp+2
    \ 0020 a9..                 lda     #.byte1 `??_Initializer0`
    \ 0022 85..                 sta     zp:_Zp+3
    \ 0024 a250                 ldx     #80
    \ 0026 20....               jsr     _MoveLong16X
    \ 0029 a5..                 lda     zp:_Zp+5
    \ 002b 85..                 sta     zp:_Zp+7
    \ 002d c6..                 dec     zp:_Zp+7
    \ 002f          `?L324`:
    \ 002f a5..                 lda     zp:_Zp+11
    \ 0031 85..                 sta     zp:_Zp
    \ 0033 ab....               ldz     _Zp+7
    \ 0036 d4..                 cpz     zp:_Zp+6
    \ 0038 b35601               lbcs    `?L326`
    \ 003b a228                 ldx     #40
    \ 003d e4..                 cpx     zp:_Zp+4
    \ 003f f01d                 beq     `?L327`
    \ 0041 a5..                 lda     zp:_Zp+12
    \ 0043 d015                 bne     `?L331`
    \ 0045 a5..                 lda     zp:_Zp+7
    \ 0047 a6..                 ldx     zp:_Zp+5
    \ 0049 86..                 stx     zp:_Zp
    \ 004b a200                 ldx     #0
    \ 004d 86..                 stx     zp:_Zp+1
    \ 004f c3..                 dew     zp:_Zp
    \ 0051 38                   sec
    \ 0052 e5..                 sbc     zp:_Zp
    \ 0054 05..                 ora     zp:_Zp+1
    \ 0056 d002                 bne     `?L331`
    \ 0058 e6..                 inc     zp:_Zp+7
    \ 005a          `?L331`:
    \ 005a a5..                 lda     zp:_Zp+7
    \ 005c 8021                 bra     `?L1287`
    \ 005e          `?L327`:
    \ 005e 20....               jsr     `?L1456`
    \ 0061 18                   clc
    \ 0062 a5..                 lda     zp:_Zp
    \ 0064 65..                 adc     zp:_Zp+7
    \ 0066 85..                 sta     zp:_Zp
    \ 0068 9002                 bcc     `?L946`
    \ 006a e6..                 inc     zp:_Zp+1
    \ 006c a000     `?L946`:    ldy     #0
    \ 006e b1..                 lda     (_Zp),y
    \ 0070 85..                 sta     zp:_Zp+8
    \ 0072 a5..                 lda     zp:_Zp+12
    \ 0074 f002                 beq     `?L334`
    \ 0076 e6..                 inc     zp:_Zp+8
    \ 0078 a34f     `?L334`:    ldz     #79
    \ 007a d4..                 cpz     zp:_Zp+8
    \ 007c b003                 bcs     `?L328`
    \ 007e 98                   tya
    \ 007f          `?L1287`:
    \ 007f 85..                 sta     zp:_Zp+8
    \ 0081          `?L328`:
    \ 0081 ab....               ldz     _Zp+8
    \ 0084 c228                 cpz     #40
    \ 0086 b00e                 bcs     `?L339`
    \ 0088 a5..                 lda     zp:_Zp+8
    \ 008a 85..                 sta     zp:_Zp+9
    \ 008c ad....               lda     BAMsector
    \ 008f 85..                 sta     zp:_Zp+14
    \ 0091 ad....               lda     BAMsector+1
    \ 0094 800f                 bra     `?L1286`
    \ 0096          `?L339`:
    \ 0096 a5..                 lda     zp:_Zp+8
    \ 0098 38                   sec
    \ 0099 e928                 sbc     #40
    \ 009b 85..                 sta     zp:_Zp+9
    \ 009d ad....               lda     BAMsector+2
    \ 00a0 85..                 sta     zp:_Zp+14
    \ 00a2 ad....               lda     BAMsector+3
    \ 00a5          `?L1286`:
    \ 00a5 85..                 sta     zp:_Zp+15
    \ 00a7 a900                 lda     #0
    \ 00a9 85..                 sta     zp:_Zp+10
    \ 00ab          `?L343`:
    \ 00ab a5..                 lda     zp:_Zp+11
    \ 00ad 85..                 sta     zp:_Zp
    \ 00af a327                 ldz     #39
    \ 00b1 d4..                 cpz     zp:_Zp+10
    \ 00b3 93d300               lbcc    `?L345`
    \ 00b6 ab....               ldz     _Zp+10
    \ 00b9 c208                 cpz     #8
    \ 00bb b01f                 bcs     `?L346`
    \ 00bd 20....               jsr     `?L1322`
    \ 00c0 9002                 bcc     `?L948`
    \ 00c2 e6..                 inc     zp:_Zp+3
    \ 00c4          `?L948`:
    \ 00c4 20....               jsr     `?L1426`
    \ 00c7 48                   pha
    \ 00c8 20....               jsr     `?L1386`
    \ 00cb aa                   tax
    \ 00cc f005                 beq     `?L950`
    \ 00ce          `?L951`:
    \ 00ce 20....               jsr     `?L1390`
    \ 00d1 d0fb                 bne     `?L951`
    \ 00d3 68       `?L950`:    pla
    \ 00d4 25..                 and     zp:_Zp
    \ 00d6 f3a800               lbeq    `?L347`
    \ 00d9 4c....               jmp     `?L376`
    \ 00dc          `?L346`:
    \ 00dc ab....               ldz     _Zp+10
    \ 00df c210                 cpz     #16
    \ 00e1 b022                 bcs     `?L353`
    \ 00e3 20....               jsr     `?L1322`
    \ 00e6 9002                 bcc     `?L953`
    \ 00e8 e6..                 inc     zp:_Zp+3
    \ 00ea          `?L953`:
    \ 00ea e3..                 inw     zp:_Zp+2
    \ 00ec 20....               jsr     `?L1426`
    \ 00ef 48                   pha
    \ 00f0 20....               jsr     `?L1386`
    \ 00f3 38                   sec
    \ 00f4 e908                 sbc     #8
    \ 00f6 aa                   tax
    \ 00f7 f005                 beq     `?L955`
    \ 00f9          `?L956`:
    \ 00f9 20....               jsr     `?L1390`
    \ 00fc d0fb                 bne     `?L956`
    \ 00fe 68       `?L955`:    pla
    \ 00ff 25..                 and     zp:_Zp
    \ 0101 f07d                 beq     `?L347`
    \ 0103 8077                 bra     `?L376`
    \ 0105          `?L353`:
    \ 0105 ab....               ldz     _Zp+10
    \ 0108 c218                 cpz     #24
    \ 010a b024                 bcs     `?L360`
    \ 010c 20....               jsr     `?L1322`
    \ 010f 9002                 bcc     `?L958`
    \ 0111 e6..                 inc     zp:_Zp+3
    \ 0113          `?L958`:
    \ 0113 e3..                 inw     zp:_Zp+2
    \ 0115 e3..                 inw     zp:_Zp+2
    \ 0117 20....               jsr     `?L1426`
    \ 011a 48                   pha
    \ 011b 20....               jsr     `?L1386`
    \ 011e 38                   sec
    \ 011f e910                 sbc     #16
    \ 0121 aa                   tax
    \ 0122 f005                 beq     `?L960`
    \ 0124          `?L961`:
    \ 0124 20....               jsr     `?L1390`
    \ 0127 d0fb                 bne     `?L961`
    \ 0129 68       `?L960`:    pla
    \ 012a 25..                 and     zp:_Zp
    \ 012c f052                 beq     `?L347`
    \ 012e 804c                 bra     `?L376`
    \ 0130          `?L360`:
    \ 0130 ab....               ldz     _Zp+10
    \ 0133 c220                 cpz     #32
    \ 0135 b026                 bcs     `?L367`
    \ 0137 20....               jsr     `?L1322`
    \ 013a 9002                 bcc     `?L963`
    \ 013c e6..                 inc     zp:_Zp+3
    \ 013e          `?L963`:
    \ 013e e3..                 inw     zp:_Zp+2
    \ 0140 e3..                 inw     zp:_Zp+2
    \ 0142 e3..                 inw     zp:_Zp+2
    \ 0144 20....               jsr     `?L1426`
    \ 0147 48                   pha
    \ 0148 20....               jsr     `?L1386`
    \ 014b 38                   sec
    \ 014c e918                 sbc     #24
    \ 014e aa                   tax
    \ 014f f005                 beq     `?L965`
    \ 0151          `?L966`:
    \ 0151 20....               jsr     `?L1390`
    \ 0154 d0fb                 bne     `?L966`
    \ 0156 68       `?L965`:    pla
    \ 0157 25..                 and     zp:_Zp
    \ 0159 f025                 beq     `?L347`
    \ 015b 801f                 bra     `?L376`
    \ 015d          `?L367`:
    \ 015d 20....               jsr     `?L1322`
    \ 0160 9002                 bcc     `?L968`
    \ 0162 e6..                 inc     zp:_Zp+3
    \ 0164 a005     `?L968`:    ldy     #5
    \ 0166 b1..                 lda     (_Zp+2),y
    \ 0168 48                   pha
    \ 0169 20....               jsr     `?L1386`
    \ 016c 38                   sec
    \ 016d e920                 sbc     #32
    \ 016f aa                   tax
    \ 0170 f005                 beq     `?L970`
    \ 0172          `?L971`:
    \ 0172 20....               jsr     `?L1390`
    \ 0175 d0fb                 bne     `?L971`
    \ 0177 68       `?L970`:    pla
    \ 0178 25..                 and     zp:_Zp
    \ 017a f004                 beq     `?L347`
    \ 017c a901     `?L376`:    lda     #1
    \ 017e 8006                 bra     `?L1285`
    \ 0180          `?L347`:
    \ 0180 a5..                 lda     zp:_Zp+11
    \ 0182 f04b                 beq     `?L344`
    \ 0184 a5..                 lda     zp:_Zp+11
    \ 0186          `?L1285`:
    \ 0186 85..                 sta     zp:_Zp
    \ 0188          `?L345`:
    \ 0188 a5..                 lda     zp:_Zp
    \ 018a f036                 beq     `?L325`
    \ 018c a5..                 lda     zp:_Zp+10
    \ 018e 85..                 sta     zp:_Zp+28
    \ 0190          `?L326`:
    \ 0190 e6..                 inc     zp:_Zp+8
    \ 0192 a5..                 lda     zp:_Zp+8
    \ 0194 85..                 sta     zp:_Zp+29
    \ 0196 a5..                 lda     zp:_Zp
    \ 0198 f017                 beq     `?L386`
    \ 019a 20....               jsr     `?L1462`
    \ 019d a5..                 lda     zp:_Zp+28
    \ 019f 20....               jsr     `?L1328`
    \ 01a2 a5..                 lda     zp:_Zp+29
    \ 01a4 20....               jsr     BAMSectorUpdate
    \ 01a7 a5..                 lda     zp:_Zp+29
    \ 01a9 a000                 ldy     #0
    \ 01ab 91..                 sta     (_Zp+26),y
    \ 01ad a5..                 lda     zp:_Zp+28
    \ 01af 8008                 bra     `?L1288`
    \ 01b1 a9ff     `?L386`:    lda     #-1
    \ 01b3 a000                 ldy     #0
    \ 01b5 91..                 sta     (_Zp+26),y
    \ 01b7 a900                 lda     #0
    \ 01b9          `?L1288`:
    \ 01b9 91..                 sta     (_Zp+24),y
    \ 01bb a250                 ldx     #80
    \ 01bd a005                 ldy     #5
    \ 01bf 4c....               jmp     _DeallocStackRestore
    \ 01c2          `?L325`:
    \ 01c2 e6..                 inc     zp:_Zp+7
    \ 01c4 a5..                 lda     zp:_Zp+10
    \ 01c6 85..                 sta     zp:_Zp+28
    \ 01c8 a5..                 lda     zp:_Zp
    \ 01ca 85..                 sta     zp:_Zp+11
    \ 01cc 4c....               jmp     `?L324`
    \ 01cf          `?L344`:
    \ 01cf e6..                 inc     zp:_Zp+10
    \ 01d1 4c....               jmp     `?L343`
    \ 0000                      .section cdata,rodata
    \ 0000          `??_Initializer0`:
    \ 0000 2629282a             .byte   38,41,40,42,37,43,36,44
    \ 0004 252b242c
    \ 0008 232d222e             .byte   35,45,34,46,33,47,32,48
    \ 000c 212f2030
    \ 0010 1f311e32             .byte   31,49,30,50,29,51,28,52
    \ 0014 1d331c34
    \ 0018 1b351a36             .byte   27,53,26,54,25,55,24,56
    \ 001c 19371838
    \ 0020 1739163a             .byte   23,57,22,58,21,59,20,60
    \ 0024 153b143c
    \ 0028 133d123e             .byte   19,61,18,62,17,63,16,64
    \ 002c 113f1040
    \ 0030 0f410e42             .byte   15,65,14,66,13,67,12,68
    \ 0034 0d430c44
    \ 0038 0b450a46             .byte   11,69,10,70,9,71,8,72
    \ 003c 09470848
    \ 0040 0749064a             .byte   7,73,6,74,5,75,4,76
    \ 0044 054b044c
    \ 0048 034d024e             .byte   3,77,2,78,1,79,0,39
    \ 004c 014f0027
    \ 0000                      .section code,text
    \ 0000                      .public writeblockchain
    \ 0000          writeblockchain:
    \ 0000 a2ef                 ldx     #239
    \ 0002 a001                 ldy     #1
    \ 0004 20....               jsr     _AllocStackSave
    \ 0007 a000                 ldy     #0
    \ 0009 91..                 sta     (_Vsp),y
    \ 000b c8                   iny
    \ 000c 20....               jsr     `?L1373`
    \ 000f a008                 ldy     #8
    \ 0011 20....               jsr     `?L1447`
    \ 0014 a5..                 lda     zp:_Zp+6
    \ 0016 a005                 ldy     #5
    \ 0018 91..                 sta     (_Vsp),y
    \ 001a a5..                 lda     zp:_Zp+7
    \ 001c a00a                 ldy     #10
    \ 001e 91..                 sta     (_Vsp),y
    \ 0020 a900                 lda     #0
    \ 0022 a010                 ldy     #16
    \ 0024 91..                 sta     (_Vsp),y
    \ 0026 a9ff                 lda     #-1
    \ 0028 a00b                 ldy     #11
    \ 002a 91..                 sta     (_Vsp),y
    \ 002c 20....               jsr     `?L1395`
    \ 002f c8                   iny
    \ 0030 ad....               lda     worksector+2
    \ 0033 91..                 sta     (_Vsp),y
    \ 0035 c8                   iny
    \ 0036 ad....               lda     worksector+3
    \ 0039 91..                 sta     (_Vsp),y
    \ 003b a019                 ldy     #25
    \ 003d b1..                 lda     (_Vsp),y
    \ 003f 85..                 sta     zp:_Zp+6
    \ 0041 88                   dey
    \ 0042 b1..                 lda     (_Vsp),y
    \ 0044 85..                 sta     zp:_Zp+5
    \ 0046 a00a                 ldy     #10
    \ 0048 b1..                 lda     (_Vsp),y
    \ 004a 85..                 sta     zp:_Zp+4
    \ 004c a2..                 ldx     #_Zp+2
    \ 004e a90f                 lda     #15
    \ 0050 20....               jsr     _LoadVspEA
    \ 0053 a2..                 ldx     #_Zp
    \ 0055 a90e                 lda     #14
    \ 0057 20....               jsr     _LoadVspEA
    \ 005a a017                 ldy     #23
    \ 005c b1..                 lda     (_Vsp),y
    \ 005e 20....               jsr     findnextBAMtracksector
    \ 0061 a013                 ldy     #19
    \ 0063 20....               jsr     `?L1332`
    \ 0066 a00e                 ldy     #14
    \ 0068 20....               jsr     `?L1427`
    \ 006b a015                 ldy     #21
    \ 006d 20....               jsr     `?L1332`
    \ 0070 a00f                 ldy     #15
    \ 0072 20....               jsr     `?L1427`
    \ 0075 98                   tya
    \ 0076 85..                 sta     zp:_Zp
    \ 0078 85..                 sta     zp:_Zp+1
    \ 007a a006     `?L1291`:   ldy     #6
    \ 007c a5..                 lda     zp:_Zp
    \ 007e 91..                 sta     (_Vsp),y
    \ 0080 c8                   iny
    \ 0081 a5..                 lda     zp:_Zp+1
    \ 0083 91..                 sta     (_Vsp),y
    \ 0085 88                   dey
    \ 0086 20....               jsr     `?L1332`
    \ 0089 18                   clc
    \ 008a c8                   iny
    \ 008b b1..                 lda     (_Vsp),y
    \ 008d a006                 ldy     #6
    \ 008f f1..                 sbc     (_Vsp),y
    \ 0091 a009                 ldy     #9
    \ 0093 b1..                 lda     (_Vsp),y
    \ 0095 a007                 ldy     #7
    \ 0097 f1..                 sbc     (_Vsp),y
    \ 0099 93f800               lbcc    `?L395`
    \ 009c 20....               jsr     `?L1318`
    \ 009f 20....               jsr     `?L1339`
    \ 00a2 a308                 ldz     #8
    \ 00a4 20....               jsr     `?L1405`
    \ 00a7 98                   tya
    \ 00a8 20....               jsr     `?L1374`
    \ 00ab 85..                 sta     zp:_Zp
    \ 00ad a303                 ldz     #3
    \ 00af 4242b2..             ldq     (_Vsp),z
    \ 00b3 20....               jsr     `?L1320`
    \ 00b6 88                   dey
    \ 00b7 b1..                 lda     (_Zp+24),y
    \ 00b9 f013                 beq     `?L397`
    \ 00bb 20....               jsr     `?L1365`
    \ 00be a010                 ldy     #16
    \ 00c0 b1..                 lda     (_Vsp),y
    \ 00c2 a000                 ldy     #0
    \ 00c4 91..                 sta     (_Zp+24),y
    \ 00c6 a00b                 ldy     #11
    \ 00c8 b1..                 lda     (_Vsp),y
    \ 00ca a001                 ldy     #1
    \ 00cc 91..                 sta     (_Zp+24),y
    \ 00ce a000     `?L397`:    ldy     #0
    \ 00d0 b1..                 lda     (_Zp+24),y
    \ 00d2 f3a000               lbeq    `?L399`
    \ 00d5 a00e                 ldy     #14
    \ 00d7 20....               jsr     `?L1453`
    \ 00da a000                 ldy     #0
    \ 00dc b1..                 lda     (_Zp+24),y
    \ 00de c5..                 cmp     zp:_Zp
    \ 00e0 d39200               lbne    `?L399`
    \ 00e3 a00f                 ldy     #15
    \ 00e5 20....               jsr     `?L1453`
    \ 00e8 46..                 lsr     zp:_Zp
    \ 00ea a001                 ldy     #1
    \ 00ec b1..                 lda     (_Zp+24),y
    \ 00ee 4a                   lsr     a
    \ 00ef c5..                 cmp     zp:_Zp
    \ 00f1 d38100               lbne    `?L399`
    \ 00f4 a006                 ldy     #6
    \ 00f6 20....               jsr     `?L1332`
    \ 00f9 e3..                 inw     zp:_Zp
    \ 00fb 88                   dey
    \ 00fc a5..                 lda     zp:_Zp
    \ 00fe 91..                 sta     (_Vsp),y
    \ 0100 c8                   iny
    \ 0101 a5..                 lda     zp:_Zp+1
    \ 0103 91..                 sta     (_Vsp),y
    \ 0105 20....               jsr     `?L1318`
    \ 0108 a00e                 ldy     #14
    \ 010a b1..                 lda     (_Vsp),y
    \ 010c 85..                 sta     zp:_Zp+4
    \ 010e c8                   iny
    \ 010f b1..                 lda     (_Vsp),y
    \ 0111 85..                 sta     zp:_Zp+5
    \ 0113 a900                 lda     #0
    \ 0115 85..                 sta     zp:_Zp+6
    \ 0117 85..                 sta     zp:_Zp+7
    \ 0119 a308                 ldz     #8
    \ 011b 20....               jsr     `?L1405`
    \ 011e 20....               jsr     `?L1467`
    \ 0121 a5..                 lda     zp:_Zp+1
    \ 0123 85..                 sta     zp:_Zp+2
    \ 0125 a5..                 lda     zp:_Zp
    \ 0127 85..                 sta     zp:_Zp+1
    \ 0129 a900                 lda     #0
    \ 012b 85..                 sta     zp:_Zp
    \ 012d a303                 ldz     #3
    \ 012f 4242b2..             ldq     (_Vsp),z
    \ 0133 20....               jsr     `?L1320`
    \ 0136 a00c                 ldy     #12
    \ 0138 20....               jsr     `?L1332`
    \ 013b a000                 ldy     #0
    \ 013d b1..                 lda     (_Zp),y
    \ 013f f019                 beq     `?L403`
    \ 0141 20....               jsr     `?L1365`
    \ 0144 a00c                 ldy     #12
    \ 0146 20....               jsr     `?L1332`
    \ 0149 a010                 ldy     #16
    \ 014b 20....               jsr     `?L1427`
    \ 014e a00c                 ldy     #12
    \ 0150 20....               jsr     `?L1332`
    \ 0153 e3..                 inw     zp:_Zp
    \ 0155 a00b                 ldy     #11
    \ 0157 20....               jsr     `?L1427`
    \ 015a          `?L403`:
    \ 015a 20....               jsr     `?L1397`
    \ 015d 20....               jsr     `?L1331`
    \ 0160 a000                 ldy     #0
    \ 0162 b1..                 lda     (_Vsp),y
    \ 0164 20....               jsr     PutWholeSector
    \ 0167 a00c                 ldy     #12
    \ 0169 20....               jsr     `?L1332`
    \ 016c a000                 ldy     #0
    \ 016e b1..                 lda     (_Zp),y
    \ 0170 91..                 sta     (_Zp+24),y
    \ 0172 800d                 bra     `?L1289`
    \ 0174          `?L399`:
    \ 0174 20....               jsr     `?L1397`
    \ 0177 20....               jsr     `?L1331`
    \ 017a a000                 ldy     #0
    \ 017c b1..                 lda     (_Vsp),y
    \ 017e 20....               jsr     PutOneSector
    \ 0181 a006     `?L1289`:   ldy     #6
    \ 0183 b1..                 lda     (_Vsp),y
    \ 0185 c8                   iny
    \ 0186 b1..                 lda     (_Vsp),y
    \ 0188 a000                 ldy     #0
    \ 018a b1..                 lda     (_Zp+24),y
    \ 018c d061                 bne     `?L406`
    \ 018e a006                 ldy     #6
    \ 0190 20....               jsr     `?L1332`
    \ 0193 a010     `?L395`:    ldy     #16
    \ 0195 b1..                 lda     (_Vsp),y
    \ 0197 f04f                 beq     `?L391`
    \ 0199 a5..                 lda     zp:_Zp
    \ 019b a008                 ldy     #8
    \ 019d d1..                 cmp     (_Vsp),y
    \ 019f a5..                 lda     zp:_Zp+1
    \ 01a1 c8                   iny
    \ 01a2 f1..                 sbc     (_Vsp),y
    \ 01a4 9042                 bcc     `?L391`
    \ 01a6 a9fc                 lda     #-4
    \ 01a8 20....               jsr     _DecVsp
    \ 01ab a30c                 ldz     #12
    \ 01ad 20....               jsr     `?L1405`
    \ 01b0 a900                 lda     #0
    \ 01b2 85..                 sta     zp:_Zp+2
    \ 01b4 85..                 sta     zp:_Zp+3
    \ 01b6 a003                 ldy     #3
    \ 01b8 a5..                 lda     zp:_Zp+3
    \ 01ba 91..                 sta     (_Vsp),y
    \ 01bc 88                   dey
    \ 01bd a5..                 lda     zp:_Zp+2
    \ 01bf 91..                 sta     (_Vsp),y
    \ 01c1 88                   dey
    \ 01c2 a5..                 lda     zp:_Zp+1
    \ 01c4 91..                 sta     (_Vsp),y
    \ 01c6 88                   dey
    \ 01c7 a5..                 lda     zp:_Zp
    \ 01c9 91..                 sta     (_Vsp),y
    \ 01cb a9..                 lda     #.byte0 _StringLiteral_max
    \ 01cd 85..                 sta     zp:_Zp+4
    \ 01cf a9..                 lda     #.byte1 _StringLiteral_max
    \ 01d1 85..                 sta     zp:_Zp+5
    \ 01d3 a9..                 lda     #.byte0 `_StringLiteral_number of sectors too big`
    \ 01d5 85..                 sta     zp:_Zp+2
    \ 01d7 a9..                 lda     #.byte1 `_StringLiteral_number of sectors too big`
    \ 01d9 85..                 sta     zp:_Zp+3
    \ 01db a9..                 lda     #.byte0 `_StringLiteral_Writing file,`
    \ 01dd 85..                 sta     zp:_Zp
    \ 01df a9..                 lda     #.byte1 `_StringLiteral_Writing file,`
    \ 01e1 85..                 sta     zp:_Zp+1
    \ 01e3 a903                 lda     #3
    \ 01e5 20....               jsr     `?L1406`
    \ 01e8 a211     `?L391`:    ldx     #17
    \ 01ea a001                 ldy     #1
    \ 01ec 4c....               jmp     _DeallocStackRestore
    \ 01ef a010     `?L406`:    ldy     #16
    \ 01f1 b1..                 lda     (_Vsp),y
    \ 01f3 a00e                 ldy     #14
    \ 01f5 91..                 sta     (_Vsp),y
    \ 01f7 a00b                 ldy     #11
    \ 01f9 b1..                 lda     (_Vsp),y
    \ 01fb a00f                 ldy     #15
    \ 01fd 91..                 sta     (_Vsp),y
    \ 01ff a006                 ldy     #6
    \ 0201 20....               jsr     `?L1332`
    \ 0204 e3..                 inw     zp:_Zp
    \ 0206 4c....               jmp     `?L1291`
    \ 0000                      .section code,text
    \ 0000                      .public deleteblockchain
    \ 0000          deleteblockchain:
    \ 0000 a200                 ldx     #0
    \ 0002 a009                 ldy     #9
    \ 0004 20....               jsr     `?L1409`
    \ 0007 a5..                 lda     zp:_Zp+2
    \ 0009 85..                 sta     zp:_Zp+25
    \ 000b a5..                 lda     zp:_Zp+3
    \ 000d 85..                 sta     zp:_Zp+24
    \ 000f a901                 lda     #1
    \ 0011 85..                 sta     zp:_Zp+4
    \ 0013 a5..                 lda     zp:_Zp+26
    \ 0015 20....               jsr     `?L1376`
    \ 0018 20....               jsr     `?L1400`
    \ 001b b004                 bcs     `?L416`
    \ 001d a9ff                 lda     #-1
    \ 001f 8077                 bra     `?L414`
    \ 0021          `?L416`:
    \ 0021 ad....               lda     BAMsector
    \ 0024 85..                 sta     zp:_Zp+30
    \ 0026 ad....               lda     BAMsector+1
    \ 0029 85..                 sta     zp:_Zp+31
    \ 002b a001                 ldy     #1
    \ 002d b1..                 lda     (_Zp+30),y
    \ 002f 85..                 sta     zp:_Zp+4
    \ 0031 88                   dey
    \ 0032 b1..                 lda     (_Zp+30),y
    \ 0034 20....               jsr     `?L1377`
    \ 0037 20....               jsr     `?L1400`
    \ 003a b004                 bcs     `?L423`
    \ 003c a9fe                 lda     #-2
    \ 003e 8058                 bra     `?L414`
    \ 0040          `?L423`:
    \ 0040 a5..                 lda     zp:_Zp+25
    \ 0042 f037                 beq     `?L424`
    \ 0044 a5..                 lda     zp:_Zp+24
    \ 0046 85..                 sta     zp:_Zp+4
    \ 0048 a5..                 lda     zp:_Zp+25
    \ 004a 85..                 sta     zp:_Zp+3
    \ 004c a5..                 lda     zp:_Zp+27
    \ 004e 20....               jsr     `?L1358`
    \ 0051 a5..                 lda     zp:_Zp+28
    \ 0053 20....               jsr     GetOneSector
    \ 0056 ad....               lda     worksector
    \ 0059 85..                 sta     zp:_Zp+32
    \ 005b ad....               lda     worksector+1
    \ 005e 85..                 sta     zp:_Zp+33
    \ 0060 a900                 lda     #0
    \ 0062 85..                 sta     zp:_Zp+5
    \ 0064 a5..                 lda     zp:_Zp+24
    \ 0066 20....               jsr     `?L1328`
    \ 0069 a5..                 lda     zp:_Zp+25
    \ 006b 20....               jsr     BAMSectorUpdate
    \ 006e a000                 ldy     #0
    \ 0070 b1..                 lda     (_Zp+32),y
    \ 0072 85..                 sta     zp:_Zp+25
    \ 0074 c8                   iny
    \ 0075 b1..                 lda     (_Zp+32),y
    \ 0077 85..                 sta     zp:_Zp+24
    \ 0079 80c5                 bra     `?L423`
    \ 007b a901     `?L424`:    lda     #1
    \ 007d 85..                 sta     zp:_Zp+4
    \ 007f a5..                 lda     zp:_Zp+26
    \ 0081 20....               jsr     `?L1376`
    \ 0084 20....               jsr     PutOneSector
    \ 0087 a001                 ldy     #1
    \ 0089 b1..                 lda     (_Zp+30),y
    \ 008b 85..                 sta     zp:_Zp+4
    \ 008d 88                   dey
    \ 008e b1..                 lda     (_Zp+30),y
    \ 0090 20....               jsr     `?L1377`
    \ 0093 20....               jsr     PutOneSector
    \ 0096 a900                 lda     #0
    \ 0098 a009     `?L414`:    ldy     #9
    \ 009a 4c....               jmp     _RestoreRegisters
    \ 0000                      .section code,text
    \ 0000                      .public tracksectorstring
    \ 0000          tracksectorstring:
    \ 0000 85..                 sta     zp:_Zp+13
    \ 0002 a5..                 lda     zp:_Zp
    \ 0004 85..                 sta     zp:_Zp+12
    \ 0006 20....               jsr     `?L1434`
    \ 0009 85..                 sta     zp:_Zp+5
    \ 000b a5..                 lda     zp:_Zp+4
    \ 000d 85..                 sta     zp:_Zp
    \ 000f a5..                 lda     zp:_Zp+5
    \ 0011 85..                 sta     zp:_Zp+1
    \ 0013 e3..                 inw     zp:_Zp+4
    \ 0015 a5..                 lda     zp:_Zp
    \ 0017 18                   clc
    \ 0018 69..                 adc     #.byte0 s
    \ 001a 85..                 sta     zp:_Zp
    \ 001c a5..                 lda     zp:_Zp+1
    \ 001e 69..                 adc     #.byte1 s
    \ 0020 85..                 sta     zp:_Zp+1
    \ 0022 a954                 lda     #84
    \ 0024 a000                 ldy     #0
    \ 0026 20....               jsr     `?L1314`
    \ 0029 a972                 lda     #114
    \ 002b 20....               jsr     `?L1314`
    \ 002e a961                 lda     #97
    \ 0030 20....               jsr     `?L1314`
    \ 0033 a963                 lda     #99
    \ 0035 20....               jsr     `?L1314`
    \ 0038 a96b                 lda     #107
    \ 003a 20....               jsr     `?L1314`
    \ 003d a93a                 lda     #58
    \ 003f 20....               jsr     `?L1314`
    \ 0042 a920                 lda     #32
    \ 0044 20....               jsr     `?L1381`
    \ 0047 65..                 adc     zp:_Zp
    \ 0049 48                   pha
    \ 004a 20....               jsr     `?L1375`
    \ 004d 68                   pla
    \ 004e a000                 ldy     #0
    \ 0050 20....               jsr     `?L1381`
    \ 0053 65..                 adc     zp:_Zp+2
    \ 0055 48                   pha
    \ 0056 20....               jsr     `?L1375`
    \ 0059 68                   pla
    \ 005a a000                 ldy     #0
    \ 005c 20....               jsr     `?L1314`
    \ 005f a920                 lda     #32
    \ 0061 20....               jsr     `?L1314`
    \ 0064 a953                 lda     #83
    \ 0066 20....               jsr     `?L1314`
    \ 0069 a965                 lda     #101
    \ 006b 20....               jsr     `?L1314`
    \ 006e a963                 lda     #99
    \ 0070 20....               jsr     `?L1314`
    \ 0073 a974                 lda     #116
    \ 0075 20....               jsr     `?L1314`
    \ 0078 a96f                 lda     #111
    \ 007a 20....               jsr     `?L1314`
    \ 007d a972                 lda     #114
    \ 007f 20....               jsr     `?L1314`
    \ 0082 a93a                 lda     #58
    \ 0084 20....               jsr     `?L1314`
    \ 0087 a920                 lda     #32
    \ 0089 20....               jsr     `?L1379`
    \ 008c 65..                 adc     zp:_Zp
    \ 008e 48                   pha
    \ 008f 20....               jsr     `?L1375`
    \ 0092 68                   pla
    \ 0093 a000                 ldy     #0
    \ 0095 20....               jsr     `?L1379`
    \ 0098 65..                 adc     zp:_Zp+2
    \ 009a 48                   pha
    \ 009b 20....               jsr     `?L1375`
    \ 009e 68                   pla
    \ 009f a000                 ldy     #0
    \ 00a1 91..                 sta     (_Zp),y
    \ 00a3 20....               jsr     `?L1439`
    \ 00a6 18                   clc
    \ 00a7 69..                 adc     #.byte0 s
    \ 00a9 85..                 sta     zp:_Zp
    \ 00ab a5..                 lda     zp:_Zp+1
    \ 00ad 69..                 adc     #.byte1 s
    \ 00af 85..                 sta     zp:_Zp+1
    \ 00b1 98                   tya
    \ 00b2 91..                 sta     (_Zp),y
    \ 00b4 a9..                 lda     #.byte0 s
    \ 00b6 85..                 sta     zp:_Zp
    \ 00b8 a9..                 lda     #.byte1 s
    \ 00ba 85..                 sta     zp:_Zp+1
    \ 00bc 60                   rts
1149
1150                unsigned char copywholedisk(unsigned char legacyHDOSstate,
1151                                            unsigned char srcdrive, unsigned char destdrive,
1152                                            unsigned char side)  {
    \ 0000                      .section code,text
    \ 0000                      .public copywholedisk
    \ 0000          copywholedisk:
    \ 0000 a200                 ldx     #0
    \ 0002 a008                 ldy     #8
    \ 0004 20....               jsr     _AllocStackSave
    \ 0007 85..                 sta     zp:_Zp+32
    \ 0009 a5..                 lda     zp:_Zp
    \ 000b 85..                 sta     zp:_Zp+31
    \ 000d a5..                 lda     zp:_Zp+1
    \ 000f 85..                 sta     zp:_Zp+30
1153                  unsigned char track;
1154                  unsigned char sector;
1155                  unsigned int  i;
1156                  DATABLOCK* ws;
1157                /*
1158                  // if setting allocated BAM blocks only:
1159                  if ((option.option & OPTIONshowALO))  {
1160                    i = 0;
1161                    GetBAM(side);
1162                    for (track = 1; track <= 80; track++)  {
1163                      for (sector = 0; sector < 40; sector++)  {
1164                        if (isallocatedBAMtracksector(track, sector))  {
1165                          progress("Reading...", tracksectorstring(track, sector), i / 64);
1166                          if (GetOneSector(worksectorasBAM[0], srcdrive, track, sector) > 1)  {
1167                            return 0xff;
1168                          }
1169                          ws = worksector[0];
1170                          lcopy((uint32_t) ws, ATTICFILEBUFFER + i * BLOCKSIZE, BLOCKSIZE);
1171
1172                          progress("Writing...", tracksectorstring(track, sector), i / 64 + 50);
1173                          lcopy(ATTICFILEBUFFER + i * BLOCKSIZE, (uint32_t) ws, BLOCKSIZE);
1174                          PutOneSector((BAM *) ws, destdrive, track, sector);
1175                        }
1176                        i++;
1177                      }
1178                    }
1179                  } else  {
1180                */
1181                    i = 0;
    \ 0011 8a                   txa
    \ 0012 85..                 sta     zp:_Zp+26
    \ 0014 85..                 sta     zp:_Zp+27
1182                    for (track = 1; track <= 80; track++)  {
    \ 0016 a901                 lda     #1
    \ 0018 85..                 sta     zp:_Zp+28
    \ 001a a350     `?L435`:    ldz     #80
    \ 001c d4..                 cpz     zp:_Zp+28
    \ 001e b3a300               lbcs    `?L434`
1183                      for (sector = 0; sector < 40; sector += 2)  {
1184                        if (!(option.option & OPTIONshowALO) ||
1185                            isallocatedBAMtracksector(track, sector) ||
1186                            isallocatedBAMtracksector(track, sector + 1))  {
1187                          progress("Reading...", tracksectorstring(track, sector), i / 64);
1188                          if (GetWholeSector(legacyHDOSstate,
1189                                          worksectorasBAM[0], srcdrive, track, sector) > 1)  {
1190                            return 0xff;
1191                          }
1192                          ws = worksector[0];
1193                          lcopy((uint32_t) ws, ATTICFILEBUFFER + i * BLOCKSIZE, BLOCKSIZE * 2);
1194                          i += 2;
1195                        }
1196                      }
1197                    }
1198                    i = 0;
    \ 0021 a900                 lda     #0
    \ 0023 85..                 sta     zp:_Zp+28
    \ 0025 85..                 sta     zp:_Zp+29
1199                    for (track = 1; track <= 80; track++)  {
    \ 0027 a901                 lda     #1
    \ 0029 85..                 sta     zp:_Zp+26
    \ 002b a350     `?L450`:    ldz     #80
    \ 002d d4..                 cpz     zp:_Zp+26
    \ 002f b005                 bcs     `?L449`
1200                      for (sector = 0; sector < 40; sector += 2)  {
1201                        if (!(option.option & OPTIONshowALO) ||
1202                            isallocatedBAMtracksector(track, sector) ||
1203                            isallocatedBAMtracksector(track, sector + 1))  {
1204                          progress("Writing...", tracksectorstring(track, sector), i / 64 + 50);
1205                          lcopy(ATTICFILEBUFFER + i * BLOCKSIZE, (uint32_t) ws, BLOCKSIZE * 2);
1206                          PutWholeSector(legacyHDOSstate,
1207                                         (BAM *) ws, destdrive, track, sector);
1208                          i += 2;
1209                        }
1210                      }
1211                    }
1212                //  }
1213                  return 0;
    \ 0031 a900                 lda     #0
    \ 0033 4c....               jmp     `?L433`
    \ 0036 a900     `?L449`:    lda     #0
    \ 0038 85..                 sta     zp:_Zp+27
    \ 003a          `?L454`:
    \ 003a ab....               ldz     _Zp+27
    \ 003d c228                 cpz     #40
    \ 003f 9004                 bcc     `?L453`
    \ 0041 e6..                 inc     zp:_Zp+26
    \ 0043 80e6                 bra     `?L450`
    \ 0045 a902     `?L453`:    lda     #2
    \ 0047 2c....               bit     option
    \ 004a f01a                 beq     `?L459`
    \ 004c a5..                 lda     zp:_Zp+27
    \ 004e 85..                 sta     zp:_Zp
    \ 0050 a5..                 lda     zp:_Zp+26
    \ 0052 20....               jsr     isallocatedBAMtracksector
    \ 0055 aa                   tax
    \ 0056 d00e                 bne     `?L459`
    \ 0058 a5..                 lda     zp:_Zp+27
    \ 005a 85..                 sta     zp:_Zp
    \ 005c e6..                 inc     zp:_Zp
    \ 005e a5..                 lda     zp:_Zp+26
    \ 0060 20....               jsr     isallocatedBAMtracksector
    \ 0063 aa                   tax
    \ 0064 f056                 beq     `?L455`
    \ 0066          `?L459`:
    \ 0066 a5..                 lda     zp:_Zp+27
    \ 0068 85..                 sta     zp:_Zp
    \ 006a a5..                 lda     zp:_Zp+26
    \ 006c 20....               jsr     tracksectorstring
    \ 006f a5..                 lda     zp:_Zp+28
    \ 0071 85..                 sta     zp:_Zp+4
    \ 0073 a5..                 lda     zp:_Zp+29
    \ 0075 85..                 sta     zp:_Zp+5
    \ 0077 a206                 ldx     #6
    \ 0079 f007                 beq     `?L1010`
    \ 007b          `?L1011`:
    \ 007b 46..                 lsr     zp:_Zp+5
    \ 007d 66..                 ror     zp:_Zp+4
    \ 007f ca                   dex
    \ 0080 d0f9                 bne     `?L1011`
    \ 0082          `?L1010`:
    \ 0082 20....               jsr     `?L1450`
    \ 0085 20....               jsr     `?L1396`
    \ 0088 a5..                 lda     zp:_Zp+4
    \ 008a 18                   clc
    \ 008b 6932                 adc     #50
    \ 008d 20....               jsr     progress
    \ 0090 20....               jsr     `?L1347`
    \ 0093 20....               jsr     `?L1339`
    \ 0096 20....               jsr     `?L1458`
    \ 0099 98                   tya
    \ 009a 20....               jsr     `?L1374`
    \ 009d 85..                 sta     zp:_Zp
    \ 009f a26a                 ldx     #106
    \ 00a1 a308                 ldz     #8
    \ 00a3 20....               jsr     `?L1320`
    \ 00a6 a5..                 lda     zp:_Zp+27
    \ 00a8 85..                 sta     zp:_Zp+4
    \ 00aa a5..                 lda     zp:_Zp+26
    \ 00ac 85..                 sta     zp:_Zp+3
    \ 00ae a5..                 lda     zp:_Zp+30
    \ 00b0 85..                 sta     zp:_Zp+2
    \ 00b2 20....               jsr     `?L1331`
    \ 00b5 20....               jsr     `?L1460`
    \ 00b8 e3..                 inw     zp:_Zp+28
    \ 00ba e3..                 inw     zp:_Zp+28
    \ 00bc          `?L455`:
    \ 00bc e6..                 inc     zp:_Zp+27
    \ 00be e6..                 inc     zp:_Zp+27
    \ 00c0 4c....               jmp     `?L454`
    \ 00c3 a900     `?L434`:    lda     #0
    \ 00c5 85..                 sta     zp:_Zp+29
    \ 00c7          `?L439`:
    \ 00c7 ab....               ldz     _Zp+29
    \ 00ca c228                 cpz     #40
    \ 00cc 9005                 bcc     `?L438`
    \ 00ce e6..                 inc     zp:_Zp+28
    \ 00d0 4c....               jmp     `?L435`
    \ 00d3 a902     `?L438`:    lda     #2
    \ 00d5 2c....               bit     option
    \ 00d8 f01a                 beq     `?L444`
    \ 00da a5..                 lda     zp:_Zp+29
    \ 00dc 85..                 sta     zp:_Zp
    \ 00de a5..                 lda     zp:_Zp+28
    \ 00e0 20....               jsr     isallocatedBAMtracksector
    \ 00e3 aa                   tax
    \ 00e4 d00e                 bne     `?L444`
    \ 00e6 a5..                 lda     zp:_Zp+29
    \ 00e8 85..                 sta     zp:_Zp
    \ 00ea e6..                 inc     zp:_Zp
    \ 00ec a5..                 lda     zp:_Zp+28
    \ 00ee 20....               jsr     isallocatedBAMtracksector
    \ 00f1 aa                   tax
    \ 00f2 f076                 beq     `?L440`
    \ 00f4          `?L444`:
    \ 00f4 a5..                 lda     zp:_Zp+29
    \ 00f6 85..                 sta     zp:_Zp
    \ 00f8 a5..                 lda     zp:_Zp+28
    \ 00fa 20....               jsr     tracksectorstring
    \ 00fd 20....               jsr     `?L1450`
    \ 0100 85..                 sta     zp:_Zp+3
    \ 0102 a9..                 lda     #.byte0 `_StringLiteral_Reading...`
    \ 0104 85..                 sta     zp:_Zp
    \ 0106 a9..                 lda     #.byte1 `_StringLiteral_Reading...`
    \ 0108 85..                 sta     zp:_Zp+1
    \ 010a a5..                 lda     zp:_Zp+26
    \ 010c 85..                 sta     zp:_Zp+4
    \ 010e a5..                 lda     zp:_Zp+27
    \ 0110 85..                 sta     zp:_Zp+5
    \ 0112 a206                 ldx     #6
    \ 0114 f007                 beq     `?L1021`
    \ 0116          `?L1022`:
    \ 0116 46..                 lsr     zp:_Zp+5
    \ 0118 66..                 ror     zp:_Zp+4
    \ 011a ca                   dex
    \ 011b d0f9                 bne     `?L1022`
    \ 011d          `?L1021`:
    \ 011d a5..                 lda     zp:_Zp+4
    \ 011f 20....               jsr     progress
    \ 0122 a5..                 lda     zp:_Zp+29
    \ 0124 85..                 sta     zp:_Zp+4
    \ 0126 a5..                 lda     zp:_Zp+28
    \ 0128 85..                 sta     zp:_Zp+3
    \ 012a a5..                 lda     zp:_Zp+31
    \ 012c 20....               jsr     `?L1358`
    \ 012f a5..                 lda     zp:_Zp+32
    \ 0131 20....               jsr     GetWholeSector
    \ 0134 85..                 sta     zp:_Zp
    \ 0136 a301                 ldz     #1
    \ 0138 d4..                 cpz     zp:_Zp
    \ 013a b007                 bcs     `?L446`
    \ 013c a9ff                 lda     #-1
    \ 013e          `?L433`:
1214                }
    \ 013e a008                 ldy     #8
    \ 0140 4c....               jmp     _RestoreRegisters
    \ 0143          `?L446`:
    \ 0143 20....               jsr     `?L1395`
    \ 0146 20....               jsr     `?L1347`
    \ 0149 a5..                 lda     zp:_Zp+27
    \ 014b 85..                 sta     zp:_Zp+1
    \ 014d a5..                 lda     zp:_Zp+26
    \ 014f 85..                 sta     zp:_Zp
    \ 0151 98                   tya
    \ 0152 20....               jsr     `?L1374`
    \ 0155 85..                 sta     zp:_Zp
    \ 0157 a26a                 ldx     #106
    \ 0159 20....               jsr     `?L1356`
    \ 015c 424285..             stq     zp:_Zp+4
    \ 0160 20....               jsr     `?L1369`
    \ 0163 20....               jsr     `?L1329`
    \ 0166 e3..                 inw     zp:_Zp+26
    \ 0168 e3..                 inw     zp:_Zp+26
    \ 016a          `?L440`:
    \ 016a e6..                 inc     zp:_Zp+29
    \ 016c e6..                 inc     zp:_Zp+29
    \ 016e 4c....               jmp     `?L439`
1215
1216                // this is a mixture of storage card and C= file types:
1217                unsigned char gettype(unsigned char type, unsigned char * s, unsigned char i)  {
    \ 0000                      .section code,text
    \ 0000                      .public gettype
    \ 0000          gettype:
    \ 0000 85..                 sta     zp:_Zp+3
1218                  if (type & HYPPODIRENTATTR)  {
    \ 0002 6f..30               bbr6    zp:_Zp+3,`?L464`
1219                    switch (type & (~HYPPODIRENTATTR)) {
    \ 0005 67..                 rmb6    zp:_Zp+3
    \ 0007 a210                 ldx     #16
    \ 0009 e4..                 cpx     zp:_Zp+3
    \ 000b f014                 beq     `?L470`
1220                      case HYPPODIRENTATTRDIR:
1221                        s[i++] = 'D';
1222                        s[i++] = 'I';
1223                        s[i++] = 'R';
1224                      break;
1225                      default:
1226                        s[i++] = ' ';
    \ 000d a5..                 lda     zp:_Zp+2
    \ 000f e6..                 inc     zp:_Zp+2
    \ 0011 4b                   taz
    \ 0012 a920                 lda     #32
1227                        s[i++] = ' ';
1228                        s[i++] = ' ';
    \ 0014 20....               jsr     `?L1349`
    \ 0017 a920                 lda     #32
    \ 0019 20....               jsr     `?L1349`
    \ 001c a920                 lda     #32
1229                      break;
    \ 001e 4c....               jmp     `?L1292`
    \ 0021          `?L470`:
    \ 0021 a5..                 lda     zp:_Zp+2
    \ 0023 e6..                 inc     zp:_Zp+2
    \ 0025 4b                   taz
    \ 0026 a944                 lda     #68
    \ 0028 20....               jsr     `?L1349`
    \ 002b a949                 lda     #73
    \ 002d 20....               jsr     `?L1349`
    \ 0030 a952                 lda     #82
    \ 0032 4c....               jmp     `?L1292`
    \ 0035          `?L464`:
1230                    }
1231                  } else {
1232                    switch (type & 0xf) {
    \ 0035 a90f                 lda     #15
    \ 0037 25..                 and     zp:_Zp+3
    \ 0039 3a                   dec     a
    \ 003a 85..                 sta     zp:_Zp+3
    \ 003c a304                 ldz     #4
    \ 003e d4..                 cpz     zp:_Zp+3
    \ 0040 9066                 bcc     `?L475`
    \ 0042 a5..                 lda     zp:_Zp+3
    \ 0044 0a                   asl     a
    \ 0045 aa                   tax
    \ 0046 7c....               jmp     (`?L637`,x)
    \ 0049          `?L476`:
1233                      case VAL_DOSFTYPE_SEQ:
1234                        s[i++] = 'S';
1235                        s[i++] = 'E';
1236                        s[i++] = 'Q';
1237                      break;
1238                      case VAL_DOSFTYPE_PRG:
1239                        s[i++] = 'P';
1240                        s[i++] = 'R';
1241                        s[i++] = 'G';
1242                      break;
1243                      case VAL_DOSFTYPE_USR:
1244                        s[i++] = 'U';
1245                        s[i++] = 'S';
1246                        s[i++] = 'R';
1247                      break;
1248                      case VAL_DOSFTYPE_REL:
1249                        s[i++] = 'R';
1250                        s[i++] = 'E';
1251                        s[i++] = 'L';
1252                      break;
1253                      case VAL_DOSFTYPE_CBM:
1254                        s[i++] = 'C';
    \ 0049 a5..                 lda     zp:_Zp+2
    \ 004b e6..                 inc     zp:_Zp+2
    \ 004d 4b                   taz
    \ 004e a943                 lda     #67
1255                        s[i++] = 'B';
1256                        s[i++] = 'M';
    \ 0050 20....               jsr     `?L1349`
    \ 0053 a942                 lda     #66
    \ 0055 20....               jsr     `?L1349`
    \ 0058 a94d                 lda     #77
1257                      break;
    \ 005a 805d                 bra     `?L1292`
    \ 005c          `?L477`:
    \ 005c a5..                 lda     zp:_Zp+2
    \ 005e e6..                 inc     zp:_Zp+2
    \ 0060 4b                   taz
    \ 0061 a952                 lda     #82
    \ 0063 20....               jsr     `?L1349`
    \ 0066 a945                 lda     #69
    \ 0068 20....               jsr     `?L1349`
    \ 006b a94c                 lda     #76
    \ 006d 804a                 bra     `?L1292`
    \ 006f          `?L478`:
    \ 006f a5..                 lda     zp:_Zp+2
    \ 0071 e6..                 inc     zp:_Zp+2
    \ 0073 4b                   taz
    \ 0074 a955                 lda     #85
    \ 0076 20....               jsr     `?L1349`
    \ 0079 a953                 lda     #83
    \ 007b 20....               jsr     `?L1349`
    \ 007e a952                 lda     #82
    \ 0080 8037                 bra     `?L1292`
    \ 0082          `?L479`:
    \ 0082 a5..                 lda     zp:_Zp+2
    \ 0084 e6..                 inc     zp:_Zp+2
    \ 0086 4b                   taz
    \ 0087 a950                 lda     #80
    \ 0089 20....               jsr     `?L1349`
    \ 008c a952                 lda     #82
    \ 008e 20....               jsr     `?L1349`
    \ 0091 a947                 lda     #71
    \ 0093 8024                 bra     `?L1292`
    \ 0095          `?L480`:
    \ 0095 a5..                 lda     zp:_Zp+2
    \ 0097 e6..                 inc     zp:_Zp+2
    \ 0099 4b                   taz
    \ 009a a953                 lda     #83
    \ 009c 20....               jsr     `?L1349`
    \ 009f a945                 lda     #69
    \ 00a1 20....               jsr     `?L1349`
    \ 00a4 a951                 lda     #81
    \ 00a6 8011                 bra     `?L1292`
    \ 00a8          `?L475`:
1258                      default: // VAL_DOSFTYPE_DEL
1259                        s[i++] = 'D';
    \ 00a8 a5..                 lda     zp:_Zp+2
    \ 00aa e6..                 inc     zp:_Zp+2
    \ 00ac 4b                   taz
    \ 00ad a944                 lda     #68
1260                        s[i++] = 'E';
1261                        s[i++] = 'L';
    \ 00af 20....               jsr     `?L1349`
    \ 00b2 a945                 lda     #69
    \ 00b4 20....               jsr     `?L1349`
    \ 00b7 a94c                 lda     #76
    \ 00b9          `?L1292`:
    \ 00b9 92..                 sta     (_Zp),z
1262                      break;
1263                    }
1264                  }
1265                  return i;
    \ 00bb a5..                 lda     zp:_Zp+2
1266                }
    \ 00bd 60                   rts
1267
1268                DIRENT* getdirententry(unsigned char side, unsigned int entry)  {
    \ 0000                      .section code,text
    \ 0000                      .public getdirententry
    \ 0000          getdirententry:
    \ 0000 a200                 ldx     #0
    \ 0002 a00a                 ldy     #10
    \ 0004 20....               jsr     _AllocStackSave
    \ 0007 85..                 sta     zp:_Zp+34
    \ 0009 20....               jsr     `?L1402`
    \ 000c 85..                 sta     zp:_Zp+27
1269                  unsigned int i;
1270                  unsigned int pos;
1271                  DIRENT* ds;
1272                  unsigned int max = ENTRIESPERBLOCK;
    \ 000e a908                 lda     #8
    \ 0010 85..                 sta     zp:_Zp+28
    \ 0012 a900                 lda     #0
    \ 0014 85..                 sta     zp:_Zp+29
1273
1274                  ds = &readdir_dirent->direntryblock[0];
1275
1276                  for (i = 0, pos = 0; i < max; i++)  {
    \ 0016 20....               jsr     `?L1444`
    \ 0019 85..                 sta     zp:_Zp+24
    \ 001b 8a                   txa
    \ 001c 6d....               adc     readdir_dirent+1
    \ 001f 85..                 sta     zp:_Zp+25
    \ 0021 8a                   txa
    \ 0022 85..                 sta     zp:_Zp+32
    \ 0024 85..                 sta     zp:_Zp+33
    \ 0026 85..                 sta     zp:_Zp+30
    \ 0028 85..                 sta     zp:_Zp+31
    \ 002a          `?L492`:
    \ 002a a5..                 lda     zp:_Zp+32
    \ 002c c5..                 cmp     zp:_Zp+28
    \ 002e a5..                 lda     zp:_Zp+33
    \ 0030 e5..                 sbc     zp:_Zp+29
    \ 0032 9006                 bcc     `?L491`
1277                    // lcopy(uint32_t source_address, uint32_t destination_address, uint16_t count);
1278                    lcopy(ATTICDIRENTBUFFER + side * ATTICDIRENTSIZE + i * DIRENTSIZE,
1279                          (uint32_t) ds, DIRENTSIZE);
1280
1281                //    if (ds->track == 0)  return NULL; // no more entries
1282                    if ((ds->chntrack > 0) &&
1283                        ((i % ENTRIESPERBLOCK) == 0))  {
1284                      max += ENTRIESPERBLOCK; // more attic pages
1285                    }
1286                    // if a non-deleted or a SD card file (hence no mask) ?
1287                    if (ds->type != VAL_DOSFTYPE_DEL || (option.option & OPTIONshowDEL))  {
1288                      if (pos == entry)  return ds; // found
1289                      pos++;
1290                    }
1291
1292                #ifdef DEBUG
1293                    if (ds->track > 0)  {
1294                      mprintf("direntry ", i);
1295                      mh4printf(" is: ", (long) &ds);
1296                      memcpy(dosfilename, ds->name, DOSFILENAMELEN);
1297                      dosfilename[DOSFILENAMELEN] = 0; // proper null termination
1298                      msprintf(" name ");
1299                //        msprintf((char *) dosfilename);
1300                      mprintf(" chntrk ", ds->chntrack);
1301                      mprintf(" chnsect ", ds->chnsector);
1302                      mhprintf(" type ", ds->type&0xf);
1303                      mprintf(" trk ", ds->track);
1304                      mprintf(" sect ", ds->sector);
1305                      mprintf(" size ", ds->size);
1306                      mhprintf(" access ", ds->access);
1307                      cputln();
1308                    }
1309                #endif
1310                  }
1311                //  cgetc();
1312                  return NULL;
    \ 0034 a900                 lda     #0
    \ 0036 85..                 sta     zp:_Zp
    \ 0038 806d                 bra     `?L1293`
    \ 003a          `?L491`:
    \ 003a a6..                 ldx     zp:_Zp+34
    \ 003c 20....               jsr     `?L1311`
    \ 003f f005                 beq     `?L1030`
    \ 0041          `?L1031`:
    \ 0041 20....               jsr     `?L1364`
    \ 0044 d0fb                 bne     `?L1031`
    \ 0046          `?L1030`:
    \ 0046 20....               jsr     _SpillZP
    \ 0049 04..                 .byte   4,_Zp+4
    \ 004b 20....               jsr     _FillQ
    \ 004e 20....               jsr     `?L1323`
    \ 0051 20....               jsr     `?L1429`
    \ 0054 20....               jsr     `?L1339`
    \ 0057 aa                   tax
    \ 0058 20....               jsr     `?L1356`
    \ 005b 48                   pha
    \ 005c da                   phx
    \ 005d 5a                   phy
    \ 005e db                   phz
    \ 005f a5..                 lda     zp:_Zp+32
    \ 0061 85..                 sta     zp:_Zp
    \ 0063 a5..                 lda     zp:_Zp+33
    \ 0065 20....               jsr     `?L1361`
    \ 0068 f005                 beq     `?L1034`
    \ 006a          `?L1035`:
    \ 006a 20....               jsr     `?L1390`
    \ 006d d0fb                 bne     `?L1035`
    \ 006f a900     `?L1034`:   lda     #0
    \ 0071 85..                 sta     zp:_Zp+2
    \ 0073 85..                 sta     zp:_Zp+3
    \ 0075 fb                   plz
    \ 0076 7a                   ply
    \ 0077 fa                   plx
    \ 0078 68                   pla
    \ 0079 20....               jsr     `?L1320`
    \ 007c 88                   dey
    \ 007d b1..                 lda     (_Zp+24),y
    \ 007f f009                 beq     `?L496`
    \ 0081 a5..                 lda     zp:_Zp+32
    \ 0083 2907                 and     #7
    \ 0085 d003                 bne     `?L496`
    \ 0087 20....               jsr     `?L1415`
    \ 008a a002     `?L496`:    ldy     #2
    \ 008c b1..                 lda     (_Zp+24),y
    \ 008e d005                 bne     `?L500`
    \ 0090 20....               jsr     `?L1449`
    \ 0093 f01b                 beq     `?L493`
    \ 0095          `?L500`:
    \ 0095 a5..                 lda     zp:_Zp+26
    \ 0097 c5..                 cmp     zp:_Zp+30
    \ 0099 d013                 bne     `?L502`
    \ 009b a5..                 lda     zp:_Zp+27
    \ 009d c5..                 cmp     zp:_Zp+31
    \ 009f d00d                 bne     `?L502`
    \ 00a1 a5..                 lda     zp:_Zp+24
    \ 00a3 85..                 sta     zp:_Zp
    \ 00a5 a5..                 lda     zp:_Zp+25
    \ 00a7          `?L1293`:
    \ 00a7 85..                 sta     zp:_Zp+1
1313                }
    \ 00a9 a00a                 ldy     #10
    \ 00ab 4c....               jmp     _RestoreRegisters
    \ 00ae          `?L502`:
    \ 00ae e3..                 inw     zp:_Zp+30
    \ 00b0          `?L493`:
    \ 00b0 e3..                 inw     zp:_Zp+32
    \ 00b2 4c....               jmp     `?L492`
1314                unsigned char getdirent(unsigned char legacyHDOSstate, unsigned char drive,
1315                                        unsigned char side, unsigned char dirtrack)  {
    \ 0000                      .section code,text
    \ 0000                      .public getdirent
    \ 0000          getdirent:
    \ 0000 20....               jsr     `?L1385`
    \ 0003 85..                 sta     zp:_Zp+16
    \ 0005 a5..                 lda     zp:_Zp
    \ 0007 85..                 sta     zp:_Zp+6
    \ 0009 a5..                 lda     zp:_Zp+1
    \ 000b 85..                 sta     zp:_Zp+26
1316                  signed int entry; // counts below zero
1317
1318                  // _miniInit();
1319                /*
1320                  msprintf("before readblockchain");
1321                  cputln();
1322                  cgetc();
1323                */
1324                  if (readblockchain(legacyHDOSstate,
1325                                     ATTICDIRENTBUFFER + side * ATTICDIRENTSIZE,
1326                                     DIRENTBLOCKS, drive, dirtrack, DIRENTSECT) > 1)  {
    \ 000d a6..                 ldx     zp:_Zp+26
    \ 000f 20....               jsr     `?L1455`
    \ 0012 20....               jsr     `?L1370`
    \ 0015 20....               jsr     `?L1403`
    \ 0018 f007                 beq     `?L1041`
    \ 001a          `?L1042`:
    \ 001a 424206..             aslq    zp:_Zp+12
    \ 001e ca                   dex
    \ 001f d0f9                 bne     `?L1042`
    \ 0021          `?L1041`:
    \ 0021 20....               jsr     _SpillZP
    \ 0024 04..                 .byte   4,_Zp+12
    \ 0026 20....               jsr     _FillQ
    \ 0029 38                   sec
    \ 002a 4242e5..             sbcq    zp:_Zp+8
    \ 002e 424285..             stq     zp:_Zp+8
    \ 0032 a9ff                 lda     #-1
    \ 0034 20....               jsr     _DecVsp
    \ 0037 a903                 lda     #3
    \ 0039 a000                 ldy     #0
    \ 003b 91..                 sta     (_Vsp),y
    \ 003d a5..                 lda     zp:_Zp+2
    \ 003f 85..                 sta     zp:_Zp+7
    \ 0041 a91f                 lda     #31
    \ 0043 85..                 sta     zp:_Zp+4
    \ 0045 a900                 lda     #0
    \ 0047 85..                 sta     zp:_Zp+5
    \ 0049 aa                   tax
    \ 004a a308                 ldz     #8
    \ 004c 18                   clc
    \ 004d 424265..             adcq    zp:_Zp+8
    \ 0051 424285..             stq     zp:_Zp
    \ 0055 a5..                 lda     zp:_Zp+16
    \ 0057 20....               jsr     `?L1445`
    \ 005a 85..                 sta     zp:_Zp
    \ 005c a301                 ldz     #1
    \ 005e d4..                 cpz     zp:_Zp
    \ 0060 900c                 bcc     `?L516`
1327                    return 0xff;
1328                  }
1329                /*
1330                  msprintf("after readblockchain");
1331                  cputln();
1332                  cgetc();
1333                */
1334                  for (entry = NBRENTRIES; entry >= 0; entry--)  {
    \ 0062 a9f8                 lda     #248
    \ 0064 85..                 sta     zp:_Zp+24
    \ 0066 a900                 lda     #0
    \ 0068 85..                 sta     zp:_Zp+25
    \ 006a          `?L514`:
    \ 006a a5..                 lda     zp:_Zp+25
    \ 006c 1004                 bpl     `?L513`
    \ 006e          `?L516`:
1335                //    if (entry < 10)  valuesbox(0, "loop entries", "entry=", entry, " ", 0);
1336                    if (getdirententry(side, entry) != NULL)  return entry;  // nbr of entries
1337                  }
1338                  return 0xff;
    \ 006e a9ff                 lda     #-1
    \ 0070 8010                 bra     `?L508`
    \ 0072          `?L513`:
    \ 0072 20....               jsr     `?L1331`
    \ 0075 a5..                 lda     zp:_Zp+26
    \ 0077 20....               jsr     getdirententry
    \ 007a a5..                 lda     zp:_Zp
    \ 007c 05..                 ora     zp:_Zp+1
    \ 007e f007                 beq     `?L515`
    \ 0080 a5..                 lda     zp:_Zp+24
    \ 0082          `?L508`:
1339                }
    \ 0082 a002                 ldy     #2
    \ 0084 4c....               jmp     _RestoreRegisters
    \ 0087          `?L515`:
    \ 0087 c3..                 dew     zp:_Zp+24
    \ 0089 80df                 bra     `?L514`
1340
1341                // start track/sector must be present in newds:
1342                void writenewdirententry(unsigned char legacyHDOSstate,
1343                                         unsigned char drive, unsigned char side,
1344                                         unsigned char dirtrack,
1345                                         unsigned char firsttrack, unsigned char lasttrack,
1346                                         DIRENT* newds)  {
    \ 0000                      .section code,text
    \ 0000                      .public writenewdirententry
    \ 0000          writenewdirententry:
    \ 0000 a2ef                 ldx     #239
    \ 0002 a006                 ldy     #6
    \ 0004 20....               jsr     _AllocStackSave
    \ 0007 85..                 sta     zp:_Zp+30
    \ 0009 20....               jsr     `?L1457`
    \ 000c 85..                 sta     zp:_Zp+28
    \ 000e a5..                 lda     zp:_Zp+2
    \ 0010 88                   dey
    \ 0011 91..                 sta     (_Vsp),y
    \ 0013 a5..                 lda     zp:_Zp+3
    \ 0015 a000                 ldy     #0
    \ 0017 91..                 sta     (_Vsp),y
    \ 0019 a5..                 lda     zp:_Zp+4
    \ 001b c8                   iny
    \ 001c 91..                 sta     (_Vsp),y
    \ 001e a00f                 ldy     #15
    \ 0020 20....               jsr     `?L1448`
1347                  unsigned char i;
1348                  unsigned char topdirent = 0;  // keep number of first dirent of current sector
    \ 0023 a900                 lda     #0
    \ 0025 85..                 sta     zp:_Zp
1349                  DIRENT* ds;
1350                //  DIRENT* newds;
1351                  unsigned int max = ENTRIESPERBLOCK;
    \ 0027 a908                 lda     #8
    \ 0029 85..                 sta     zp:_Zp+2
1352                  unsigned char track = dirtrack;
1353                  unsigned char sector = DIRENTSECT;  // @@ to be changed for sector chained by t=40, s=0
1354                  unsigned char nexttrack = 0;
1355                  unsigned char nextsector = 0;
1356
1357                  // _miniInit();
1358
1359                  // blatantly misuse the unfilled DIRENT buffer:
1360                  ds = &readdir_dirent->direntryblock[1];
1361
1362                  // first try overwriting DEL file entry:
1363                  for (i = 0; i < max; i++)  {
    \ 002b 20....               jsr     `?L1467`
    \ 002e a006                 ldy     #6
    \ 0030 20....               jsr     `?L1333`
    \ 0033 a903                 lda     #3
    \ 0035 85..                 sta     zp:_Zp+4
    \ 0037 a900                 lda     #0
    \ 0039 a00c                 ldy     #12
    \ 003b 91..                 sta     (_Vsp),y
    \ 003d c8                   iny
    \ 003e 91..                 sta     (_Vsp),y
    \ 0040 18                   clc
    \ 0041 a9e0                 lda     #224
    \ 0043 6d....               adc     readdir_dirent
    \ 0046 85..                 sta     zp:_Zp+24
    \ 0048 a900                 lda     #0
    \ 004a 6d....               adc     readdir_dirent+1
    \ 004d 85..                 sta     zp:_Zp+25
    \ 004f a900                 lda     #0
    \ 0051 85..                 sta     zp:_Zp+29
    \ 0053 a5..                 lda     zp:_Zp
    \ 0055 c8                   iny
    \ 0056 91..                 sta     (_Vsp),y
    \ 0058 20....               jsr     `?L1435`
    \ 005b a5..                 lda     zp:_Zp+1
    \ 005d a009                 ldy     #9
    \ 005f 91..                 sta     (_Vsp),y
    \ 0061 a5..                 lda     zp:_Zp+4
    \ 0063 88       `?L1295`:   dey
    \ 0064 91..                 sta     (_Vsp),y
    \ 0066 a5..                 lda     zp:_Zp+29
    \ 0068 a00a                 ldy     #10
    \ 006a d1..                 cmp     (_Vsp),y
    \ 006c a900                 lda     #0
    \ 006e c8                   iny
    \ 006f f1..                 sbc     (_Vsp),y
    \ 0071 931802               lbcc    `?L525`
1364                    // lcopy(uint32_t source_address, uint32_t destination_address, uint16_t count);
1365                    lcopy(ATTICDIRENTBUFFER + side * ATTICDIRENTSIZE + i * DIRENTSIZE,
1366                          (uint32_t) ds, DIRENTSIZE);
1367
1368                    if ((i % ENTRIESPERBLOCK) == 0)  {
1369                      topdirent = i;
1370                      // not for the first iteration:
1371                      if (i > 0)  {
1372                        track = nexttrack;
1373                        sector = nextsector;
1374                      }
1375                    }
1376                    if (ds->chntrack > 0)  {
1377                      max += ENTRIESPERBLOCK; // more attic pages
1378                      nexttrack = ds->chntrack;  // chain for where to write dirent sector
1379                      nextsector = ds->chnsector;
1380                    }
1381                    if ((ds->type&0xf) == VAL_DOSFTYPE_DEL)  {
1382                      newds->chntrack = ds->chntrack;  // keep blockchain
1383                      newds->chnsector = ds->chnsector;
1384                      lcopy((uint32_t) newds,
1385                            ATTICDIRENTBUFFER + side * ATTICDIRENTSIZE + i * DIRENTSIZE,
1386                            DIRENTSIZE);
1387
1388                #ifdef DEBUG
1389                      mprintf("writenewdirententry i=", i);
1390                      mprintf(" ofs=", side * ATTICDIRENTSIZE +
1391                                       i / (BLOCKSIZE / DIRENTSIZE) * BLOCKSIZE);
1392                      mprintf(" side=", sector % 2);
1393                      mprintf(" newds->track=", newds->track);
1394                      mprintf(" newds->sector=", newds->sector);
1395                      cputln();
1396                      mprintf("track=", track);
1397                      mprintf(" sector=", sector);
1398                      mprintf(" nexttrack=", nexttrack);
1399                      mprintf(" nextsector=", nextsector);
1400                      mprintf(" type=", (newds->type&0xf));
1401                      cputln();
1402                      mh4printf(" ds addr=", (long) ds);
1403                      mh4printf(" newds addr=", (long) newds);
1404                      cputln();
1405                      cgetc();
1406                #endif
1407
1408                      lcopy(ATTICDIRENTBUFFER + side * ATTICDIRENTSIZE +
1409                              i / (BLOCKSIZE / DIRENTSIZE) * BLOCKSIZE,
1410                            BLOCKDATALOW, BLOCKSIZE);
1411                      PutOneSector(legacyHDOSstate,
1412                                   (BAM *) worksectorasBAM[0], drive, track, sector);
1413                #ifdef DEBUG
1414                      msprintf("writenewdirententry done");
1415                      cputln();
1416                      cgetc();
1417                #endif
1418                      return;
1419                    }
1420
1421                #ifdef DEBUG
1422                    if (ds->track > 0)  {
1423                      mprintf("writedirentry ", i);
1424                      mh4printf(" is: ", (long) &ds);
1425                      memcpy(dosfilename, ds->name, DOSFILENAMELEN);
1426                      dosfilename[DOSFILENAMELEN] = 0; // proper null termination
1427                      msprintf(" name ");
1428                //        msprintf((char *) dosfilename);
1429                      mprintf(" chntrk ", ds->chntrack);
1430                      mprintf(" chnsect ", ds->chnsector);
1431                      mhprintf(" type ", ds->type&0xf);
1432                      mprintf(" trk ", ds->track);
1433                      mprintf(" sect ", ds->sector);
1434                      mprintf(" size ", ds->size);
1435                      mhprintf(" access ", ds->access);
1436                      cputln();
1437                      cgetc();
1438                    }
1439                #endif
1440                  }
1441                  
1442                  // peek first dirent of full block to set new chain:
1443                  lcopy(ATTICDIRENTBUFFER + side * ATTICDIRENTSIZE + topdirent * DIRENTSIZE,
    \ 0074 a6..                 ldx     zp:_Zp+28
    \ 0076 20....               jsr     `?L1311`
    \ 0079 f005                 beq     `?L1049`
    \ 007b          `?L1050`:
    \ 007b 20....               jsr     `?L1364`
    \ 007e d0fb                 bne     `?L1050`
    \ 0080          `?L1049`:
    \ 0080 20....               jsr     _SpillZP
    \ 0083 04..                 .byte   4,_Zp+4
    \ 0085 20....               jsr     _FillQ
    \ 0088 20....               jsr     `?L1323`
    \ 008b 20....               jsr     `?L1429`
    \ 008e 20....               jsr     `?L1339`
    \ 0091 aa                   tax
    \ 0092 20....               jsr     `?L1356`
    \ 0095 48                   pha
    \ 0096 da                   phx
    \ 0097 5a                   phy
    \ 0098 db                   phz
    \ 0099 a010                 ldy     #16
    \ 009b 20....               jsr     `?L1453`
    \ 009e 20....               jsr     `?L1360`
    \ 00a1 f005                 beq     `?L1053`
    \ 00a3          `?L1054`:
    \ 00a3 20....               jsr     `?L1390`
    \ 00a6 d0fb                 bne     `?L1054`
    \ 00a8          `?L1053`:
    \ 00a8 20....               jsr     `?L1438`
    \ 00ab 3002                 bmi     `?L1056`
    \ 00ad a900                 lda     #0
    \ 00af          `?L1056`:
    \ 00af 85..                 sta     zp:_Zp+2
    \ 00b1 85..                 sta     zp:_Zp+3
    \ 00b3 fb                   plz
    \ 00b4 7a                   ply
    \ 00b5 fa                   plx
    \ 00b6 68                   pla
    \ 00b7 20....               jsr     `?L1320`
1444                        (uint32_t) ds, DIRENTSIZE);
1445                  // dirent already full, establish an additional sector:
1446                  // @@ sector strategy needed
1447                  findnextBAMtracksector(&nexttrack, &nextsector, TRUE, dirtrack,
    \ 00ba b1..                 lda     (_Vsp),y
    \ 00bc 85..                 sta     zp:_Zp+6
    \ 00be 88                   dey
    \ 00bf b1..                 lda     (_Vsp),y
    \ 00c1 85..                 sta     zp:_Zp+5
    \ 00c3 a006                 ldy     #6
    \ 00c5 b1..                 lda     (_Vsp),y
    \ 00c7 85..                 sta     zp:_Zp+4
    \ 00c9 a2..                 ldx     #_Zp+2
    \ 00cb a90d                 lda     #13
    \ 00cd 20....               jsr     _LoadVspEA
    \ 00d0 a2..                 ldx     #_Zp
    \ 00d2 a90c                 lda     #12
    \ 00d4 20....               jsr     _LoadVspEA
    \ 00d7 a901                 lda     #1
    \ 00d9 20....               jsr     findnextBAMtracksector
1448                                         firsttrack, lasttrack);
1449                  ds->chntrack = nexttrack;
    \ 00dc a00c                 ldy     #12
    \ 00de b1..                 lda     (_Vsp),y
    \ 00e0 a000                 ldy     #0
    \ 00e2 91..                 sta     (_Zp+24),y
1450                  ds->chnsector = nextsector;
    \ 00e4 a00d                 ldy     #13
    \ 00e6 b1..                 lda     (_Vsp),y
    \ 00e8 a001                 ldy     #1
    \ 00ea 91..                 sta     (_Zp+24),y
1451                  // write new chain:
1452                  lcopy((uint32_t) ds, // first dirent is the new one
    \ 00ec a6..                 ldx     zp:_Zp+28
    \ 00ee 20....               jsr     `?L1311`
    \ 00f1 f005                 beq     `?L1063`
    \ 00f3          `?L1064`:
    \ 00f3 20....               jsr     `?L1364`
    \ 00f6 d0fb                 bne     `?L1064`
    \ 00f8          `?L1063`:
    \ 00f8 20....               jsr     _SpillZP
    \ 00fb 04..                 .byte   4,_Zp+4
    \ 00fd 20....               jsr     _FillQ
    \ 0100 20....               jsr     `?L1323`
    \ 0103 20....               jsr     `?L1429`
    \ 0106 a900                 lda     #0
    \ 0108 aa                   tax
    \ 0109 20....               jsr     `?L1356`
    \ 010c 48                   pha
    \ 010d da                   phx
    \ 010e 5a                   phy
    \ 010f db                   phz
    \ 0110 a010                 ldy     #16
    \ 0112 20....               jsr     `?L1453`
    \ 0115 20....               jsr     `?L1360`
    \ 0118 f005                 beq     `?L1067`
    \ 011a          `?L1068`:
    \ 011a 20....               jsr     `?L1390`
    \ 011d d0fb                 bne     `?L1068`
    \ 011f          `?L1067`:
    \ 011f 20....               jsr     `?L1438`
    \ 0122 3002                 bmi     `?L1070`
    \ 0124 a900                 lda     #0
    \ 0126          `?L1070`:
    \ 0126 85..                 sta     zp:_Zp+2
    \ 0128 85..                 sta     zp:_Zp+3
    \ 012a fb                   plz
    \ 012b 7a                   ply
    \ 012c fa                   plx
    \ 012d 68                   pla
    \ 012e 20....               jsr     `?L1357`
    \ 0131 424285..             stq     zp:_Zp+4
    \ 0135 20....               jsr     `?L1331`
    \ 0138 20....               jsr     `?L1329`
1453                        ATTICDIRENTBUFFER + side * ATTICDIRENTSIZE + topdirent * DIRENTSIZE,
1454                        DIRENTSIZE);
1455                  // dirty, copy attic back to block buffer and save it:
1456                  lcopy(ATTICDIRENTBUFFER + side * ATTICDIRENTSIZE +
    \ 013b a6..                 ldx     zp:_Zp+28
    \ 013d 20....               jsr     `?L1311`
    \ 0140 f005                 beq     `?L1074`
    \ 0142          `?L1075`:
    \ 0142 20....               jsr     `?L1364`
    \ 0145 d0fb                 bne     `?L1075`
    \ 0147          `?L1074`:
    \ 0147 20....               jsr     _SpillZP
    \ 014a 04..                 .byte   4,_Zp+4
    \ 014c 20....               jsr     _FillQ
    \ 014f 20....               jsr     `?L1353`
    \ 0152 424285..             stq     zp:_Zp
    \ 0156 20....               jsr     `?L1318`
    \ 0159 a219                 ldx     #25
    \ 015b 4b                   taz
    \ 015c 424285..             stq     zp:_Zp+4
    \ 0160 a010                 ldy     #16
    \ 0162 b1..                 lda     (_Vsp),y
    \ 0164 20....               jsr     `?L1454`
    \ 0167 6b                   tza
    \ 0168 85..                 sta     zp:_Zp+9
    \ 016a 20....               jsr     `?L1370`
    \ 016d 6b                   tza
    \ 016e 85..                 sta     zp:_Zp+8
    \ 0170 4242a5..             ldq     zp:_Zp+8
    \ 0174 20....               jsr     `?L1320`
1457                        topdirent / (BLOCKSIZE / DIRENTSIZE) * BLOCKSIZE,
1458                        BLOCKDATALOW, BLOCKSIZE);
1459                  PutOneSector(legacyHDOSstate,
    \ 0177 a008                 ldy     #8
    \ 0179 b1..                 lda     (_Vsp),y
    \ 017b 85..                 sta     zp:_Zp+4
    \ 017d c8                   iny
    \ 017e b1..                 lda     (_Vsp),y
    \ 0180 20....               jsr     `?L1451`
    \ 0183 20....               jsr     `?L1358`
    \ 0186 20....               jsr     `?L1459`
1460                               (BAM *) worksectorasBAM[0], drive, track, sector);
1461                #ifdef DEBUG
1462                      mprintf("first sector set, i=", i);
1463                      cputln();
1464                      cgetc();
1465                #endif
1466
1467                  // i is already incremented after the loop, so step into next dirent block
1468                  lfill(ATTICDIRENTBUFFER + side * ATTICDIRENTSIZE + i * DIRENTSIZE,
    \ 0189 a6..                 ldx     zp:_Zp+28
    \ 018b 20....               jsr     `?L1311`
    \ 018e f005                 beq     `?L1081`
    \ 0190          `?L1082`:
    \ 0190 20....               jsr     `?L1364`
    \ 0193 d0fb                 bne     `?L1082`
    \ 0195          `?L1081`:
    \ 0195 20....               jsr     _SpillZP
    \ 0198 04..                 .byte   4,_Zp+4
    \ 019a 20....               jsr     _FillQ
    \ 019d 38                   sec
    \ 019e 4242e5..             sbcq    zp:_Zp
    \ 01a2 424285..             stq     zp:_Zp
    \ 01a6 20....               jsr     `?L1434`
    \ 01a9 20....               jsr     `?L1462`
    \ 01ac 20....               jsr     `?L1355`
    \ 01af 48                   pha
    \ 01b0 da                   phx
    \ 01b1 5a                   phy
    \ 01b2 db                   phz
    \ 01b3 20....               jsr     `?L1359`
    \ 01b6 f005                 beq     `?L1084`
    \ 01b8          `?L1085`:
    \ 01b8 20....               jsr     `?L1390`
    \ 01bb d0fb                 bne     `?L1085`
    \ 01bd          `?L1084`:
    \ 01bd 20....               jsr     `?L1438`
    \ 01c0 3002                 bmi     `?L1087`
    \ 01c2 a900                 lda     #0
    \ 01c4          `?L1087`:
    \ 01c4 85..                 sta     zp:_Zp+2
    \ 01c6 85..                 sta     zp:_Zp+3
    \ 01c8 fb                   plz
    \ 01c9 7a                   ply
    \ 01ca fa                   plx
    \ 01cb 68                   pla
    \ 01cc 20....               jsr     `?L1357`
    \ 01cf 424285..             stq     zp:_Zp
    \ 01d3 a900                 lda     #0
    \ 01d5 20....               jsr     lfill
1469                        0, BLOCKSIZE); // zero the whole block to fill one dirent after
1470                  newds->chntrack = 0;  // indicate end of chain
    \ 01d8 a00f                 ldy     #15
1471                  newds->chnsector = 0xff;
1472                  lcopy((uint32_t) newds, // first dirent is the new one
    \ 01da 20....               jsr     `?L1332`
    \ 01dd a900                 lda     #0
    \ 01df a000                 ldy     #0
    \ 01e1 91..                 sta     (_Zp),y
    \ 01e3 a00f                 ldy     #15
    \ 01e5 20....               jsr     `?L1332`
    \ 01e8 e3..                 inw     zp:_Zp
    \ 01ea a9ff                 lda     #-1
    \ 01ec a000                 ldy     #0
    \ 01ee 91..                 sta     (_Zp),y
    \ 01f0 a6..                 ldx     zp:_Zp+28
    \ 01f2 86..                 stx     zp:_Zp
    \ 01f4 a900                 lda     #0
    \ 01f6 85..                 sta     zp:_Zp+1
    \ 01f8 20....               jsr     `?L1374`
    \ 01fb 20....               jsr     `?L1313`
    \ 01fe f005                 beq     `?L1090`
    \ 0200          `?L1091`:
    \ 0200 20....               jsr     `?L1364`
    \ 0203 d0fb                 bne     `?L1091`
    \ 0205          `?L1090`:
    \ 0205 20....               jsr     _SpillZP
    \ 0208 04..                 .byte   4,_Zp+4
    \ 020a 20....               jsr     _FillQ
    \ 020d 20....               jsr     `?L1323`
    \ 0210 20....               jsr     `?L1429`
    \ 0213 a900                 lda     #0
    \ 0215 aa                   tax
    \ 0216 20....               jsr     `?L1356`
    \ 0219 48                   pha
    \ 021a da                   phx
    \ 021b 5a                   phy
    \ 021c db                   phz
    \ 021d 20....               jsr     `?L1359`
    \ 0220 f005                 beq     `?L1094`
    \ 0222          `?L1095`:
    \ 0222 20....               jsr     `?L1390`
    \ 0225 d0fb                 bne     `?L1095`
    \ 0227          `?L1094`:
    \ 0227 20....               jsr     `?L1438`
    \ 022a 3002                 bmi     `?L1097`
    \ 022c a900                 lda     #0
    \ 022e          `?L1097`:
    \ 022e 85..                 sta     zp:_Zp+2
    \ 0230 85..                 sta     zp:_Zp+3
    \ 0232 fb                   plz
    \ 0233 7a                   ply
    \ 0234 fa                   plx
    \ 0235 68                   pla
    \ 0236 20....               jsr     `?L1357`
    \ 0239 424285..             stq     zp:_Zp+4
    \ 023d a011                 ldy     #17
    \ 023f 20....               jsr     `?L1332`
    \ 0242 20....               jsr     `?L1329`
1473                        ATTICDIRENTBUFFER + side * ATTICDIRENTSIZE + i * DIRENTSIZE,
1474                        DIRENTSIZE);
1475
1476                  // dirty, copy attic back to block buffer and save it:
1477                  lcopy(ATTICDIRENTBUFFER + side * ATTICDIRENTSIZE +
    \ 0245 a6..                 ldx     zp:_Zp+28
    \ 0247 20....               jsr     `?L1311`
    \ 024a f005                 beq     `?L1101`
    \ 024c          `?L1102`:
    \ 024c 20....               jsr     `?L1364`
    \ 024f d0fb                 bne     `?L1102`
    \ 0251          `?L1101`:
    \ 0251 20....               jsr     _SpillZP
    \ 0254 04..                 .byte   4,_Zp+4
    \ 0256 20....               jsr     _FillQ
    \ 0259 20....               jsr     `?L1353`
    \ 025c 424285..             stq     zp:_Zp
    \ 0260 20....               jsr     `?L1318`
    \ 0263 a219                 ldx     #25
    \ 0265 4b                   taz
    \ 0266 424285..             stq     zp:_Zp+4
    \ 026a a5..                 lda     zp:_Zp+29
    \ 026c 20....               jsr     `?L1454`
    \ 026f 98                   tya
    \ 0270 85..                 sta     zp:_Zp+9
    \ 0272 20....               jsr     `?L1370`
    \ 0275 98                   tya
    \ 0276 85..                 sta     zp:_Zp+8
    \ 0278 4242a5..             ldq     zp:_Zp+8
    \ 027c 20....               jsr     `?L1320`
1478                        i / (BLOCKSIZE / DIRENTSIZE) * BLOCKSIZE,
1479                        BLOCKDATALOW, BLOCKSIZE);
1480                  PutOneSector(legacyHDOSstate,
    \ 027f a00d                 ldy     #13
    \ 0281 b1..                 lda     (_Vsp),y
    \ 0283 85..                 sta     zp:_Zp+4
    \ 0285 88                   dey
    \ 0286 b1..                 lda     (_Vsp),y
    \ 0288 4c....               jmp     `?L1297`
    \ 028b          `?L525`:
    \ 028b a6..                 ldx     zp:_Zp+28
    \ 028d 20....               jsr     `?L1311`
    \ 0290 f005                 beq     `?L1108`
    \ 0292          `?L1109`:
    \ 0292 20....               jsr     `?L1364`
    \ 0295 d0fb                 bne     `?L1109`
    \ 0297          `?L1108`:
    \ 0297 20....               jsr     _SpillZP
    \ 029a 04..                 .byte   4,_Zp+4
    \ 029c 20....               jsr     _FillQ
    \ 029f 38                   sec
    \ 02a0 4242e5..             sbcq    zp:_Zp
    \ 02a4 424285..             stq     zp:_Zp
    \ 02a8 a002                 ldy     #2
    \ 02aa 20....               jsr     `?L1373`
    \ 02ad 20....               jsr     `?L1325`
    \ 02b0 20....               jsr     `?L1429`
    \ 02b3 20....               jsr     `?L1339`
    \ 02b6 a304                 ldz     #4
    \ 02b8 4242b2..             ldq     (_Vsp),z
    \ 02bc 20....               jsr     `?L1354`
    \ 02bf 48                   pha
    \ 02c0 da                   phx
    \ 02c1 5a                   phy
    \ 02c2 db                   phz
    \ 02c3 20....               jsr     `?L1359`
    \ 02c6 f005                 beq     `?L1112`
    \ 02c8          `?L1113`:
    \ 02c8 20....               jsr     `?L1390`
    \ 02cb d0fb                 bne     `?L1113`
    \ 02cd          `?L1112`:
    \ 02cd 20....               jsr     `?L1438`
    \ 02d0 3002                 bmi     `?L1115`
    \ 02d2 a900                 lda     #0
    \ 02d4          `?L1115`:
    \ 02d4 85..                 sta     zp:_Zp+2
    \ 02d6 85..                 sta     zp:_Zp+3
    \ 02d8 fb                   plz
    \ 02d9 7a                   ply
    \ 02da fa                   plx
    \ 02db 68                   pla
    \ 02dc 20....               jsr     `?L1320`
    \ 02df a907                 lda     #7
    \ 02e1 24..                 bit     zp:_Zp+29
    \ 02e3 d011                 bne     `?L529`
    \ 02e5 a5..                 lda     zp:_Zp+29
    \ 02e7 85..                 sta     zp:_Zp
    \ 02e9 a5..                 lda     zp:_Zp+29
    \ 02eb f00e                 beq     `?L532`
    \ 02ed a00c                 ldy     #12
    \ 02ef b1..                 lda     (_Vsp),y
    \ 02f1 85..                 sta     zp:_Zp+26
    \ 02f3 c8                   iny
    \ 02f4 800c                 bra     `?L1294`
    \ 02f6 a00e     `?L529`:    ldy     #14
    \ 02f8 20....               jsr     `?L1453`
    \ 02fb a009     `?L532`:    ldy     #9
    \ 02fd b1..                 lda     (_Vsp),y
    \ 02ff 85..                 sta     zp:_Zp+26
    \ 0301 88                   dey
    \ 0302          `?L1294`:
    \ 0302 b1..                 lda     (_Vsp),y
    \ 0304 85..                 sta     zp:_Zp+27
    \ 0306 a000                 ldy     #0
    \ 0308 b1..                 lda     (_Zp+24),y
    \ 030a f022                 beq     `?L535`
    \ 030c a908                 lda     #8
    \ 030e a00a                 ldy     #10
    \ 0310 18                   clc
    \ 0311 71..                 adc     (_Vsp),y
    \ 0313 85..                 sta     zp:_Zp+2
    \ 0315 a900                 lda     #0
    \ 0317 c8                   iny
    \ 0318 71..                 adc     (_Vsp),y
    \ 031a 85..                 sta     zp:_Zp+3
    \ 031c a000                 ldy     #0
    \ 031e b1..                 lda     (_Zp+24),y
    \ 0320 a00c                 ldy     #12
    \ 0322 91..                 sta     (_Vsp),y
    \ 0324 a001                 ldy     #1
    \ 0326 b1..                 lda     (_Zp+24),y
    \ 0328 a00d                 ldy     #13
    \ 032a 91..                 sta     (_Vsp),y
    \ 032c 800a                 bra     `?L536`
    \ 032e a00a     `?L535`:    ldy     #10
    \ 0330 20....               jsr     `?L1398`
    \ 0333 c8                   iny
    \ 0334 b1..                 lda     (_Vsp),y
    \ 0336 85..                 sta     zp:_Zp+3
    \ 0338 a90f     `?L536`:    lda     #15
    \ 033a a302                 ldz     #2
    \ 033c 32..                 and     (_Zp+24),z
    \ 033e d3be00               lbne    `?L527`
    \ 0341 a00f                 ldy     #15
    \ 0343 20....               jsr     `?L1332`
    \ 0346 a000                 ldy     #0
    \ 0348 b1..                 lda     (_Zp+24),y
    \ 034a 91..                 sta     (_Zp),y
    \ 034c a00f                 ldy     #15
    \ 034e 20....               jsr     `?L1332`
    \ 0351 e3..                 inw     zp:_Zp
    \ 0353 a001                 ldy     #1
    \ 0355 b1..                 lda     (_Zp+24),y
    \ 0357 88                   dey
    \ 0358 91..                 sta     (_Zp),y
    \ 035a a6..                 ldx     zp:_Zp+28
    \ 035c 86..                 stx     zp:_Zp
    \ 035e 98                   tya
    \ 035f 85..                 sta     zp:_Zp+1
    \ 0361 20....               jsr     `?L1374`
    \ 0364 20....               jsr     `?L1313`
    \ 0367 f005                 beq     `?L1119`
    \ 0369          `?L1120`:
    \ 0369 20....               jsr     `?L1364`
    \ 036c d0fb                 bne     `?L1120`
    \ 036e          `?L1119`:
    \ 036e 20....               jsr     _SpillZP
    \ 0371 04..                 .byte   4,_Zp+4
    \ 0373 20....               jsr     _FillQ
    \ 0376 20....               jsr     `?L1323`
    \ 0379 20....               jsr     `?L1429`
    \ 037c a900                 lda     #0
    \ 037e aa                   tax
    \ 037f 20....               jsr     `?L1356`
    \ 0382 48                   pha
    \ 0383 da                   phx
    \ 0384 5a                   phy
    \ 0385 db                   phz
    \ 0386 20....               jsr     `?L1359`
    \ 0389 f005                 beq     `?L1123`
    \ 038b          `?L1124`:
    \ 038b 20....               jsr     `?L1390`
    \ 038e d0fb                 bne     `?L1124`
    \ 0390          `?L1123`:
    \ 0390 20....               jsr     `?L1438`
    \ 0393 3002                 bmi     `?L1126`
    \ 0395 a900                 lda     #0
    \ 0397          `?L1126`:
    \ 0397 85..                 sta     zp:_Zp+2
    \ 0399 85..                 sta     zp:_Zp+3
    \ 039b fb                   plz
    \ 039c 7a                   ply
    \ 039d fa                   plx
    \ 039e 68                   pla
    \ 039f 20....               jsr     `?L1357`
    \ 03a2 424285..             stq     zp:_Zp+4
    \ 03a6 a011                 ldy     #17
    \ 03a8 20....               jsr     `?L1332`
    \ 03ab 20....               jsr     `?L1329`
    \ 03ae a6..                 ldx     zp:_Zp+28
    \ 03b0 20....               jsr     `?L1311`
    \ 03b3 f005                 beq     `?L1130`
    \ 03b5          `?L1131`:
    \ 03b5 20....               jsr     `?L1364`
    \ 03b8 d0fb                 bne     `?L1131`
    \ 03ba          `?L1130`:
    \ 03ba 20....               jsr     _SpillZP
    \ 03bd 04..                 .byte   4,_Zp+4
    \ 03bf 20....               jsr     _FillQ
    \ 03c2 20....               jsr     `?L1353`
    \ 03c5 424285..             stq     zp:_Zp
    \ 03c9 20....               jsr     `?L1318`
    \ 03cc a219                 ldx     #25
    \ 03ce 4b                   taz
    \ 03cf 424285..             stq     zp:_Zp+4
    \ 03d3 a5..                 lda     zp:_Zp+29
    \ 03d5 20....               jsr     `?L1454`
    \ 03d8 98                   tya
    \ 03d9 85..                 sta     zp:_Zp+9
    \ 03db 20....               jsr     `?L1370`
    \ 03de 98                   tya
    \ 03df 85..                 sta     zp:_Zp+8
    \ 03e1 4242a5..             ldq     zp:_Zp+8
    \ 03e5 20....               jsr     `?L1320`
    \ 03e8 a5..                 lda     zp:_Zp+27
    \ 03ea 85..                 sta     zp:_Zp+4
    \ 03ec a5..                 lda     zp:_Zp+26
    \ 03ee          `?L1297`:
    \ 03ee 20....               jsr     `?L1451`
    \ 03f1 20....               jsr     `?L1358`
    \ 03f4 20....               jsr     `?L1459`
1481                               (BAM *) worksectorasBAM[0], drive, nexttrack, nextsector);
1482                //  messagebox(0, "directory entries exhausted");
1483                }
    \ 03f7 a211                 ldx     #17
    \ 03f9 a006                 ldy     #6
    \ 03fb 4c....               jmp     _DeallocStackRestore
    \ 03fe          `?L527`:
    \ 03fe e6..                 inc     zp:_Zp+29
    \ 0400 a5..                 lda     zp:_Zp
    \ 0402 a00e                 ldy     #14
    \ 0404 91..                 sta     (_Vsp),y
    \ 0406 20....               jsr     `?L1435`
    \ 0409 a5..                 lda     zp:_Zp+26
    \ 040b a009                 ldy     #9
    \ 040d 91..                 sta     (_Vsp),y
    \ 040f a5..                 lda     zp:_Zp+27
    \ 0411 4c....               jmp     `?L1295`
1484
1485                void deletedirententry(unsigned char legacyHDOSstate,
1486                                       unsigned char drive, unsigned char side,
1487                                       unsigned char dirtrack, unsigned char entry)  {
    \ 0000                      .section code,text
    \ 0000                      .public deletedirententry
    \ 0000          deletedirententry:
    \ 0000 a2f4                 ldx     #244
    \ 0002 a008                 ldy     #8
    \ 0004 20....               jsr     _AllocStackSave
    \ 0007 85..                 sta     zp:_Zp+28
    \ 0009 20....               jsr     `?L1457`
    \ 000c a00b                 ldy     #11
    \ 000e 91..                 sta     (_Vsp),y
    \ 0010 a5..                 lda     zp:_Zp+2
    \ 0012 a008                 ldy     #8
    \ 0014 91..                 sta     (_Vsp),y
    \ 0016 a5..                 lda     zp:_Zp+3
    \ 0018 a000                 ldy     #0
    \ 001a 91..                 sta     (_Vsp),y
1488                  unsigned char i;
1489                  unsigned int s;
1490                  unsigned char pos;
1491                  unsigned char filetypebefore;
1492                  DIRENT* ds;
1493                  unsigned int max = ENTRIESPERBLOCK;
    \ 001c a908                 lda     #8
    \ 001e 85..                 sta     zp:_Zp+30
    \ 0020 a900                 lda     #0
    \ 0022 85..                 sta     zp:_Zp+31
1494                  unsigned char track = dirtrack;
    \ 0024 a008                 ldy     #8
1495                  unsigned char sector = DIRENTSECT;  // @@ to be changed for sector chained by t=40, s=0
1496                  unsigned char nexttrack = 0;
1497                  unsigned char nextsector = 0;
1498
1499                  // _miniInit();
1500
1501                  ds = &readdir_dirent->direntryblock[0];
1502
1503                  // loop all entries:
1504                  for (i = 0, pos = 0; i < max; i++)  {
    \ 0026 20....               jsr     `?L1453`
    \ 0029 a903                 lda     #3
    \ 002b 85..                 sta     zp:_Zp+1
    \ 002d a900                 lda     #0
    \ 002f 85..                 sta     zp:_Zp+2
    \ 0031 85..                 sta     zp:_Zp+3
    \ 0033 20....               jsr     `?L1444`
    \ 0036 85..                 sta     zp:_Zp+26
    \ 0038 a900                 lda     #0
    \ 003a 6d....               adc     readdir_dirent+1
    \ 003d 85..                 sta     zp:_Zp+27
    \ 003f a900                 lda     #0
    \ 0041 85..                 sta     zp:_Zp+29
    \ 0043 85..                 sta     zp:_Zp+32
    \ 0045 a5..                 lda     zp:_Zp
    \ 0047 a002                 ldy     #2
    \ 0049 91..                 sta     (_Vsp),y
    \ 004b a5..                 lda     zp:_Zp+1
    \ 004d 88                   dey
    \ 004e 91..                 sta     (_Vsp),y
    \ 0050 a5..                 lda     zp:_Zp+2
    \ 0052 a00a                 ldy     #10
    \ 0054 91..                 sta     (_Vsp),y
    \ 0056 a5..                 lda     zp:_Zp+3
    \ 0058 88       `?L1300`:   dey
    \ 0059 91..                 sta     (_Vsp),y
    \ 005b a5..                 lda     zp:_Zp+29
    \ 005d c5..                 cmp     zp:_Zp+30
    \ 005f a900                 lda     #0
    \ 0061 e5..                 sbc     zp:_Zp+31
    \ 0063 b39401               lbcs    `?L544`
1505                    // lcopy(uint32_t source_address, uint32_t destination_address, uint16_t count);
1506                    lcopy(ATTICDIRENTBUFFER + side * ATTICDIRENTSIZE + i * DIRENTSIZE,
    \ 0066 20....               jsr     `?L1452`
    \ 0069 20....               jsr     `?L1312`
    \ 006c f005                 beq     `?L1138`
    \ 006e          `?L1139`:
    \ 006e 20....               jsr     `?L1364`
    \ 0071 d0fb                 bne     `?L1139`
    \ 0073 a003     `?L1138`:   ldy     #3
    \ 0075 20....               jsr     `?L1447`
    \ 0078 c8                   iny
    \ 0079 20....               jsr     `?L1448`
    \ 007c a303                 ldz     #3
    \ 007e 4242b2..             ldq     (_Vsp),z
    \ 0082 38                   sec
    \ 0083 4242e5..             sbcq    zp:_Zp
    \ 0087 424285..             stq     zp:_Zp
    \ 008b a003                 ldy     #3
    \ 008d 20....               jsr     `?L1373`
    \ 0090 20....               jsr     `?L1325`
    \ 0093 20....               jsr     `?L1429`
    \ 0096 20....               jsr     `?L1414`
    \ 0099 a305                 ldz     #5
    \ 009b 4242b2..             ldq     (_Vsp),z
    \ 009f 20....               jsr     `?L1354`
    \ 00a2 48                   pha
    \ 00a3 da                   phx
    \ 00a4 5a                   phy
    \ 00a5 db                   phz
    \ 00a6 20....               jsr     `?L1359`
    \ 00a9 f005                 beq     `?L1142`
    \ 00ab          `?L1143`:
    \ 00ab 20....               jsr     `?L1390`
    \ 00ae d0fb                 bne     `?L1143`
    \ 00b0          `?L1142`:
    \ 00b0 20....               jsr     `?L1438`
    \ 00b3 3002                 bmi     `?L1145`
    \ 00b5 a900                 lda     #0
    \ 00b7          `?L1145`:
    \ 00b7 85..                 sta     zp:_Zp+2
    \ 00b9 85..                 sta     zp:_Zp+3
    \ 00bb fb                   plz
    \ 00bc 7a                   ply
    \ 00bd fa                   plx
    \ 00be 68                   pla
    \ 00bf 20....               jsr     `?L1320`
1507                          (uint32_t) ds, DIRENTSIZE);
1508
1509                    // not for the first iteration:
1510                    if (i > 0 && (i % ENTRIESPERBLOCK) == 0)  {
    \ 00c2 a5..                 lda     zp:_Zp+29
    \ 00c4 f00a                 beq     `?L549`
    \ 00c6 a907                 lda     #7
    \ 00c8 24..                 bit     zp:_Zp+29
    \ 00ca d004                 bne     `?L549`
1511                      track = nexttrack;
    \ 00cc a00a                 ldy     #10
    \ 00ce 8001                 bra     `?L1301`
    \ 00d0 c8       `?L549`:    iny
    \ 00d1          `?L1301`:
    \ 00d1 b1..                 lda     (_Vsp),y
    \ 00d3 85..                 sta     zp:_Zp+24
1512                      sector = nextsector;
    \ 00d5 88                   dey
    \ 00d6 b1..                 lda     (_Vsp),y
    \ 00d8 85..                 sta     zp:_Zp+25
1513                    }
1514                    if (ds->chntrack > 0)  {
    \ 00da a000                 ldy     #0
    \ 00dc b1..                 lda     (_Zp+26),y
    \ 00de f016                 beq     `?L552`
1515                      max += ENTRIESPERBLOCK; // more attic pages
    \ 00e0 a5..                 lda     zp:_Zp+30
    \ 00e2 18                   clc
    \ 00e3 6908                 adc     #8
    \ 00e5 85..                 sta     zp:_Zp+30
    \ 00e7 a5..                 lda     zp:_Zp+31
    \ 00e9 6900                 adc     #0
    \ 00eb 85..                 sta     zp:_Zp+31
1516                      nexttrack = ds->chntrack;  // chain for where to write dirent sector
    \ 00ed b1..                 lda     (_Zp+26),y
    \ 00ef 85..                 sta     zp:_Zp+1
1517                      nextsector = ds->chnsector;
    \ 00f1 c8                   iny
    \ 00f2 b1..                 lda     (_Zp+26),y
    \ 00f4 8008                 bra     `?L1298`
    \ 00f6 a00a     `?L552`:    ldy     #10
    \ 00f8 20....               jsr     `?L1333`
    \ 00fb 88                   dey
    \ 00fc b1..                 lda     (_Vsp),y
    \ 00fe          `?L1298`:
    \ 00fe 85..                 sta     zp:_Zp
1518                    }
1519
1520                    // if a non-deleted or a SD card file (hence no mask) ?
1521                    if (ds->type != VAL_DOSFTYPE_DEL || (option.option & OPTIONshowDEL))  {
    \ 0100 a002                 ldy     #2
    \ 0102 b1..                 lda     (_Zp+26),y
    \ 0104 d006                 bne     `?L557`
    \ 0106 20....               jsr     `?L1449`
    \ 0109 f33201               lbeq    `?L555`
    \ 010c          `?L557`:
1522                      if (pos == entry)  {
    \ 010c a000                 ldy     #0
    \ 010e b1..                 lda     (_Vsp),y
    \ 0110 c5..                 cmp     zp:_Zp+32
    \ 0112 d32701               lbne    `?L559`
1523                //        valuesbox(0, "Deleting...", "i=", i, "pos=", pos);
1524                        //                           also clear upper bits:
1525                        filetypebefore = ds->type;
    \ 0115 a002                 ldy     #2
    \ 0117 b1..                 lda     (_Zp+26),y
    \ 0119 85..                 sta     zp:_Zp+30
1526                        ds->type = VAL_DOSFTYPE_DEL; // + (ds->type & ~0xf);
    \ 011b a900                 lda     #0
    \ 011d 91..                 sta     (_Zp+26),y
1527                        lcopy((uint32_t) ds, ATTICDIRENTBUFFER + side * ATTICDIRENTSIZE + i * DIRENTSIZE,
    \ 011f 20....               jsr     `?L1452`
    \ 0122 20....               jsr     `?L1312`
    \ 0125 f005                 beq     `?L1149`
    \ 0127          `?L1150`:
    \ 0127 20....               jsr     `?L1364`
    \ 012a d0fb                 bne     `?L1150`
    \ 012c          `?L1149`:
    \ 012c 20....               jsr     _SpillZP
    \ 012f 04..                 .byte   4,_Zp+4
    \ 0131 20....               jsr     _FillQ
    \ 0134 20....               jsr     `?L1323`
    \ 0137 20....               jsr     `?L1429`
    \ 013a a900                 lda     #0
    \ 013c aa                   tax
    \ 013d 20....               jsr     `?L1356`
    \ 0140 48                   pha
    \ 0141 da                   phx
    \ 0142 5a                   phy
    \ 0143 db                   phz
    \ 0144 20....               jsr     `?L1359`
    \ 0147 f005                 beq     `?L1153`
    \ 0149          `?L1154`:
    \ 0149 20....               jsr     `?L1390`
    \ 014c d0fb                 bne     `?L1154`
    \ 014e          `?L1153`:
    \ 014e 20....               jsr     `?L1438`
    \ 0151 3002                 bmi     `?L1156`
    \ 0153 a900                 lda     #0
    \ 0155          `?L1156`:
    \ 0155 85..                 sta     zp:_Zp+2
    \ 0157 85..                 sta     zp:_Zp+3
    \ 0159 fb                   plz
    \ 015a 7a                   ply
    \ 015b fa                   plx
    \ 015c 68                   pla
    \ 015d 20....               jsr     `?L1357`
    \ 0160 424285..             stq     zp:_Zp+4
    \ 0164 20....               jsr     `?L1413`
    \ 0167 20....               jsr     `?L1329`
1528                              DIRENTSIZE);
1529                #ifdef DEBUG
1530                        mprintf("deletedirententry i=", i);
1531                        mprintf(" ofs=", i / (BLOCKSIZE / DIRENTSIZE) * BLOCKSIZE);
1532                        mprintf(" side=", side);
1533                        mprintf(" track=", track);
1534                        mprintf(" sector=", sector);
1535                        mprintf(" nexttrack=", nexttrack);
1536                        mprintf(" nextsector=", nextsector);
1537                        mprintf(" type=", (ds->type&0xf));
1538                        mh4printf(" ds addr=", (long) &ds);
1539                        mprintf(" filetrack=", ds->track);
1540                        mprintf(" filesector=", ds->sector);
1541                        cputln();
1542                        cgetc();
1543                #endif
1544                        lcopy(ATTICDIRENTBUFFER + side * ATTICDIRENTSIZE +
    \ 016a 20....               jsr     `?L1452`
    \ 016d 20....               jsr     `?L1312`
    \ 0170 f005                 beq     `?L1160`
    \ 0172          `?L1161`:
    \ 0172 20....               jsr     `?L1364`
    \ 0175 d0fb                 bne     `?L1161`
    \ 0177          `?L1160`:
    \ 0177 20....               jsr     _SpillZP
    \ 017a 04..                 .byte   4,_Zp+4
    \ 017c 20....               jsr     _FillQ
    \ 017f 20....               jsr     `?L1353`
    \ 0182 424285..             stq     zp:_Zp
    \ 0186 20....               jsr     `?L1318`
    \ 0189 a219                 ldx     #25
    \ 018b 4b                   taz
    \ 018c 424285..             stq     zp:_Zp+4
    \ 0190 a5..                 lda     zp:_Zp+29
    \ 0192 20....               jsr     `?L1454`
    \ 0195 98                   tya
    \ 0196 85..                 sta     zp:_Zp+9
    \ 0198 20....               jsr     `?L1370`
    \ 019b 98                   tya
    \ 019c 85..                 sta     zp:_Zp+8
    \ 019e 4242a5..             ldq     zp:_Zp+8
    \ 01a2 20....               jsr     `?L1320`
1545                                i / (BLOCKSIZE / DIRENTSIZE) * BLOCKSIZE,
1546                              BLOCKDATALOW, BLOCKSIZE);
1547                        PutOneSector(legacyHDOSstate,
    \ 01a5 a5..                 lda     zp:_Zp+25
    \ 01a7 85..                 sta     zp:_Zp+4
    \ 01a9 a5..                 lda     zp:_Zp+24
    \ 01ab 20....               jsr     `?L1451`
    \ 01ae 20....               jsr     `?L1358`
    \ 01b1 a5..                 lda     zp:_Zp+28
    \ 01b3 20....               jsr     PutOneSector
1548                                     (BAM *) worksectorasBAM[0], drive, track, sector);
1549                // basepage[3] = 0xff; // @@@@ debug
1550                // basepage[4] = 0xff; // @@@@ debug
1551                        if ((filetypebefore&0xf) != VAL_DOSFTYPE_CBM)  {
    \ 01b6 a90f                 lda     #15
    \ 01b8 25..                 and     zp:_Zp+30
    \ 01ba c905                 cmp     #5
    \ 01bc f01b                 beq     `?L561`
1552                          deleteblockchain(legacyHDOSstate,
    \ 01be a004                 ldy     #4
    \ 01c0 b1..                 lda     (_Zp+26),y
    \ 01c2 85..                 sta     zp:_Zp+3
    \ 01c4 88                   dey
    \ 01c5 b1..                 lda     (_Zp+26),y
    \ 01c7 85..                 sta     zp:_Zp+2
    \ 01c9 a008                 ldy     #8
    \ 01cb 20....               jsr     `?L1333`
    \ 01ce 88                   dey
    \ 01cf 20....               jsr     `?L1453`
    \ 01d2 a5..                 lda     zp:_Zp+28
    \ 01d4 20....               jsr     deleteblockchain
    \ 01d7 8020                 bra     `?L544`
    \ 01d9          `?L561`:
1553                                           drive, dirtrack, ds->track, ds->sector);
1554                        } else {
1555                          // remove 40 more sectors because the dirent track is not in size:
1556                          for (s = 0; s < (ds->size + 40); s++)  {
    \ 01d9 a900                 lda     #0
    \ 01db 85..                 sta     zp:_Zp+24
    \ 01dd 85..                 sta     zp:_Zp+25
    \ 01df a928     `?L565`:    lda     #40
    \ 01e1 a01e                 ldy     #30
    \ 01e3 18                   clc
    \ 01e4 71..                 adc     (_Zp+26),y
    \ 01e6 85..                 sta     zp:_Zp
    \ 01e8 a900                 lda     #0
    \ 01ea c8                   iny
    \ 01eb 71..                 adc     (_Zp+26),y
    \ 01ed 85..                 sta     zp:_Zp+1
    \ 01ef a5..                 lda     zp:_Zp+24
    \ 01f1 c5..                 cmp     zp:_Zp
    \ 01f3 a5..                 lda     zp:_Zp+25
    \ 01f5 e5..                 sbc     zp:_Zp+1
    \ 01f7 9007                 bcc     `?L564`
    \ 01f9          `?L544`:
1557                            BAMSectorUpdate(BAMsector[0], BAMsector[1],
1558                                            ds->track + (s / 40), ds->sector + (s % 40), 0); // 0=free up
1559                // basepage[3] = ds->track + (s / 40);  // @@@@ debug
1560                // basepage[4] = ds->sector + (s % 40); // @@@@ debug
1561                          }
1562                // basepage[5] = (ds->size + 40) % 256; // @@@@ debug
1563                // basepage[6] = (ds->size + 40) / 256; // @@@@ debug
1564                        }
1565                #ifdef DEBUG
1566                        msprintf("deletedirententry done");
1567                        cputln();
1568                        cgetc();
1569                #endif
1570                        return;
1571                      }
1572                      pos++;
1573                    }
1574
1575                #ifdef DEBUG
1576                    if (ds->track > 0)  {
1577                      mprintf("direntry ", i);
1578                      mh4printf(" is: ", (long) &ds);
1579                      memcpy(dosfilename, ds->name, DOSFILENAMELEN);
1580                      dosfilename[DOSFILENAMELEN] = 0; // proper null termination
1581                      msprintf(" name ");
1582                //        msprintf((char *) dosfilename);
1583                      mprintf(" chntrk ", ds->chntrack);
1584                      mprintf(" chnsect ", ds->chnsector);
1585                      mhprintf(" type ", ds->type&0xf);
1586                      mprintf(" trk ", ds->track);
1587                      mprintf(" sect ", ds->sector);
1588                      mprintf(" size ", ds->size);
1589                      mhprintf(" access ", ds->access);
1590                      cputln();
1591                      cgetc();
1592                    }
1593                #endif
1594                  }
1595                //  messagebox(0, "entry not found");
1596                }
    \ 01f9 a20c                 ldx     #12
    \ 01fb a008                 ldy     #8
    \ 01fd 4c....               jmp     _DeallocStackRestore
    \ 0200 a900     `?L564`:    lda     #0
    \ 0202 85..                 sta     zp:_Zp+5
    \ 0204 20....               jsr     `?L1331`
    \ 0207 20....               jsr     `?L1430`
    \ 020a a5..                 lda     zp:_Zp+2
    \ 020c a304                 ldz     #4
    \ 020e 18                   clc
    \ 020f 72..                 adc     (_Zp+26),z
    \ 0211 20....               jsr     `?L1328`
    \ 0214 20....               jsr     _SpillZP
    \ 0217 02..                 .byte   2,_Zp+2
    \ 0219 20....               jsr     _SpillZP
    \ 021c 02..                 .byte   2,_Zp
    \ 021e 20....               jsr     `?L1331`
    \ 0221 20....               jsr     `?L1430`
    \ 0224 a5..                 lda     zp:_Zp
    \ 0226 3b                   dez
    \ 0227 18                   clc
    \ 0228 72..                 adc     (_Zp+26),z
    \ 022a 20....               jsr     _FillZP
    \ 022d 02..                 .byte   2,_Zp
    \ 022f 20....               jsr     _FillZP
    \ 0232 02..                 .byte   2,_Zp+2
    \ 0234 20....               jsr     BAMSectorUpdate
    \ 0237 e3..                 inw     zp:_Zp+24
    \ 0239 80a4                 bra     `?L565`
    \ 023b          `?L559`:
    \ 023b e6..                 inc     zp:_Zp+32
    \ 023d          `?L555`:
    \ 023d a5..                 lda     zp:_Zp+32
    \ 023f a001                 ldy     #1
    \ 0241 91..                 sta     (_Vsp),y
    \ 0243 e6..                 inc     zp:_Zp+29
    \ 0245 b1..                 lda     (_Vsp),y
    \ 0247 85..                 sta     zp:_Zp+32
    \ 0249 a5..                 lda     zp:_Zp+24
    \ 024b c8                   iny
    \ 024c 91..                 sta     (_Vsp),y
    \ 024e a5..                 lda     zp:_Zp+25
    \ 0250 88                   dey
    \ 0251 91..                 sta     (_Vsp),y
    \ 0253 a5..                 lda     zp:_Zp+1
    \ 0255 a00a                 ldy     #10
    \ 0257 91..                 sta     (_Vsp),y
    \ 0259 a5..                 lda     zp:_Zp
    \ 025b 4c....               jmp     `?L1300`
1597
1598                void swapdirententry(unsigned char side, unsigned int entry1,
1599                                                         unsigned int entry2)  {
    \ 0000                      .section code,text
    \ 0000                      .public swapdirententry
    \ 0000          swapdirententry:
    \ 0000 a200                 ldx     #0
    \ 0002 a011                 ldy     #17
    \ 0004 20....               jsr     _AllocStackSave
    \ 0007 85..                 sta     zp:_Zp+36
    \ 0009 a5..                 lda     zp:_Zp
    \ 000b 85..                 sta     zp:_Zp+34
    \ 000d a5..                 lda     zp:_Zp+1
    \ 000f 85..                 sta     zp:_Zp+35
    \ 0011 20....               jsr     `?L1394`
1600                  unsigned int i1;
1601                  unsigned int i2;
1602                  unsigned int pos;
1603                  DIRENT* ds;
1604                  DIRENT* dstemp;
1605                  unsigned int max = ENTRIESPERBLOCK;
    \ 0014 a908                 lda     #8
    \ 0016 85..                 sta     zp:_Zp+26
    \ 0018 a900                 lda     #0
    \ 001a 85..                 sta     zp:_Zp+27
1606
1607                  ds = &readdir_dirent->direntryblock[0];
1608                  dstemp = &readdir_dirent->direntryblock[1];
1609
1610                  // These two loops are to search/skip non-del items until the entry 
1611                  // matches:
1612                  for (i1 = 0, pos = 0; i1 < max; i1++)  {
    \ 001c 20....               jsr     `?L1444`
    \ 001f 85..                 sta     zp:_Zp+32
    \ 0021 8a                   txa
    \ 0022 6d....               adc     readdir_dirent+1
    \ 0025 85..                 sta     zp:_Zp+33
    \ 0027 18                   clc
    \ 0028 a9e0                 lda     #224
    \ 002a 6d....               adc     readdir_dirent
    \ 002d 85..                 sta     zp:_Zp+30
    \ 002f 8a                   txa
    \ 0030 6d....               adc     readdir_dirent+1
    \ 0033 85..                 sta     zp:_Zp+31
    \ 0035 8a                   txa
    \ 0036 85..                 sta     zp:_Zp+40
    \ 0038 85..                 sta     zp:_Zp+41
    \ 003a 85..                 sta     zp:_Zp+38
    \ 003c 85..                 sta     zp:_Zp+39
    \ 003e          `?L573`:
    \ 003e a5..                 lda     zp:_Zp+26
    \ 0040 85..                 sta     zp:_Zp+28
    \ 0042 a5..                 lda     zp:_Zp+27
    \ 0044 85..                 sta     zp:_Zp+29
    \ 0046 a5..                 lda     zp:_Zp+40
    \ 0048 c5..                 cmp     zp:_Zp+26
    \ 004a a5..                 lda     zp:_Zp+41
    \ 004c e5..                 sbc     zp:_Zp+27
    \ 004e b38100               lbcs    `?L575`
1613                    // lcopy(uint32_t source_address, uint32_t destination_address, uint16_t count);
1614                    lcopy(ATTICDIRENTBUFFER + side * ATTICDIRENTSIZE + i1 * DIRENTSIZE,
    \ 0051 a6..                 ldx     zp:_Zp+36
    \ 0053 20....               jsr     `?L1311`
    \ 0056 f005                 beq     `?L1172`
    \ 0058          `?L1173`:
    \ 0058 20....               jsr     `?L1364`
    \ 005b d0fb                 bne     `?L1173`
    \ 005d          `?L1172`:
    \ 005d 20....               jsr     _SpillZP
    \ 0060 04..                 .byte   4,_Zp+4
    \ 0062 20....               jsr     _FillQ
    \ 0065 20....               jsr     `?L1323`
    \ 0068 20....               jsr     `?L1429`
    \ 006b a5..                 lda     zp:_Zp+33
    \ 006d 85..                 sta     zp:_Zp+5
    \ 006f a5..                 lda     zp:_Zp+32
    \ 0071 85..                 sta     zp:_Zp+4
    \ 0073 98                   tya
    \ 0074 85..                 sta     zp:_Zp+6
    \ 0076 85..                 sta     zp:_Zp+7
    \ 0078 aa                   tax
    \ 0079 20....               jsr     `?L1356`
    \ 007c 48                   pha
    \ 007d da                   phx
    \ 007e 5a                   phy
    \ 007f db                   phz
    \ 0080 a5..                 lda     zp:_Zp+40
    \ 0082 85..                 sta     zp:_Zp
    \ 0084 a5..                 lda     zp:_Zp+41
    \ 0086 20....               jsr     `?L1361`
    \ 0089 f005                 beq     `?L1176`
    \ 008b          `?L1177`:
    \ 008b 20....               jsr     `?L1390`
    \ 008e d0fb                 bne     `?L1177`
    \ 0090 a900     `?L1176`:   lda     #0
    \ 0092 85..                 sta     zp:_Zp+2
    \ 0094 85..                 sta     zp:_Zp+3
    \ 0096 fb                   plz
    \ 0097 7a                   ply
    \ 0098 fa                   plx
    \ 0099 68                   pla
    \ 009a 20....               jsr     `?L1320`
1615                          (uint32_t) ds, DIRENTSIZE);
1616
1617                    if (ds->chntrack > 0)  max += ENTRIESPERBLOCK; // more attic pages
    \ 009d 88                   dey
    \ 009e b1..                 lda     (_Zp+32),y
    \ 00a0 f00d                 beq     `?L576`
    \ 00a2 a5..                 lda     zp:_Zp+26
    \ 00a4 18                   clc
    \ 00a5 6908                 adc     #8
    \ 00a7 85..                 sta     zp:_Zp+28
    \ 00a9 a5..                 lda     zp:_Zp+27
    \ 00ab 6900                 adc     #0
    \ 00ad 8006                 bra     `?L1302`
    \ 00af          `?L576`:
    \ 00af a5..                 lda     zp:_Zp+26
    \ 00b1 85..                 sta     zp:_Zp+28
    \ 00b3 a5..                 lda     zp:_Zp+27
    \ 00b5          `?L1302`:
    \ 00b5 85..                 sta     zp:_Zp+29
1618                    // if a non-deleted or a SD card file (hence no mask) ?
1619                    if (ds->type != VAL_DOSFTYPE_DEL || (option.option & OPTIONshowDEL))  {
    \ 00b7 a002                 ldy     #2
    \ 00b9 b1..                 lda     (_Zp+32),y
    \ 00bb d006                 bne     `?L581`
    \ 00bd 20....               jsr     `?L1449`
    \ 00c0 f30f02               lbeq    `?L574`
    \ 00c3          `?L581`:
1620                      if (pos == entry1)  { // found
    \ 00c3 a5..                 lda     zp:_Zp+34
    \ 00c5 c5..                 cmp     zp:_Zp+38
    \ 00c7 d30602               lbne    `?L583`
    \ 00ca a5..                 lda     zp:_Zp+35
    \ 00cc c5..                 cmp     zp:_Zp+39
    \ 00ce d3ff01               lbne    `?L583`
    \ 00d1          `?L575`:
1621                        break;
1622                      }
1623                      pos++;
1624                    }
1625                  }
1626
1627                  for (i2 = 0, pos = 0; i2 < max; i2++)  {
    \ 00d1 a900                 lda     #0
    \ 00d3 85..                 sta     zp:_Zp+34
    \ 00d5 85..                 sta     zp:_Zp+35
    \ 00d7 85..                 sta     zp:_Zp+26
    \ 00d9 85..                 sta     zp:_Zp+27
    \ 00db          `?L587`:
    \ 00db a5..                 lda     zp:_Zp+34
    \ 00dd c5..                 cmp     zp:_Zp+28
    \ 00df a5..                 lda     zp:_Zp+35
    \ 00e1 e5..                 sbc     zp:_Zp+29
    \ 00e3 b06e                 bcs     `?L589`
1628                    // lcopy(uint32_t source_address, uint32_t destination_address, uint16_t count);
1629                    lcopy(ATTICDIRENTBUFFER + side * ATTICDIRENTSIZE + i2 * DIRENTSIZE,
    \ 00e5 a6..                 ldx     zp:_Zp+36
    \ 00e7 20....               jsr     `?L1311`
    \ 00ea f005                 beq     `?L1182`
    \ 00ec          `?L1183`:
    \ 00ec 20....               jsr     `?L1364`
    \ 00ef d0fb                 bne     `?L1183`
    \ 00f1          `?L1182`:
    \ 00f1 20....               jsr     _SpillZP
    \ 00f4 04..                 .byte   4,_Zp+4
    \ 00f6 20....               jsr     _FillQ
    \ 00f9 20....               jsr     `?L1323`
    \ 00fc 20....               jsr     `?L1429`
    \ 00ff a5..                 lda     zp:_Zp+33
    \ 0101 85..                 sta     zp:_Zp+5
    \ 0103 a5..                 lda     zp:_Zp+32
    \ 0105 85..                 sta     zp:_Zp+4
    \ 0107 98                   tya
    \ 0108 85..                 sta     zp:_Zp+6
    \ 010a 85..                 sta     zp:_Zp+7
    \ 010c aa                   tax
    \ 010d 20....               jsr     `?L1356`
    \ 0110 48                   pha
    \ 0111 da                   phx
    \ 0112 5a                   phy
    \ 0113 db                   phz
    \ 0114 a5..                 lda     zp:_Zp+34
    \ 0116 85..                 sta     zp:_Zp
    \ 0118 a5..                 lda     zp:_Zp+35
    \ 011a 20....               jsr     `?L1361`
    \ 011d f005                 beq     `?L1186`
    \ 011f          `?L1187`:
    \ 011f 20....               jsr     `?L1390`
    \ 0122 d0fb                 bne     `?L1187`
    \ 0124 a900     `?L1186`:   lda     #0
    \ 0126 85..                 sta     zp:_Zp+2
    \ 0128 85..                 sta     zp:_Zp+3
    \ 012a fb                   plz
    \ 012b 7a                   ply
    \ 012c fa                   plx
    \ 012d 68                   pla
    \ 012e 20....               jsr     `?L1320`
1630                          (uint32_t) ds, DIRENTSIZE);
1631
1632                    if (ds->chntrack > 0)  max += ENTRIESPERBLOCK; // more attic pages
    \ 0131 88                   dey
    \ 0132 b1..                 lda     (_Zp+32),y
    \ 0134 f003                 beq     `?L591`
    \ 0136 20....               jsr     `?L1415`
    \ 0139          `?L591`:
1633                    // if a non-deleted or a SD card file (hence no mask) ?
1634                    if (ds->type != VAL_DOSFTYPE_DEL || (option.option & OPTIONshowDEL))  {
    \ 0139 a002                 ldy     #2
    \ 013b b1..                 lda     (_Zp+32),y
    \ 013d d006                 bne     `?L595`
    \ 013f 20....               jsr     `?L1449`
    \ 0142 f38601               lbeq    `?L588`
    \ 0145          `?L595`:
1635                      if (pos == entry2)  { // found
    \ 0145 a5..                 lda     zp:_Zp+24
    \ 0147 c5..                 cmp     zp:_Zp+26
    \ 0149 d37d01               lbne    `?L597`
    \ 014c a5..                 lda     zp:_Zp+25
    \ 014e c5..                 cmp     zp:_Zp+27
    \ 0150 d37601               lbne    `?L597`
    \ 0153          `?L589`:
1636                        break;
1637                      }
1638                      pos++;
1639                    }
1640                  }
1641
1642                  // Temporarily dump first dirent into data block not in use. From v0.6.6
1643                  // this is leaving the first two bytes alone which are the blockchain:
1644                  lcopy((ATTICDIRENTBUFFER + side * ATTICDIRENTSIZE + i1 * DIRENTSIZE) + 2,
    \ 0153 a6..                 ldx     zp:_Zp+36
    \ 0155 20....               jsr     `?L1311`
    \ 0158 f005                 beq     `?L1192`
    \ 015a          `?L1193`:
    \ 015a 20....               jsr     `?L1364`
    \ 015d d0fb                 bne     `?L1193`
    \ 015f          `?L1192`:
    \ 015f 20....               jsr     _SpillZP
    \ 0162 04..                 .byte   4,_Zp+4
    \ 0164 20....               jsr     _FillQ
    \ 0167 20....               jsr     `?L1323`
    \ 016a a91e                 lda     #30
    \ 016c 91..                 sta     (_Vsp),y
    \ 016e a5..                 lda     zp:_Zp+31
    \ 0170 85..                 sta     zp:_Zp+5
    \ 0172 a5..                 lda     zp:_Zp+30
    \ 0174 85..                 sta     zp:_Zp+4
    \ 0176 98                   tya
    \ 0177 85..                 sta     zp:_Zp+6
    \ 0179 85..                 sta     zp:_Zp+7
    \ 017b aa                   tax
    \ 017c 20....               jsr     `?L1356`
    \ 017f 48                   pha
    \ 0180 da                   phx
    \ 0181 5a                   phy
    \ 0182 db                   phz
    \ 0183 a5..                 lda     zp:_Zp+40
    \ 0185 85..                 sta     zp:_Zp
    \ 0187 a5..                 lda     zp:_Zp+41
    \ 0189 20....               jsr     `?L1361`
    \ 018c f005                 beq     `?L1196`
    \ 018e          `?L1197`:
    \ 018e 20....               jsr     `?L1390`
    \ 0191 d0fb                 bne     `?L1197`
    \ 0193 a900     `?L1196`:   lda     #0
    \ 0195 85..                 sta     zp:_Zp+2
    \ 0197 85..                 sta     zp:_Zp+3
    \ 0199 fb                   plz
    \ 019a 7a                   ply
    \ 019b fa                   plx
    \ 019c 68                   pla
    \ 019d 20....               jsr     `?L1357`
    \ 01a0 42421a               inq     q
    \ 01a3 42421a               inq     q
    \ 01a6 424285..             stq     zp:_Zp
    \ 01aa 20....               jsr     lcopy
    \ 01ad a001                 ldy     #1
    \ 01af 20....               jsr     _IncVsp
1645                        (uint32_t) dstemp, DIRENTSIZE - 2);
1646                  // Copy second one in first:
1647                  lcopy((ATTICDIRENTBUFFER + side * ATTICDIRENTSIZE + i2 * DIRENTSIZE) + 2,
    \ 01b2 a6..                 ldx     zp:_Zp+36
    \ 01b4 20....               jsr     `?L1311`
    \ 01b7 f005                 beq     `?L1201`
    \ 01b9          `?L1202`:
    \ 01b9 20....               jsr     `?L1364`
    \ 01bc d0fb                 bne     `?L1202`
    \ 01be          `?L1201`:
    \ 01be a6..                 ldx     zp:_Zp+36
    \ 01c0 20....               jsr     `?L1455`
    \ 01c3 20....               jsr     `?L1370`
    \ 01c6 20....               jsr     `?L1403`
    \ 01c9 f007                 beq     `?L1204`
    \ 01cb          `?L1205`:
    \ 01cb 424206..             aslq    zp:_Zp+12
    \ 01cf ca                   dex
    \ 01d0 d0f9                 bne     `?L1205`
    \ 01d2          `?L1204`:
    \ 01d2 20....               jsr     _SpillZP
    \ 01d5 04..                 .byte   4,_Zp+4
    \ 01d7 20....               jsr     _FillQ
    \ 01da 38                   sec
    \ 01db 4242e5..             sbcq    zp:_Zp
    \ 01df 424285..             stq     zp:_Zp+16
    \ 01e3 20....               jsr     _SpillZP
    \ 01e6 04..                 .byte   4,_Zp+12
    \ 01e8 20....               jsr     _FillQ
    \ 01eb 38                   sec
    \ 01ec 4242e5..             sbcq    zp:_Zp+8
    \ 01f0 20....               jsr     `?L1324`
    \ 01f3 a91e                 lda     #30
    \ 01f5 91..                 sta     (_Vsp),y
    \ 01f7 a900                 lda     #0
    \ 01f9 aa                   tax
    \ 01fa 20....               jsr     `?L1356`
    \ 01fd 48                   pha
    \ 01fe da                   phx
    \ 01ff 5a                   phy
    \ 0200 db                   phz
    \ 0201 a905                 lda     #5
    \ 0203 aa                   tax
    \ 0204 f006                 beq     `?L1208`
    \ 0206          `?L1209`:
    \ 0206 cb....               asw     _Zp+40
    \ 0209 ca                   dex
    \ 020a d0fa                 bne     `?L1209`
    \ 020c          `?L1208`:
    \ 020c a5..                 lda     zp:_Zp+41
    \ 020e 85..                 sta     zp:_Zp+1
    \ 0210 a5..                 lda     zp:_Zp+40
    \ 0212 85..                 sta     zp:_Zp
    \ 0214 a900                 lda     #0
    \ 0216 85..                 sta     zp:_Zp+2
    \ 0218 85..                 sta     zp:_Zp+3
    \ 021a fb                   plz
    \ 021b 7a                   ply
    \ 021c fa                   plx
    \ 021d 68                   pla
    \ 021e 20....               jsr     `?L1357`
    \ 0221 42421a               inq     q
    \ 0224 42421a               inq     q
    \ 0227 424285..             stq     zp:_Zp+4
    \ 022b a900                 lda     #0
    \ 022d aa                   tax
    \ 022e a8                   tay
    \ 022f a308                 ldz     #8
    \ 0231 18                   clc
    \ 0232 424265..             adcq    zp:_Zp+16
    \ 0236 48                   pha
    \ 0237 da                   phx
    \ 0238 5a                   phy
    \ 0239 db                   phz
    \ 023a a5..                 lda     zp:_Zp+34
    \ 023c 85..                 sta     zp:_Zp
    \ 023e a5..                 lda     zp:_Zp+35
    \ 0240 20....               jsr     `?L1361`
    \ 0243 f005                 beq     `?L1211`
    \ 0245          `?L1212`:
    \ 0245 20....               jsr     `?L1390`
    \ 0248 d0fb                 bne     `?L1212`
    \ 024a a900     `?L1211`:   lda     #0
    \ 024c 85..                 sta     zp:_Zp+2
    \ 024e 85..                 sta     zp:_Zp+3
    \ 0250 fb                   plz
    \ 0251 7a                   ply
    \ 0252 fa                   plx
    \ 0253 68                   pla
    \ 0254 20....               jsr     `?L1357`
    \ 0257 42421a               inq     q
    \ 025a 42421a               inq     q
    \ 025d 424285..             stq     zp:_Zp
    \ 0261 20....               jsr     lcopy
    \ 0264 a001                 ldy     #1
    \ 0266 20....               jsr     _IncVsp
1648                        (ATTICDIRENTBUFFER + side * ATTICDIRENTSIZE + i1 * DIRENTSIZE) + 2,
1649                        DIRENTSIZE - 2);
1650                  // Now temporary in second:
1651                  lcopy((uint32_t) dstemp,
    \ 0269 a6..                 ldx     zp:_Zp+36
    \ 026b 20....               jsr     `?L1311`
    \ 026e f005                 beq     `?L1216`
    \ 0270          `?L1217`:
    \ 0270 20....               jsr     `?L1364`
    \ 0273 d0fb                 bne     `?L1217`
    \ 0275          `?L1216`:
    \ 0275 20....               jsr     _SpillZP
    \ 0278 04..                 .byte   4,_Zp+4
    \ 027a 20....               jsr     _FillQ
    \ 027d 20....               jsr     `?L1323`
    \ 0280 a91e                 lda     #30
    \ 0282 91..                 sta     (_Vsp),y
    \ 0284 a900                 lda     #0
    \ 0286 aa                   tax
    \ 0287 20....               jsr     `?L1356`
    \ 028a 48                   pha
    \ 028b da                   phx
    \ 028c 5a                   phy
    \ 028d db                   phz
    \ 028e a905                 lda     #5
    \ 0290 aa                   tax
    \ 0291 f006                 beq     `?L1220`
    \ 0293          `?L1221`:
    \ 0293 cb....               asw     _Zp+34
    \ 0296 ca                   dex
    \ 0297 d0fa                 bne     `?L1221`
    \ 0299          `?L1220`:
    \ 0299 a5..                 lda     zp:_Zp+35
    \ 029b 85..                 sta     zp:_Zp+1
    \ 029d a5..                 lda     zp:_Zp+34
    \ 029f 85..                 sta     zp:_Zp
    \ 02a1 a900                 lda     #0
    \ 02a3 85..                 sta     zp:_Zp+2
    \ 02a5 85..                 sta     zp:_Zp+3
    \ 02a7 fb                   plz
    \ 02a8 7a                   ply
    \ 02a9 fa                   plx
    \ 02aa 68                   pla
    \ 02ab 20....               jsr     `?L1357`
    \ 02ae 42421a               inq     q
    \ 02b1 42421a               inq     q
    \ 02b4 424285..             stq     zp:_Zp+4
    \ 02b8 a5..                 lda     zp:_Zp+30
    \ 02ba 85..                 sta     zp:_Zp
    \ 02bc a5..                 lda     zp:_Zp+31
    \ 02be 85..                 sta     zp:_Zp+1
    \ 02c0 20....               jsr     `?L1329`
1652                        (ATTICDIRENTBUFFER + side * ATTICDIRENTSIZE + i2 * DIRENTSIZE) + 2,
1653                        DIRENTSIZE - 2);
1654
1655                //  cgetc();
1656                }
    \ 02c3 a011                 ldy     #17
    \ 02c5 4c....               jmp     _RestoreRegisters
    \ 02c8          `?L597`:
    \ 02c8 e3..                 inw     zp:_Zp+26
    \ 02ca          `?L588`:
    \ 02ca e3..                 inw     zp:_Zp+34
    \ 02cc 4c....               jmp     `?L587`
    \ 02cf          `?L583`:
    \ 02cf e3..                 inw     zp:_Zp+38
    \ 02d1          `?L574`:
    \ 02d1 e3..                 inw     zp:_Zp+40
    \ 02d3 a5..                 lda     zp:_Zp+28
    \ 02d5 85..                 sta     zp:_Zp+26
    \ 02d7 a5..                 lda     zp:_Zp+29
    \ 02d9 85..                 sta     zp:_Zp+27
    \ 02db 4c....               jmp     `?L573`
1657
1658                // @@@@ this deletes all dirents and completely saves them back as new,
1659                // @@@@ thus should be changed at some point:
1660                void rewritedirent(unsigned char legacyHDOSstate,
1661                                   unsigned char drive, unsigned char side,
1662                                   unsigned char dirtrack,
1663                                   unsigned char firsttrack, unsigned char lasttrack)  {
    \ 0000                      .section code,text
    \ 0000                      .public rewritedirent
    \ 0000          rewritedirent:
    \ 0000 a2fe                 ldx     #254
    \ 0002 a005                 ldy     #5
    \ 0004 20....               jsr     _AllocStackSave
    \ 0007 85..                 sta     zp:_Zp+29
    \ 0009 a5..                 lda     zp:_Zp
    \ 000b 85..                 sta     zp:_Zp+28
    \ 000d a5..                 lda     zp:_Zp+1
    \ 000f 85..                 sta     zp:_Zp+27
    \ 0011 a5..                 lda     zp:_Zp+2
    \ 0013 85..                 sta     zp:_Zp+26
    \ 0015 a5..                 lda     zp:_Zp+3
    \ 0017 85..                 sta     zp:_Zp+25
    \ 0019 a5..                 lda     zp:_Zp+4
    \ 001b 85..                 sta     zp:_Zp+24
1664                  unsigned char starttrack;
1665                  unsigned char startsector;
1666
1667                  if (deleteblockchain(legacyHDOSstate, drive, dirtrack,
1668                                       dirtrack, DIRENTSECT))  {
    \ 001d a903                 lda     #3
    \ 001f 85..                 sta     zp:_Zp+3
    \ 0021 a5..                 lda     zp:_Zp+26
    \ 0023 85..                 sta     zp:_Zp+2
    \ 0025 a5..                 lda     zp:_Zp+26
    \ 0027 85..                 sta     zp:_Zp+1
    \ 0029 a5..                 lda     zp:_Zp+28
    \ 002b 85..                 sta     zp:_Zp
    \ 002d a5..                 lda     zp:_Zp+29
    \ 002f 20....               jsr     deleteblockchain
    \ 0032 aa                   tax
    \ 0033 f025                 beq     `?L603`
1669                    messagebox(MBOXNOCANCEL, "Updating directory,",
    \ 0035 20....               jsr     `?L1436`
    \ 0038 20....               jsr     `?L1327`
    \ 003b 91..                 sta     (_Vsp),y
    \ 003d 88                   dey
    \ 003e 91..                 sta     (_Vsp),y
    \ 0040 20....               jsr     `?L1391`
    \ 0043 a9..                 lda     #.byte0 `_StringLiteral_fatal error`
    \ 0045 85..                 sta     zp:_Zp+2
    \ 0047 a9..                 lda     #.byte1 `_StringLiteral_fatal error`
    \ 0049 85..                 sta     zp:_Zp+3
    \ 004b a9..                 lda     #.byte0 `_StringLiteral_Updating directory,`
    \ 004d 85..                 sta     zp:_Zp
    \ 004f a9..                 lda     #.byte1 `_StringLiteral_Updating directory,`
    \ 0051 85..                 sta     zp:_Zp+1
    \ 0053 a904                 lda     #4
    \ 0055 20....               jsr     `?L1406`
    \ 0058 8069                 bra     `?L602`
    \ 005a          `?L603`:
1670                               "fatal error",
1671                               " ", 0);
1672                  } else {
1673                    writeblockchain(legacyHDOSstate,
    \ 005a a6..                 ldx     zp:_Zp+27
    \ 005c 20....               jsr     `?L1311`
    \ 005f f005                 beq     `?L1243`
    \ 0061          `?L1244`:
    \ 0061 20....               jsr     `?L1364`
    \ 0064 d0fb                 bne     `?L1244`
    \ 0066          `?L1243`:
    \ 0066 20....               jsr     _SpillZP
    \ 0069 04..                 .byte   4,_Zp+4
    \ 006b 20....               jsr     _FillQ
    \ 006e 38                   sec
    \ 006f 4242e5..             sbcq    zp:_Zp
    \ 0073 424285..             stq     zp:_Zp
    \ 0077 a9f9                 lda     #-7
    \ 0079 20....               jsr     _DecVsp
    \ 007c a5..                 lda     zp:_Zp+24
    \ 007e a006                 ldy     #6
    \ 0080 91..                 sta     (_Vsp),y
    \ 0082 a5..                 lda     zp:_Zp+25
    \ 0084 88                   dey
    \ 0085 91..                 sta     (_Vsp),y
    \ 0087 a901                 lda     #1
    \ 0089 88                   dey
    \ 008a 91..                 sta     (_Vsp),y
    \ 008c a2..                 ldx     #_Zp+4
    \ 008e a908                 lda     #8
    \ 0090 20....               jsr     `?L1411`
    \ 0093 a907                 lda     #7
    \ 0095 20....               jsr     `?L1411`
    \ 0098 a5..                 lda     zp:_Zp+26
    \ 009a 85..                 sta     zp:_Zp+7
    \ 009c a5..                 lda     zp:_Zp+28
    \ 009e 85..                 sta     zp:_Zp+6
    \ 00a0 a91f                 lda     #31
    \ 00a2 85..                 sta     zp:_Zp+4
    \ 00a4 a900                 lda     #0
    \ 00a6 85..                 sta     zp:_Zp+5
    \ 00a8 a200                 ldx     #0
    \ 00aa 20....               jsr     `?L1356`
    \ 00ad 424285..             stq     zp:_Zp
    \ 00b1 a5..                 lda     zp:_Zp+29
    \ 00b3 20....               jsr     writeblockchain
    \ 00b6 a006                 ldy     #6
    \ 00b8 20....               jsr     _IncVsp
1674                                    ATTICDIRENTBUFFER + side * ATTICDIRENTSIZE,
1675                                    DIRENTBLOCKS, drive,
1676                                    &starttrack, &startsector,
1677                                    dirtrack, TRUE, firsttrack, lasttrack);
1678                    PutBAM(legacyHDOSstate, drive, side, dirtrack);
    \ 00bb a5..                 lda     zp:_Zp+26
    \ 00bd 20....               jsr     `?L1368`
    \ 00c0 20....               jsr     PutBAM
    \ 00c3          `?L602`:
1679                  }
1680                }
    \ 00c3 a202                 ldx     #2
    \ 00c5 a005                 ldy     #5
    \ 00c7 4c....               jmp     _DeallocStackRestore
1681
1682                void renamedisk(unsigned char legacyHDOSstate,
1683                                unsigned char drive, unsigned char side,
1684                                unsigned char dirtrack,
1685                                char* name)  {
    \ 0000                      .section code,text
    \ 0000                      .public renamedisk
    \ 0000          renamedisk:
    \ 0000 20....               jsr     `?L1399`
    \ 0003 85..                 sta     zp:_Zp+30
    \ 0005 a5..                 lda     zp:_Zp
    \ 0007 85..                 sta     zp:_Zp+29
    \ 0009 a5..                 lda     zp:_Zp+2
    \ 000b 85..                 sta     zp:_Zp+28
    \ 000d a5..                 lda     zp:_Zp+4
    \ 000f 85..                 sta     zp:_Zp+26
    \ 0011 a5..                 lda     zp:_Zp+5
    \ 0013 85..                 sta     zp:_Zp+27
1686                  HEADER* hs;
1687                  hs = (HEADER *) worksector[0]; // misuse data sector
1688
1689                  if (GetOneSector(legacyHDOSstate,
1690                                   (BAM *) hs, drive, dirtrack, HEADERSECT) < 2)  {
    \ 0015 20....               jsr     `?L1395`
    \ 0018 8a                   txa
    \ 0019 85..                 sta     zp:_Zp+4
    \ 001b a5..                 lda     zp:_Zp+28
    \ 001d 85..                 sta     zp:_Zp+3
    \ 001f a5..                 lda     zp:_Zp+29
    \ 0021 85..                 sta     zp:_Zp+2
    \ 0023 20....               jsr     `?L1331`
    \ 0026 a5..                 lda     zp:_Zp+30
    \ 0028 20....               jsr     GetOneSector
    \ 002b c902                 cmp     #2
    \ 002d b040                 bcs     `?L609`
1691                    strcopy(name, (char *) hs->diskname, 16);
    \ 002f a5..                 lda     zp:_Zp+24
    \ 0031 85..                 sta     zp:_Zp+2
    \ 0033 a5..                 lda     zp:_Zp+25
    \ 0035 20....               jsr     `?L1443`
    \ 0038 20....               jsr     `?L1413`
    \ 003b a910                 lda     #16
    \ 003d 20....               jsr     strcopy
1692                    if (PutOneSector(legacyHDOSstate,
1693                                     (BAM *) hs, drive, dirtrack, HEADERSECT) > 2)  {
    \ 0040 20....               jsr     `?L1434`
    \ 0043 a5..                 lda     zp:_Zp+28
    \ 0045 85..                 sta     zp:_Zp+3
    \ 0047 a5..                 lda     zp:_Zp+29
    \ 0049 85..                 sta     zp:_Zp+2
    \ 004b 20....               jsr     `?L1331`
    \ 004e 20....               jsr     `?L1459`
    \ 0051 85..                 sta     zp:_Zp
    \ 0053 a302                 ldz     #2
    \ 0055 d4..                 cpz     zp:_Zp
    \ 0057 b039                 bcs     `?L608`
1694                      messagebox(MBOXNOCANCEL, "Renaming subpartition,",
    \ 0059 20....               jsr     `?L1436`
    \ 005c 20....               jsr     `?L1327`
    \ 005f 91..                 sta     (_Vsp),y
    \ 0061 88                   dey
    \ 0062 91..                 sta     (_Vsp),y
    \ 0064 20....               jsr     `?L1391`
    \ 0067 a9..                 lda     #.byte0 `_StringLiteral_write error`
    \ 0069 85..                 sta     zp:_Zp+2
    \ 006b a9..                 lda     #.byte1 `_StringLiteral_write error`
    \ 006d 8014                 bra     `?L1305`
    \ 006f          `?L609`:
1695                                 "write error",
1696                                 " ", 0);
1697                    }
1698                  } else {
1699                    messagebox(MBOXNOCANCEL, "Renaming subpartition,",
    \ 006f 20....               jsr     `?L1436`
    \ 0072 20....               jsr     `?L1327`
    \ 0075 91..                 sta     (_Vsp),y
    \ 0077 88                   dey
    \ 0078 91..                 sta     (_Vsp),y
    \ 007a 20....               jsr     `?L1391`
    \ 007d a9..                 lda     #.byte0 `_StringLiteral_read error`
    \ 007f 85..                 sta     zp:_Zp+2
    \ 0081 a9..                 lda     #.byte1 `_StringLiteral_read error`
    \ 0083          `?L1305`:
    \ 0083 85..                 sta     zp:_Zp+3
    \ 0085 a9..                 lda     #.byte0 `_StringLiteral_Renaming subpartition,`
    \ 0087 85..                 sta     zp:_Zp
    \ 0089 a9..                 lda     #.byte1 `_StringLiteral_Renaming subpartition,`
    \ 008b 85..                 sta     zp:_Zp+1
    \ 008d a904                 lda     #4
    \ 008f 20....               jsr     `?L1406`
    \ 0092          `?L608`:
1700                               "read error",
1701                               " ", 0);
1702                  }
1703                }
    \ 0092 a006                 ldy     #6
    \ 0094 4c....               jmp     _RestoreRegisters
    \ 0000                      .section code,text
    \ 0000          `?L1310`:
    \ 0000 a6..                 ldx     zp:_Zp+8
    \ 0002 86..                 stx     zp:_Zp+6
    \ 0004 a900                 lda     #0
    \ 0006 85..                 sta     zp:_Zp+7
    \ 0008 cb....               asw     _Zp+6
    \ 000b a5..                 lda     zp:_Zp+6
    \ 000d 85..                 sta     zp:_Zp
    \ 000f cb....               asw     _Zp+6
    \ 0012 a5..                 lda     zp:_Zp+6
    \ 0014 18                   clc
    \ 0015 65..                 adc     zp:_Zp
    \ 0017 85..                 sta     zp:_Zp
    \ 0019 a5..                 lda     zp:_Zp+2
    \ 001b 18                   clc
    \ 001c 6910                 adc     #16
    \ 001e 85..                 sta     zp:_Zp+6
    \ 0020 a5..                 lda     zp:_Zp+3
    \ 0022 6900                 adc     #0
    \ 0024 85..                 sta     zp:_Zp+7
    \ 0026 18                   clc
    \ 0027 a5..                 lda     zp:_Zp+6
    \ 0029 65..                 adc     zp:_Zp
    \ 002b 85..                 sta     zp:_Zp+6
    \ 002d 60                   rts
    \ 0000                      .section code,text
    \ 0000          `?L1311`:
    \ 0000 86..                 stx     zp:_Zp
    \ 0002 a900     `?L1312`:   lda     #0
    \ 0004 85..                 sta     zp:_Zp+1
    \ 0006 85..                 sta     zp:_Zp+3
    \ 0008 a5..                 lda     zp:_Zp+1
    \ 000a 85..                 sta     zp:_Zp+2
    \ 000c a5..                 lda     zp:_Zp
    \ 000e 85..                 sta     zp:_Zp+1
    \ 0010 a900                 lda     #0
    \ 0012          `?L1313`:
    \ 0012 85..                 sta     zp:_Zp
    \ 0014 4242a5..             ldq     zp:_Zp
    \ 0018 424285..             stq     zp:_Zp+4
    \ 001c a905                 lda     #5
    \ 001e aa                   tax
    \ 001f 60                   rts
    \ 0000                      .section code,text
    \ 0000          `?L1314`:
    \ 0000 91..                 sta     (_Zp),y
    \ 0002 a5..                 lda     zp:_Zp+4
    \ 0004 85..                 sta     zp:_Zp
    \ 0006 a5..                 lda     zp:_Zp+5
    \ 0008 85..                 sta     zp:_Zp+1
    \ 000a e3..                 inw     zp:_Zp+4
    \ 000c a5..                 lda     zp:_Zp
    \ 000e 18                   clc
    \ 000f 69..                 adc     #.byte0 s
    \ 0011 85..                 sta     zp:_Zp
    \ 0013 a5..                 lda     zp:_Zp+1
    \ 0015 69..                 adc     #.byte1 s
    \ 0017 85..                 sta     zp:_Zp+1
    \ 0019 60                   rts
    \ 0000                      .section code,text
    \ 0000          `?L1315`:
    \ 0000 a6..                 ldx     zp:_Zp+4
    \ 0002 86..                 stx     zp:_Zp+2
    \ 0004 a900                 lda     #0
    \ 0006          `?L1316`:
    \ 0006 85..                 sta     zp:_Zp+3
    \ 0008 cb....               asw     _Zp+2
    \ 000b a5..                 lda     zp:_Zp+2
    \ 000d 85..                 sta     zp:_Zp
    \ 000f cb....               asw     _Zp+2
    \ 0012 a5..                 lda     zp:_Zp+2
    \ 0014 18                   clc
    \ 0015 65..                 adc     zp:_Zp
    \ 0017 85..                 sta     zp:_Zp
    \ 0019 a5..                 lda     zp:_Zp+24
    \ 001b 18                   clc
    \ 001c 6910                 adc     #16
    \ 001e 85..                 sta     zp:_Zp+2
    \ 0020 a5..                 lda     zp:_Zp+25
    \ 0022 6900                 adc     #0
    \ 0024 60                   rts
    \ 0000                      .section code,text
    \ 0000          `?L1317`:
    \ 0000 a6..                 ldx     zp:_Zp+1
    \ 0002 86..                 stx     zp:_Zp+4
    \ 0004 a900                 lda     #0
    \ 0006 85..                 sta     zp:_Zp+5
    \ 0008 cb....               asw     _Zp+4
    \ 000b a5..                 lda     zp:_Zp+4
    \ 000d 85..                 sta     zp:_Zp+2
    \ 000f cb....               asw     _Zp+4
    \ 0012 a5..                 lda     zp:_Zp+4
    \ 0014 18                   clc
    \ 0015 65..                 adc     zp:_Zp+2
    \ 0017 85..                 sta     zp:_Zp+2
    \ 0019 a5..                 lda     zp:_Zp+8
    \ 001b 18                   clc
    \ 001c 6910                 adc     #16
    \ 001e 85..                 sta     zp:_Zp+4
    \ 0020 a5..                 lda     zp:_Zp+9
    \ 0022 6900                 adc     #0
    \ 0024 85..                 sta     zp:_Zp+5
    \ 0026 a5..                 lda     zp:_Zp+2
    \ 0028 85..                 sta     zp:_Zp+1
    \ 002a 18                   clc
    \ 002b a5..                 lda     zp:_Zp+4
    \ 002d 65..                 adc     zp:_Zp+1
    \ 002f 85..                 sta     zp:_Zp+4
    \ 0031 60                   rts
    \ 0000                      .section code,text
    \ 0000 a9fe     `?L1318`:   lda     #-2
    \ 0002 20....               jsr     _DecVsp
    \ 0005 a001                 ldy     #1
    \ 0007 a901                 lda     #1
    \ 0009 91..                 sta     (_Vsp),y
    \ 000b 88                   dey
    \ 000c a900                 lda     #0
    \ 000e 91..                 sta     (_Vsp),y
    \ 0010 60                   rts
    \ 0000                      .section code,text
    \ 0000 18       `?L1320`:   clc
    \ 0001 424265..             adcq    zp:_Zp
    \ 0005 424285..             stq     zp:_Zp
    \ 0009 20....               jsr     lcopy
    \ 000c a001                 ldy     #1
    \ 000e 4c....               jmp     _IncVsp
    \ 0000                      .section code,text
    \ 0000          `?L1322`:
    \ 0000 a6..                 ldx     zp:_Zp+9
    \ 0002 86..                 stx     zp:_Zp+2
    \ 0004 a900                 lda     #0
    \ 0006 85..                 sta     zp:_Zp+3
    \ 0008 cb....               asw     _Zp+2
    \ 000b a5..                 lda     zp:_Zp+2
    \ 000d 85..                 sta     zp:_Zp
    \ 000f cb....               asw     _Zp+2
    \ 0012 a5..                 lda     zp:_Zp+2
    \ 0014 18                   clc
    \ 0015 65..                 adc     zp:_Zp
    \ 0017 85..                 sta     zp:_Zp
    \ 0019 a5..                 lda     zp:_Zp+14
    \ 001b 18                   clc
    \ 001c 6910                 adc     #16
    \ 001e 85..                 sta     zp:_Zp+2
    \ 0020 a5..                 lda     zp:_Zp+15
    \ 0022 6900                 adc     #0
    \ 0024 85..                 sta     zp:_Zp+3
    \ 0026 18                   clc
    \ 0027 a5..                 lda     zp:_Zp+2
    \ 0029 65..                 adc     zp:_Zp
    \ 002b 85..                 sta     zp:_Zp+2
    \ 002d 60                   rts
    \ 0000                      .section code,text
    \ 0000 38       `?L1323`:   sec
    \ 0001 4242e5..             sbcq    zp:_Zp
    \ 0005          `?L1324`:
    \ 0005 424285..             stq     zp:_Zp
    \ 0009 a9fe     `?L1325`:   lda     #-2
    \ 000b 20....               jsr     _DecVsp
    \ 000e a001                 ldy     #1
    \ 0010 a900     `?L1327`:   lda     #0
    \ 0012 91..                 sta     (_Vsp),y
    \ 0014 88                   dey
    \ 0015 60                   rts
    \ 0000                      .section code,text
    \ 0000          `?L1328`:
    \ 0000 85..                 sta     zp:_Zp+4
    \ 0002 ad....               lda     BAMsector+2
    \ 0005 85..                 sta     zp:_Zp+2
    \ 0007 ad....               lda     BAMsector+3
    \ 000a 85..                 sta     zp:_Zp+3
    \ 000c ad....               lda     BAMsector
    \ 000f 85..                 sta     zp:_Zp
    \ 0011 ad....               lda     BAMsector+1
    \ 0014 85..                 sta     zp:_Zp+1
    \ 0016 60                   rts
    \ 0000                      .section code,text
    \ 0000 a900     `?L1329`:   lda     #0
    \ 0002 85..                 sta     zp:_Zp+2
    \ 0004 85..                 sta     zp:_Zp+3
    \ 0006 20....               jsr     lcopy
    \ 0009 a001                 ldy     #1
    \ 000b 4c....               jmp     _IncVsp
    \ 0000                      .section code,text
    \ 0000          `?L1331`:
    \ 0000 a5..                 lda     zp:_Zp+24
    \ 0002 85..                 sta     zp:_Zp
    \ 0004 a5..                 lda     zp:_Zp+25
    \ 0006 85..                 sta     zp:_Zp+1
    \ 0008 60                   rts
    \ 0000                      .section code,text
    \ 0000          `?L1332`:
    \ 0000 b1..                 lda     (_Vsp),y
    \ 0002 85..                 sta     zp:_Zp
    \ 0004 c8                   iny
    \ 0005          `?L1333`:
    \ 0005 b1..                 lda     (_Vsp),y
    \ 0007 85..                 sta     zp:_Zp+1
    \ 0009 60                   rts
    \ 0000                      .section code,text
    \ 0000          `?L1334`:
    \ 0000 85..                 sta     zp:_Zp+1
    \ 0002 20....               jsr     mprintfd
    \ 0005 a6..                 ldx     zp:_Zp+26
    \ 0007 86..                 stx     zp:_Zp+4
    \ 0009 a900                 lda     #0
    \ 000b 85..                 sta     zp:_Zp+5
    \ 000d 85..                 sta     zp:_Zp+6
    \ 000f 85..                 sta     zp:_Zp+7
    \ 0011 a9..                 lda     #.byte0 `_StringLiteral_ Sector=`
    \ 0013 85..                 sta     zp:_Zp
    \ 0015 a9..                 lda     #.byte1 `_StringLiteral_ Sector=`
    \ 0017 85..                 sta     zp:_Zp+1
    \ 0019 20....               jsr     mprintfd
    \ 001c 4c....               jmp     cputlnd
    \ 0000                      .section code,text
    \ 0000          `?L1337`:
    \ 0000 cb....               asw     _Zp+2
    \ 0003 a5..                 lda     zp:_Zp+2
    \ 0005 85..                 sta     zp:_Zp
    \ 0007 cb....               asw     _Zp+2
    \ 000a a5..                 lda     zp:_Zp+2
    \ 000c 18                   clc
    \ 000d 65..                 adc     zp:_Zp
    \ 000f 85..                 sta     zp:_Zp
    \ 0011 a5..                 lda     zp:_Zp+26
    \ 0013 18                   clc
    \ 0014 6910                 adc     #16
    \ 0016 85..                 sta     zp:_Zp+2
    \ 0018 a5..                 lda     zp:_Zp+27
    \ 001a 6900     `?L1338`:   adc     #0
    \ 001c 85..                 sta     zp:_Zp+3
    \ 001e 60                   rts
    \ 0000                      .section code,text
    \ 0000          `?L1339`:
    \ 0000 a5..                 lda     zp:_Zp+25
    \ 0002 85..                 sta     zp:_Zp+5
    \ 0004 a5..                 lda     zp:_Zp+24
    \ 0006 85..                 sta     zp:_Zp+4
    \ 0008 98                   tya
    \ 0009 85..                 sta     zp:_Zp+6
    \ 000b 85..                 sta     zp:_Zp+7
    \ 000d 60                   rts
    \ 0000                      .section code,text
    \ 0000          `?L1340`:
    \ 0000 85..                 sta     zp:_Zp+1
    \ 0002 20....               jsr     mprintfd
    \ 0005 a6..                 ldx     zp:_Zp+25
    \ 0007 86..                 stx     zp:_Zp+4
    \ 0009 a900                 lda     #0
    \ 000b 85..                 sta     zp:_Zp+5
    \ 000d 85..                 sta     zp:_Zp+6
    \ 000f 85..                 sta     zp:_Zp+7
    \ 0011 a9..                 lda     #.byte0 `_StringLiteral_ Sector=`
    \ 0013 85..                 sta     zp:_Zp
    \ 0015 a9..                 lda     #.byte1 `_StringLiteral_ Sector=`
    \ 0017 85..                 sta     zp:_Zp+1
    \ 0019 20....               jsr     mprintfd
    \ 001c ad82d0               lda     0xd082
    \ 001f 85..                 sta     zp:_Zp+4
    \ 0021 a900                 lda     #0
    \ 0023 85..                 sta     zp:_Zp+5
    \ 0025 85..                 sta     zp:_Zp+6
    \ 0027 85..                 sta     zp:_Zp+7
    \ 0029 a9..                 lda     #.byte0 `_StringLiteral_ $d082U=`
    \ 002b 85..                 sta     zp:_Zp
    \ 002d a9..                 lda     #.byte1 `_StringLiteral_ $d082U=`
    \ 002f 85..                 sta     zp:_Zp+1
    \ 0031 20....               jsr     mhprintfd
    \ 0034 20....               jsr     cputlnd
    \ 0037 20....               jsr     cgetcd
    \ 003a a940                 lda     #64
    \ 003c 8d80d0               sta     0xd080
    \ 003f a902                 lda     #2
    \ 0041 20....               jsr     bordercolor
    \ 0044 a9ff                 lda     #-1
    \ 0046 60                   rts
    \ 0000                      .section code,text
    \ 0000 a9fe     `?L1347`:   lda     #-2
    \ 0002 20....               jsr     _DecVsp
    \ 0005 a001                 ldy     #1
    \ 0007 a902                 lda     #2
    \ 0009 91..                 sta     (_Vsp),y
    \ 000b 88                   dey
    \ 000c a900                 lda     #0
    \ 000e 91..                 sta     (_Vsp),y
    \ 0010 60                   rts
    \ 0000                      .section code,text
    \ 0000          `?L1349`:
    \ 0000 92..                 sta     (_Zp),z
    \ 0002 a5..                 lda     zp:_Zp+2
    \ 0004 e6..                 inc     zp:_Zp+2
    \ 0006 4b                   taz
    \ 0007 60                   rts
    \ 0000                      .section code,text
    \ 0000          `?L1350`:
    \ 0000 a5..                 lda     zp:_Zp+24
    \ 0002 85..                 sta     zp:_Zp
    \ 0004 c6..                 dec     zp:_Zp
    \ 0006 a5..                 lda     zp:_Zp
    \ 0008 8d84d0               sta     0xd084
    \ 000b a6..                 ldx     zp:_Zp+25
    \ 000d 86..                 stx     zp:_Zp
    \ 000f a900                 lda     #0
    \ 0011 85..                 sta     zp:_Zp+1
    \ 0013 a914                 lda     #20
    \ 0015 85..                 sta     zp:_Zp+10
    \ 0017 a900                 lda     #0
    \ 0019 85..                 sta     zp:_Zp+11
    \ 001b 20....               jsr     _DivMod16
    \ 001e a5..                 lda     zp:_Zp+2
    \ 0020 85..                 sta     zp:_Zp
    \ 0022 a5..                 lda     zp:_Zp+3
    \ 0024 85..                 sta     zp:_Zp+1
    \ 0026 a902                 lda     #2
    \ 0028 85..                 sta     zp:_Zp+10
    \ 002a a900                 lda     #0
    \ 002c 85..                 sta     zp:_Zp+11
    \ 002e 20....               jsr     _DivMod16
    \ 0031 e6..                 inc     zp:_Zp
    \ 0033 a5..                 lda     zp:_Zp
    \ 0035 8d85d0               sta     0xd085
    \ 0038 ab....               ldz     _Zp+25
    \ 003b c214                 cpz     #20
    \ 003d 60                   rts
    \ 0000                      .section code,text
    \ 0000 38       `?L1353`:   sec
    \ 0001 4242e5..             sbcq    zp:_Zp
    \ 0005          `?L1354`:
    \ 0005 424285..             stq     zp:_Zp
    \ 0009 a900     `?L1355`:   lda     #0
    \ 000b aa                   tax
    \ 000c a8                   tay
    \ 000d a308     `?L1356`:   ldz     #8
    \ 000f 18       `?L1357`:   clc
    \ 0010 424265..             adcq    zp:_Zp
    \ 0014 60                   rts
    \ 0000                      .section code,text
    \ 0000          `?L1358`:
    \ 0000 85..                 sta     zp:_Zp+2
    \ 0002 ad....               lda     worksectorasBAM
    \ 0005 85..                 sta     zp:_Zp
    \ 0007 ad....               lda     worksectorasBAM+1
    \ 000a 85..                 sta     zp:_Zp+1
    \ 000c 60                   rts
    \ 0000                      .section code,text
    \ 0000          `?L1359`:
    \ 0000 a6..                 ldx     zp:_Zp+29
    \ 0002 86..                 stx     zp:_Zp
    \ 0004 a900     `?L1360`:   lda     #0
    \ 0006          `?L1361`:
    \ 0006 85..                 sta     zp:_Zp+1
    \ 0008 a905                 lda     #5
    \ 000a aa                   tax
    \ 000b 60                   rts
    \ 0000                      .section code,text
    \ 0000          `?L1362`:
    \ 0000 20....               jsr     clrhomed
    \ 0003 a6..                 ldx     zp:_Zp+27
    \ 0005 86..                 stx     zp:_Zp+4
    \ 0007 a900                 lda     #0
    \ 0009 85..                 sta     zp:_Zp+5
    \ 000b 85..                 sta     zp:_Zp+6
    \ 000d 85..                 sta     zp:_Zp+7
    \ 000f 60                   rts
    \ 0000                      .section code,text
    \ 0000          `?L1364`:
    \ 0000 424206..             aslq    zp:_Zp+4
    \ 0004 ca                   dex
    \ 0005 60                   rts
    \ 0000                      .section code,text
    \ 0000 a019     `?L1365`:   ldy     #25
    \ 0002 b1..                 lda     (_Vsp),y
    \ 0004 85..                 sta     zp:_Zp+6
    \ 0006 88                   dey
    \ 0007 b1..                 lda     (_Vsp),y
    \ 0009 85..                 sta     zp:_Zp+5
    \ 000b a00a                 ldy     #10
    \ 000d b1..                 lda     (_Vsp),y
    \ 000f 85..                 sta     zp:_Zp+4
    \ 0011 a2..                 ldx     #_Zp+2
    \ 0013 a90b                 lda     #11
    \ 0015 20....               jsr     _LoadVspEA
    \ 0018 a2..                 ldx     #_Zp
    \ 001a a910                 lda     #16
    \ 001c 20....               jsr     _LoadVspEA
    \ 001f a017                 ldy     #23
    \ 0021 b1..                 lda     (_Vsp),y
    \ 0023 4c....               jmp     findnextBAMtracksector
    \ 0000                      .section code,text
    \ 0000          `?L1368`:
    \ 0000 85..                 sta     zp:_Zp+2
    \ 0002 a5..                 lda     zp:_Zp+27
    \ 0004 85..                 sta     zp:_Zp+1
    \ 0006 a5..                 lda     zp:_Zp+28
    \ 0008 85..                 sta     zp:_Zp
    \ 000a a5..                 lda     zp:_Zp+29
    \ 000c 60                   rts
    \ 0000                      .section code,text
    \ 0000          `?L1369`:
    \ 0000 a5..                 lda     zp:_Zp+25
    \ 0002 85..                 sta     zp:_Zp+1
    \ 0004 a5..                 lda     zp:_Zp+24
    \ 0006 85..                 sta     zp:_Zp
    \ 0008 60                   rts
    \ 0000                      .section code,text
    \ 0000          `?L1370`:
    \ 0000 85..                 sta     zp:_Zp+11
    \ 0002 a5..                 lda     zp:_Zp+9
    \ 0004 85..                 sta     zp:_Zp+10
    \ 0006 a5..                 lda     zp:_Zp+8
    \ 0008 85..                 sta     zp:_Zp+9
    \ 000a 60                   rts
    \ 0000                      .section code,text
    \ 0000          `?L1371`:
    \ 0000 e3..                 inw     zp:_Zp+6
    \ 0002 e3..                 inw     zp:_Zp+6
    \ 0004          `?L1372`:
    \ 0004 a5..                 lda     zp:_Zp+5
    \ 0006 85..                 sta     zp:_Zp
    \ 0008 a5..                 lda     zp:_Zp+4
    \ 000a 60                   rts
    \ 0000                      .section code,text
    \ 0000          `?L1373`:
    \ 0000 a5..                 lda     zp:_Zp
    \ 0002 91..                 sta     (_Vsp),y
    \ 0004 c8                   iny
    \ 0005 a5..                 lda     zp:_Zp+1
    \ 0007 91..                 sta     (_Vsp),y
    \ 0009 c8                   iny
    \ 000a a5..                 lda     zp:_Zp+2
    \ 000c 91..                 sta     (_Vsp),y
    \ 000e c8                   iny
    \ 000f a5..                 lda     zp:_Zp+3
    \ 0011 91..                 sta     (_Vsp),y
    \ 0013 60                   rts
    \ 0000                      .section code,text
    \ 0000          `?L1374`:
    \ 0000 85..                 sta     zp:_Zp+3
    \ 0002 a5..                 lda     zp:_Zp+1
    \ 0004 85..                 sta     zp:_Zp+2
    \ 0006 a5..                 lda     zp:_Zp
    \ 0008 85..                 sta     zp:_Zp+1
    \ 000a 98                   tya
    \ 000b 60                   rts
    \ 0000                      .section code,text
    \ 0000          `?L1375`:
    \ 0000 a5..                 lda     zp:_Zp+6
    \ 0002 18                   clc
    \ 0003 69..                 adc     #.byte0 s
    \ 0005 85..                 sta     zp:_Zp
    \ 0007 a5..                 lda     zp:_Zp+7
    \ 0009 69..                 adc     #.byte1 s
    \ 000b 85..                 sta     zp:_Zp+1
    \ 000d 60                   rts
    \ 0000                      .section code,text
    \ 0000          `?L1376`:
    \ 0000 85..                 sta     zp:_Zp+3
    \ 0002 a5..                 lda     zp:_Zp+27
    \ 0004 85..                 sta     zp:_Zp+2
    \ 0006 ad....               lda     BAMsector
    \ 0009 85..                 sta     zp:_Zp
    \ 000b ad....               lda     BAMsector+1
    \ 000e 85..                 sta     zp:_Zp+1
    \ 0010 a5..                 lda     zp:_Zp+28
    \ 0012 60                   rts
    \ 0000                      .section code,text
    \ 0000          `?L1377`:
    \ 0000 85..                 sta     zp:_Zp+3
    \ 0002 a5..                 lda     zp:_Zp+27
    \ 0004 85..                 sta     zp:_Zp+2
    \ 0006 ad....               lda     BAMsector+2
    \ 0009 85..                 sta     zp:_Zp
    \ 000b ad....               lda     BAMsector+3
    \ 000e 85..                 sta     zp:_Zp+1
    \ 0010 a5..                 lda     zp:_Zp+28
    \ 0012 60                   rts
    \ 0000                      .section code,text
    \ 0000          `?L1378`:
    \ 0000 a6..                 ldx     zp:_Zp+8
    \ 0002 86..                 stx     zp:_Zp+4
    \ 0004 6b                   tza
    \ 0005 85..                 sta     zp:_Zp+5
    \ 0007 cb....               asw     _Zp+4
    \ 000a a5..                 lda     zp:_Zp+4
    \ 000c 85..                 sta     zp:_Zp
    \ 000e cb....               asw     _Zp+4
    \ 0011 a5..                 lda     zp:_Zp+4
    \ 0013 18                   clc
    \ 0014 65..                 adc     zp:_Zp
    \ 0016 85..                 sta     zp:_Zp
    \ 0018 a5..                 lda     zp:_Zp+2
    \ 001a 18                   clc
    \ 001b 6910                 adc     #16
    \ 001d 85..                 sta     zp:_Zp+2
    \ 001f a5..                 lda     zp:_Zp+3
    \ 0021 60                   rts
    \ 0000                      .section code,text
    \ 0000          `?L1379`:
    \ 0000 91..                 sta     (_Zp),y
    \ 0002 a5..                 lda     zp:_Zp+4
    \ 0004 85..                 sta     zp:_Zp+6
    \ 0006 a5..                 lda     zp:_Zp+5
    \ 0008 85..                 sta     zp:_Zp+7
    \ 000a e3..                 inw     zp:_Zp+4
    \ 000c a6..                 ldx     zp:_Zp+12
    \ 000e 86..                 stx     zp:_Zp
    \ 0010 85..                 sta     zp:_Zp+1
    \ 0012 a90a                 lda     #10
    \ 0014 85..                 sta     zp:_Zp+10
    \ 0016 a900                 lda     #0
    \ 0018 85..                 sta     zp:_Zp+11
    \ 001a 20....               jsr     _DivMod16
    \ 001d a930                 lda     #48
    \ 001f 18                   clc
    \ 0020 60                   rts
    \ 0000                      .section code,text
    \ 0000          `?L1381`:
    \ 0000 91..                 sta     (_Zp),y
    \ 0002 a5..                 lda     zp:_Zp+4
    \ 0004 85..                 sta     zp:_Zp+6
    \ 0006 a5..                 lda     zp:_Zp+5
    \ 0008 85..                 sta     zp:_Zp+7
    \ 000a e3..                 inw     zp:_Zp+4
    \ 000c a6..                 ldx     zp:_Zp+13
    \ 000e 86..                 stx     zp:_Zp
    \ 0010 85..                 sta     zp:_Zp+1
    \ 0012 a90a                 lda     #10
    \ 0014 85..                 sta     zp:_Zp+10
    \ 0016 a900                 lda     #0
    \ 0018 85..                 sta     zp:_Zp+11
    \ 001a 20....               jsr     _DivMod16
    \ 001d a930                 lda     #48
    \ 001f 18                   clc
    \ 0020 60                   rts
    \ 0000                      .section code,text
    \ 0000 a0fd     `?L1383`:   ldy     #253
    \ 0002 a30f                 ldz     #15
    \ 0004 424285..             stq     zp:_Zp
    \ 0008 20....               jsr     lcopy
    \ 000b a001                 ldy     #1
    \ 000d 4c....               jmp     _IncVsp
    \ 0000                      .section code,text
    \ 0000 a200     `?L1385`:   ldx     #0
    \ 0002 a002                 ldy     #2
    \ 0004 4c....               jmp     _AllocStackSave
    \ 0000                      .section code,text
    \ 0000          `?L1386`:
    \ 0000 a6..                 ldx     zp:_Zp+13
    \ 0002 86..                 stx     zp:_Zp
    \ 0004 ca                   dex
    \ 0005 86..                 stx     zp:_Zp+1
    \ 0007 a5..                 lda     zp:_Zp+10
    \ 0009 60                   rts
    \ 0000                      .section code,text
    \ 0000          `?L1387`:
    \ 0000 a6..                 ldx     zp:_Zp+6
    \ 0002 86..                 stx     zp:_Zp+2
    \ 0004 ca                   dex
    \ 0005 86..                 stx     zp:_Zp+3
    \ 0007 a5..                 lda     zp:_Zp
    \ 0009 60                   rts
    \ 0000                      .section code,text
    \ 0000          `?L1388`:
    \ 0000 a5..                 lda     zp:_Zp
    \ 0002 85..                 sta     zp:_Zp+4
    \ 0004 a5..                 lda     zp:_Zp+1
    \ 0006 85..                 sta     zp:_Zp+5
    \ 0008 e3..                 inw     zp:_Zp+4
    \ 000a e3..                 inw     zp:_Zp+4
    \ 000c e3..                 inw     zp:_Zp+4
    \ 000e e3..                 inw     zp:_Zp+4
    \ 0010 18                   clc
    \ 0011 a5..                 lda     zp:_Zp+4
    \ 0013 65..                 adc     zp:_Zp+2
    \ 0015 85..                 sta     zp:_Zp+4
    \ 0017 60                   rts
    \ 0000                      .section code,text
    \ 0000          `?L1389`:
    \ 0000 a5..                 lda     zp:_Zp+2
    \ 0002 85..                 sta     zp:_Zp+28
    \ 0004 a5..                 lda     zp:_Zp+3
    \ 0006 85..                 sta     zp:_Zp+27
    \ 0008 a5..                 lda     zp:_Zp+4
    \ 000a 85..                 sta     zp:_Zp+26
    \ 000c 60                   rts
    \ 0000                      .section code,text
    \ 0000          `?L1390`:
    \ 0000 cb....               asw     _Zp
    \ 0003 ca                   dex
    \ 0004 60                   rts
    \ 0000                      .section code,text
    \ 0000 88       `?L1391`:   dey
    \ 0001 91..                 sta     (_Vsp),y
    \ 0003 a9..                 lda     #.byte0 `_StringLiteral_ `
    \ 0005 85..                 sta     zp:_Zp+4
    \ 0007 a9..                 lda     #.byte1 `_StringLiteral_ `
    \ 0009 85..                 sta     zp:_Zp+5
    \ 000b 60                   rts
    \ 0000                      .section code,text
    \ 0000          `?L1392`:
    \ 0000 a5..                 lda     zp:_Zp
    \ 0002 85..                 sta     zp:_Zp+24
    \ 0004 a5..                 lda     zp:_Zp+1
    \ 0006 85..                 sta     zp:_Zp+25
    \ 0008 a901                 lda     #1
    \ 000a 25..                 and     zp:_Zp+26
    \ 000c 85..                 sta     zp:_Zp+30
    \ 000e 8a                   txa
    \ 000f a301                 ldz     #1
    \ 0011 d4..                 cpz     zp:_Zp+28
    \ 0013 60                   rts
    \ 0000                      .section code,text
    \ 0000          `?L1393`:
    \ 0000 a5..                 lda     zp:_Zp+27
    \ 0002 85..                 sta     zp:_Zp+2
    \ 0004 a5..                 lda     zp:_Zp+24
    \ 0006 18                   clc
    \ 0007 6900                 adc     #0
    \ 0009 85..                 sta     zp:_Zp
    \ 000b a5..                 lda     zp:_Zp+25
    \ 000d 6901                 adc     #1
    \ 000f 85..                 sta     zp:_Zp+1
    \ 0011 a5..                 lda     zp:_Zp+28
    \ 0013 60                   rts
    \ 0000                      .section code,text
    \ 0000          `?L1394`:
    \ 0000 a5..                 lda     zp:_Zp+2
    \ 0002 85..                 sta     zp:_Zp+24
    \ 0004 a5..                 lda     zp:_Zp+3
    \ 0006 85..                 sta     zp:_Zp+25
    \ 0008 60                   rts
    \ 0000                      .section code,text
    \ 0000          `?L1395`:
    \ 0000 ad....               lda     worksector
    \ 0003 85..                 sta     zp:_Zp+24
    \ 0005 ad....               lda     worksector+1
    \ 0008 85..                 sta     zp:_Zp+25
    \ 000a 60                   rts
    \ 0000                      .section code,text
    \ 0000          `?L1396`:
    \ 0000 85..                 sta     zp:_Zp+3
    \ 0002 a9..                 lda     #.byte0 `_StringLiteral_Writing...`
    \ 0004 85..                 sta     zp:_Zp
    \ 0006 a9..                 lda     #.byte1 `_StringLiteral_Writing...`
    \ 0008 85..                 sta     zp:_Zp+1
    \ 000a 60                   rts
    \ 0000                      .section code,text
    \ 0000 a00f     `?L1397`:   ldy     #15
    \ 0002 b1..                 lda     (_Vsp),y
    \ 0004 85..                 sta     zp:_Zp+4
    \ 0006 88                   dey
    \ 0007 b1..                 lda     (_Vsp),y
    \ 0009 85..                 sta     zp:_Zp+3
    \ 000b a005                 ldy     #5
    \ 000d          `?L1398`:
    \ 000d b1..                 lda     (_Vsp),y
    \ 000f 85..                 sta     zp:_Zp+2
    \ 0011 60                   rts
    \ 0000                      .section code,text
    \ 0000 a200     `?L1399`:   ldx     #0
    \ 0002 a006                 ldy     #6
    \ 0004 4c....               jmp     _AllocStackSave
    \ 0000                      .section code,text
    \ 0000          `?L1400`:
    \ 0000 20....               jsr     GetOneSector
    \ 0003 85..                 sta     zp:_Zp
    \ 0005 a301                 ldz     #1
    \ 0007 d4..                 cpz     zp:_Zp
    \ 0009 60                   rts
    \ 0000                      .section code,text
    \ 0000          `?L1402`:
    \ 0000 a5..                 lda     zp:_Zp
    \ 0002 85..                 sta     zp:_Zp+26
    \ 0004 a5..                 lda     zp:_Zp+1
    \ 0006 60                   rts
    \ 0000                      .section code,text
    \ 0000 a900     `?L1403`:   lda     #0
    \ 0002 85..                 sta     zp:_Zp+8
    \ 0004 4242a5..             ldq     zp:_Zp+8
    \ 0008 424285..             stq     zp:_Zp+12
    \ 000c a905                 lda     #5
    \ 000e aa                   tax
    \ 000f 60                   rts
    \ 0000                      .section code,text
    \ 0000          `?L1404`:
    \ 0000 85..                 sta     zp:_Zp+1
    \ 0002 85..                 sta     zp:_Zp+2
    \ 0004 85..                 sta     zp:_Zp+3
    \ 0006 60                   rts
    \ 0000                      .section code,text
    \ 0000          `?L1405`:
    \ 0000 b2..                 lda     (_Vsp),z
    \ 0002 85..                 sta     zp:_Zp
    \ 0004 1b                   inz
    \ 0005 b2..                 lda     (_Vsp),z
    \ 0007 85..                 sta     zp:_Zp+1
    \ 0009 60                   rts
    \ 0000                      .section code,text
    \ 0000          `?L1406`:
    \ 0000 20....               jsr     messagebox
    \ 0003 a003                 ldy     #3
    \ 0005 4c....               jmp     _IncVsp
    \ 0000                      .section code,text
    \ 0000 98       `?L1408`:   tya
    \ 0001 85..                 sta     zp:_Zp+9
    \ 0003 b1..                 lda     (_Zp+6),y
    \ 0005 85..                 sta     zp:_Zp+10
    \ 0007 38                   sec
    \ 0008 a5..                 lda     zp:_Zp+8
    \ 000a e5..                 sbc     zp:_Zp+10
    \ 000c 85..                 sta     zp:_Zp+8
    \ 000e 60                   rts
    \ 0000                      .section code,text
    \ 0000          `?L1409`:
    \ 0000 20....               jsr     _AllocStackSave
    \ 0003 85..                 sta     zp:_Zp+28
    \ 0005 a5..                 lda     zp:_Zp
    \ 0007 85..                 sta     zp:_Zp+27
    \ 0009 a5..                 lda     zp:_Zp+1
    \ 000b 85..                 sta     zp:_Zp+26
    \ 000d 60                   rts
    \ 0000                      .section code,text
    \ 0000          `?L1411`:
    \ 0000 20....               jsr     _LoadVspEA
    \ 0003 88                   dey
    \ 0004 a5..                 lda     zp:_Zp+5
    \ 0006 91..                 sta     (_Vsp),y
    \ 0008 88                   dey
    \ 0009 a5..                 lda     zp:_Zp+4
    \ 000b 91..                 sta     (_Vsp),y
    \ 000d 60                   rts
    \ 0000                      .section code,text
    \ 0000          `?L1413`:
    \ 0000 a5..                 lda     zp:_Zp+26
    \ 0002 85..                 sta     zp:_Zp
    \ 0004 a5..                 lda     zp:_Zp+27
    \ 0006 85..                 sta     zp:_Zp+1
    \ 0008 60                   rts
    \ 0000                      .section code,text
    \ 0000          `?L1414`:
    \ 0000 a5..                 lda     zp:_Zp+27
    \ 0002 85..                 sta     zp:_Zp+5
    \ 0004 a5..                 lda     zp:_Zp+26
    \ 0006 85..                 sta     zp:_Zp+4
    \ 0008 98                   tya
    \ 0009 85..                 sta     zp:_Zp+6
    \ 000b 85..                 sta     zp:_Zp+7
    \ 000d 60                   rts
    \ 0000                      .section code,text
    \ 0000          `?L1415`:
    \ 0000 a5..                 lda     zp:_Zp+28
    \ 0002 18                   clc
    \ 0003 6908                 adc     #8
    \ 0005 85..                 sta     zp:_Zp+28
    \ 0007 a5..                 lda     zp:_Zp+29
    \ 0009 6900                 adc     #0
    \ 000b 85..                 sta     zp:_Zp+29
    \ 000d 60                   rts
    \ 0000                      .section code,text
    \ 0000          `?L1416`:
    \ 0000 85..                 sta     zp:_Zp+1
    \ 0002 20....               jsr     msprintfd
    \ 0005 20....               jsr     cgetcd
    \ 0008 a5..                 lda     zp:_Zp+26
    \ 000a 38                   sec
    \ 000b e5..                 sbc     zp:_Zp+30
    \ 000d 60                   rts
    \ 0000                      .section code,text
    \ 0000          `?L1419`:
    \ 0000 e3..                 inw     zp:_Zp+4
    \ 0002          `?L1420`:
    \ 0002 e3..                 inw     zp:_Zp+4
    \ 0004 a000     `?L1421`:   ldy     #0
    \ 0006 b1..                 lda     (_Zp+4),y
    \ 0008 60                   rts
    \ 0000                      .section code,text
    \ 0000          `?L1422`:
    \ 0000 a5..                 lda     zp:_Zp+28
    \ 0002 8d....               sta     lastdrive
    \ 0005          `?L1423`:
    \ 0005 a5..                 lda     zp:_Zp+26
    \ 0007 85..                 sta     zp:_Zp+3
    \ 0009 a5..                 lda     zp:_Zp+27
    \ 000b 85..                 sta     zp:_Zp+2
    \ 000d 60                   rts
    \ 0000                      .section code,text
    \ 0000          `?L1424`:
    \ 0000 a5..                 lda     zp:_Zp+30
    \ 0002 38                   sec
    \ 0003 e929                 sbc     #41
    \ 0005 85..                 sta     zp:_Zp+2
    \ 0007 a900                 lda     #0
    \ 0009 e900                 sbc     #0
    \ 000b 85..                 sta     zp:_Zp+3
    \ 000d 60                   rts
    \ 0000                      .section code,text
    \ 0000          `?L1425`:
    \ 0000 e3..                 inw     zp:_Zp+2
    \ 0002 e3..                 inw     zp:_Zp+2
    \ 0004 a9ff                 lda     #-1
    \ 0006 91..                 sta     (_Zp+2),y
    \ 0008 60                   rts
    \ 0000                      .section code,text
    \ 0000          `?L1426`:
    \ 0000 e3..                 inw     zp:_Zp+2
    \ 0002 a000                 ldy     #0
    \ 0004 b1..                 lda     (_Zp+2),y
    \ 0006 60                   rts
    \ 0000                      .section code,text
    \ 0000          `?L1427`:
    \ 0000 b1..                 lda     (_Vsp),y
    \ 0002 a000                 ldy     #0
    \ 0004 91..                 sta     (_Zp),y
    \ 0006 60                   rts
    \ 0000                      .section code,text
    \ 0000 a920     `?L1428`:   lda     #32
    \ 0002 18                   clc
    \ 0003 65..                 adc     zp:_Zp+26
    \ 0005 85..                 sta     zp:_Zp+4
    \ 0007 ab....               ldz     _Zp+25
    \ 000a c214                 cpz     #20
    \ 000c 60                   rts
    \ 0000                      .section code,text
    \ 0000 a920     `?L1429`:   lda     #32
    \ 0002 91..                 sta     (_Vsp),y
    \ 0004 60                   rts
    \ 0000                      .section code,text
    \ 0000 a928     `?L1430`:   lda     #40
    \ 0002 85..                 sta     zp:_Zp+10
    \ 0004 a900                 lda     #0
    \ 0006 85..                 sta     zp:_Zp+11
    \ 0008 4c....               jmp     _UDivMod16
    \ 0000                      .section code,text
    \ 0000 a200     `?L1431`:   ldx     #0
    \ 0002 a00b                 ldy     #11
    \ 0004 4c....               jmp     _AllocStackSave
    \ 0000                      .section code,text
    \ 0000 a9ff     `?L1432`:   lda     #-1
    \ 0002 20....               jsr     _DecVsp
    \ 0005 a901                 lda     #1
    \ 0007 a000                 ldy     #0
    \ 0009 91..                 sta     (_Vsp),y
    \ 000b 60                   rts
    \ 0000                      .section code,text
    \ 0000 a900     `?L1434`:   lda     #0
    \ 0002 85..                 sta     zp:_Zp+4
    \ 0004 60                   rts
    \ 0000                      .section code,text
    \ 0000 a00a     `?L1435`:   ldy     #10
    \ 0002 a5..                 lda     zp:_Zp+2
    \ 0004 91..                 sta     (_Vsp),y
    \ 0006 c8                   iny
    \ 0007 a5..                 lda     zp:_Zp+3
    \ 0009 91..                 sta     (_Vsp),y
    \ 000b 60                   rts
    \ 0000                      .section code,text
    \ 0000 a9fc     `?L1436`:   lda     #-4
    \ 0002 20....               jsr     _DecVsp
    \ 0005 a003                 ldy     #3
    \ 0007 60                   rts
    \ 0000                      .section code,text
    \ 0000          `?L1438`:
    \ 0000 a5..                 lda     zp:_Zp+1
    \ 0002 097f                 ora     #127
    \ 0004 60                   rts
    \ 0000                      .section code,text
    \ 0000          `?L1439`:
    \ 0000 a5..                 lda     zp:_Zp+4
    \ 0002 85..                 sta     zp:_Zp
    \ 0004 a5..                 lda     zp:_Zp+5
    \ 0006 85..                 sta     zp:_Zp+1
    \ 0008 a5..                 lda     zp:_Zp
    \ 000a 60                   rts
    \ 0000                      .section code,text
    \ 0000          `?L1440`:
    \ 0000 a5..                 lda     zp:_Zp+4
    \ 0002 8d80d0               sta     0xd080
    \ 0005 a6..                 ldx     zp:_Zp+4
    \ 0007 ec....               cpx     lastdrive
    \ 000a 60                   rts
    \ 0000                      .section code,text
    \ 0000          `?L1441`:
    \ 0000 ad....               lda     BAMsector
    \ 0003 85..                 sta     zp:_Zp+24
    \ 0005 ad....               lda     BAMsector+1
    \ 0008 85..                 sta     zp:_Zp+25
    \ 000a 60                   rts
    \ 0000                      .section code,text
    \ 0000 a980     `?L1442`:   lda     #-128
    \ 0002 1c89d6               trb     0xd689
    \ 0005 a5..                 lda     zp:_Zp+4
    \ 0007 8d....               sta     lastdrive
    \ 000a 60                   rts
    \ 0000                      .section code,text
    \ 0000          `?L1443`:
    \ 0000 85..                 sta     zp:_Zp+3
    \ 0002 e3..                 inw     zp:_Zp+2
    \ 0004 e3..                 inw     zp:_Zp+2
    \ 0006 e3..                 inw     zp:_Zp+2
    \ 0008 e3..                 inw     zp:_Zp+2
    \ 000a 60                   rts
    \ 0000                      .section code,text
    \ 0000 18       `?L1444`:   clc
    \ 0001 a9c0                 lda     #192
    \ 0003 6d....               adc     readdir_dirent
    \ 0006 60                   rts
    \ 0000                      .section code,text
    \ 0000          `?L1445`:
    \ 0000 20....               jsr     readblockchain
    \ 0003 a000                 ldy     #0
    \ 0005 4c....               jmp     _IncVsp
    \ 0000                      .section code,text
    \ 0000          `?L1447`:
    \ 0000 a5..                 lda     zp:_Zp+4
    \ 0002 91..                 sta     (_Vsp),y
    \ 0004 c8                   iny
    \ 0005 a5..                 lda     zp:_Zp+5
    \ 0007 91..                 sta     (_Vsp),y
    \ 0009 60                   rts
    \ 0000                      .section code,text
    \ 0000          `?L1448`:
    \ 0000 a5..                 lda     zp:_Zp+6
    \ 0002 91..                 sta     (_Vsp),y
    \ 0004 c8                   iny
    \ 0005 a5..                 lda     zp:_Zp+7
    \ 0007 91..                 sta     (_Vsp),y
    \ 0009 60                   rts
    \ 0000                      .section code,text
    \ 0000 a901     `?L1449`:   lda     #1
    \ 0002 2c....               bit     option
    \ 0005 60                   rts
    \ 0000                      .section code,text
    \ 0000          `?L1450`:
    \ 0000 a5..                 lda     zp:_Zp
    \ 0002 85..                 sta     zp:_Zp+2
    \ 0004 a5..                 lda     zp:_Zp+1
    \ 0006 60                   rts
    \ 0000                      .section code,text
    \ 0000          `?L1451`:
    \ 0000 85..                 sta     zp:_Zp+3
    \ 0002 a007                 ldy     #7
    \ 0004 b1..                 lda     (_Vsp),y
    \ 0006 60                   rts
    \ 0000                      .section code,text
    \ 0000 a00b     `?L1452`:   ldy     #11
    \ 0002          `?L1453`:
    \ 0002 b1..                 lda     (_Vsp),y
    \ 0004 85..                 sta     zp:_Zp
    \ 0006 60                   rts
    \ 0000                      .section code,text
    \ 0000 4a       `?L1454`:   lsr     a
    \ 0001 4a                   lsr     a
    \ 0002 4a                   lsr     a
    \ 0003 85..                 sta     zp:_Zp+8
    \ 0005 60                   rts
    \ 0000                      .section code,text
    \ 0000          `?L1455`:
    \ 0000 86..                 stx     zp:_Zp+8
    \ 0002 a900                 lda     #0
    \ 0004 85..                 sta     zp:_Zp+9
    \ 0006 60                   rts
    \ 0000                      .section code,text
    \ 0000          `?L1456`:
    \ 0000 a5..                 lda     zp:_Vsp
    \ 0002 85..                 sta     zp:_Zp
    \ 0004 a5..                 lda     zp:_Vsp+1
    \ 0006 85..                 sta     zp:_Zp+1
    \ 0008 60                   rts
    \ 0000                      .section code,text
    \ 0000          `?L1457`:
    \ 0000 a5..                 lda     zp:_Zp
    \ 0002 a007                 ldy     #7
    \ 0004 91..                 sta     (_Vsp),y
    \ 0006 a5..                 lda     zp:_Zp+1
    \ 0008 60                   rts
    \ 0000                      .section code,text
    \ 0000          `?L1458`:
    \ 0000 a5..                 lda     zp:_Zp+28
    \ 0002 85..                 sta     zp:_Zp
    \ 0004 a5..                 lda     zp:_Zp+29
    \ 0006 85..                 sta     zp:_Zp+1
    \ 0008 60                   rts
    \ 0000                      .section code,text
    \ 0000          `?L1459`:
    \ 0000 a5..                 lda     zp:_Zp+30
    \ 0002 4c....               jmp     PutOneSector
    \ 0000                      .section code,text
    \ 0000          `?L1460`:
    \ 0000 a5..                 lda     zp:_Zp+32
    \ 0002 4c....               jmp     PutWholeSector
    \ 0000                      .section code,text
    \ 0000          `?L1461`:
    \ 0000 a5..                 lda     zp:_Zp+8
    \ 0002 c5..                 cmp     zp:_Zp+10
    \ 0004 a5..                 lda     zp:_Zp+9
    \ 0006 e5..                 sbc     zp:_Zp+11
    \ 0008 60                   rts
    \ 0000                      .section code,text
    \ 0000 a901     `?L1462`:   lda     #1
    \ 0002 85..                 sta     zp:_Zp+5
    \ 0004 60                   rts
    \ 0000                      .section code,text
    \ 0000 a902     `?L1463`:   lda     #2
    \ 0002 85..                 sta     zp:_Zp+4
    \ 0004 a900                 lda     #0
    \ 0006 85..                 sta     zp:_Zp+5
    \ 0008 60                   rts
    \ 0000                      .section code,text
    \ 0000 a920     `?L1464`:   lda     #32
    \ 0002 4c....               jmp     cputc
    \ 0000                      .section code,text
    \ 0000          `?L1465`:
    \ 0000 85..                 sta     zp:_Zp+2
    \ 0002 85..                 sta     zp:_Zp+3
    \ 0004 4c....               jmp     lfill
    \ 0000                      .section code,text
    \ 0000          `?L1466`:
    \ 0000 a6..                 ldx     zp:_Zp+30
    \ 0002 86..                 stx     zp:_Zp+2
    \ 0004 a900     `?L1467`:   lda     #0
    \ 0006 85..                 sta     zp:_Zp+3
    \ 0008 60                   rts
    \ 0000                      .section zdata,bss
    \ 0000                      .public direntflags
    \ 0000          direntflags:
    \ 0000                      .space  0x1f0
    \ 0000                      .section zdata,bss
    \ 0000                      .public option
    \ 0000          option:     .space  1
    \ 0000                      .section switch,rodata
    \ 0000 ....     `?L637`:    .word   `?L480`
    \ 0002 ....                 .word   `?L479`
    \ 0004 ....                 .word   `?L478`
    \ 0006 ....                 .word   `?L477`
    \ 0008 ....                 .word   `?L476`
    \ 0000                      .section cdata,rodata
    \ 0000                      .pubweak `_StringLiteral_ `
    \ 0000          `_StringLiteral_ `:
    \ 0000 2000                 .byte   32,0
    \ 0000                      .section cdata,rodata
    \ 0000                      .pubweak `_StringLiteral_ $d082U=`
    \ 0000          `_StringLiteral_ $d082U=`:
    \ 0000 20246430             .byte   32,36,100,48,56,50,85,61,0
    \ 0004 3832553d
    \ 0008 00
    \ 0000                      .section cdata,rodata
    \ 0000                      .pubweak `_StringLiteral_ D`
    \ 0000          `_StringLiteral_ D`:
    \ 0000 204400               .byte   32,68,0
    \ 0000                      .section cdata,rodata
    \ 0000                      .pubweak `_StringLiteral_ Sector=`
    \ 0000          `_StringLiteral_ Sector=`:
    \ 0000 20536563             .byte   32,83,101,99,116,111,114,61,0
    \ 0004 746f723d
    \ 0008 00
    \ 0000                      .section cdata,rodata
    \ 0000                      .pubweak `_StringLiteral_BAM/header`
    \ 0000          `_StringLiteral_BAM/header`:
    \ 0000 42414d2f             .byte   66,65,77,47,104,101,97,100,101,114,0
    \ 0004 68656164
    \ 0008 657200
    \ 0000                      .section cdata,rodata
    \ 0000                      .pubweak `_StringLiteral_PutOneSector before lower buffer. Track=`
    \ 0000          `_StringLiteral_PutOneSector before lower buffer. Track=`:
    \ 0000 5075744f             .byte   80,117,116,79,110,101,83,101,99,116,111,114,32,98,101,102,111,114,101,32,108,111,119,101,114,32,98,117,102,102,101,114,46,32,84,114,97,99,107,61,0
    \ 0004 6e655365
    \ 0008 63746f72
    \ 000c 20626566
    \ 0010 6f726520
    \ 0014 6c6f7765
    \ 0018 72206275
    \ 001c 66666572
    \ 0020 2e205472
    \ 0024 61636b3d
    \ 0028 00
    \ 0000                      .section cdata,rodata
    \ 0000                      .pubweak `_StringLiteral_PutOneSector before upper buffer. Track=`
    \ 0000          `_StringLiteral_PutOneSector before upper buffer. Track=`:
    \ 0000 5075744f             .byte   80,117,116,79,110,101,83,101,99,116,111,114,32,98,101,102,111,114,101,32,117,112,112,101,114,32,98,117,102,102,101,114,46,32,84,114,97,99,107,61,0
    \ 0004 6e655365
    \ 0008 63746f72
    \ 000c 20626566
    \ 0010 6f726520
    \ 0014 75707065
    \ 0018 72206275
    \ 001c 66666572
    \ 0020 2e205472
    \ 0024 61636b3d
    \ 0028 00
    \ 0000                      .section cdata,rodata
    \ 0000                      .pubweak `_StringLiteral_PutOneSector done. Returning while WriteSector.`
    \ 0000          `_StringLiteral_PutOneSector done. Returning while WriteSector.`:
    \ 0000 5075744f             .byte   80,117,116,79,110,101,83,101,99,116,111,114,32,100,111,110,101,46,32,82,101,116,117,114,110,105,110,103,32,119,104,105,108,101,32,87,114,105,116,101,83,101,99,116,111,114,46,0
    \ 0004 6e655365
    \ 0008 63746f72
    \ 000c 20646f6e
    \ 0010 652e2052
    \ 0014 65747572
    \ 0018 6e696e67
    \ 001c 20776869
    \ 0020 6c652057
    \ 0024 72697465
    \ 0028 53656374
    \ 002c 6f722e00
    \ 0000                      .section cdata,rodata
    \ 0000                      .pubweak `_StringLiteral_PutWholeSector before lower buffer. Track=`
    \ 0000          `_StringLiteral_PutWholeSector before lower buffer. Track=`:
    \ 0000 50757457             .byte   80,117,116,87,104,111,108,101,83,101,99,116,111,114,32,98,101,102,111,114,101,32,108,111,119,101,114,32,98,117,102,102,101,114,46,32,84,114,97,99,107,61,0
    \ 0004 686f6c65
    \ 0008 53656374
    \ 000c 6f722062
    \ 0010 65666f72
    \ 0014 65206c6f
    \ 0018 77657220
    \ 001c 62756666
    \ 0020 65722e20
    \ 0024 54726163
    \ 0028 6b3d00
    \ 0000                      .section cdata,rodata
    \ 0000                      .pubweak `_StringLiteral_PutWholeSector before upper buffer. Track=`
    \ 0000          `_StringLiteral_PutWholeSector before upper buffer. Track=`:
    \ 0000 50757457             .byte   80,117,116,87,104,111,108,101,83,101,99,116,111,114,32,98,101,102,111,114,101,32,117,112,112,101,114,32,98,117,102,102,101,114,46,32,84,114,97,99,107,61,0
    \ 0004 686f6c65
    \ 0008 53656374
    \ 000c 6f722062
    \ 0010 65666f72
    \ 0014 65207570
    \ 0018 70657220
    \ 001c 62756666
    \ 0020 65722e20
    \ 0024 54726163
    \ 0028 6b3d00
    \ 0000                      .section cdata,rodata
    \ 0000                      .pubweak `_StringLiteral_PutWholeSector done. Returning while WriteSector.`
    \ 0000          `_StringLiteral_PutWholeSector done. Returning while WriteSector.`:
    \ 0000 50757457             .byte   80,117,116,87,104,111,108,101,83,101,99,116,111,114,32,100,111,110,101,46,32,82,101,116,117,114,110,105,110,103,32,119,104,105,108,101,32,87,114,105,116,101,83,101,99,116,111,114,46,0
    \ 0004 686f6c65
    \ 0008 53656374
    \ 000c 6f722064
    \ 0010 6f6e652e
    \ 0014 20526574
    \ 0018 75726e69
    \ 001c 6e672077
    \ 0020 68696c65
    \ 0024 20577269
    \ 0028 74655365
    \ 002c 63746f72
    \ 0030 2e00
    \ 0000                      .section cdata,rodata
    \ 0000                      .pubweak `_StringLiteral_ReadSector. Track=`
    \ 0000          `_StringLiteral_ReadSector. Track=`:
    \ 0000 52656164             .byte   82,101,97,100,83,101,99,116,111,114,46,32,84,114,97,99,107,61,0
    \ 0004 53656374
    \ 0008 6f722e20
    \ 000c 54726163
    \ 0010 6b3d00
    \ 0000                      .section cdata,rodata
    \ 0000                      .pubweak `_StringLiteral_Reading...`
    \ 0000          `_StringLiteral_Reading...`:
    \ 0000 52656164             .byte   82,101,97,100,105,110,103,46,46,46,0
    \ 0004 696e672e
    \ 0008 2e2e00
    \ 0000                      .section cdata,rodata
    \ 0000                      .pubweak `_StringLiteral_Renaming subpartition,`
    \ 0000          `_StringLiteral_Renaming subpartition,`:
    \ 0000 52656e61             .byte   82,101,110,97,109,105,110,103,32,115,117,98,112,97,114,116,105,116,105,111,110,44,0
    \ 0004 6d696e67
    \ 0008 20737562
    \ 000c 70617274
    \ 0010 6974696f
    \ 0014 6e2c00
    \ 0000                      .section cdata,rodata
    \ 0000                      .pubweak `_StringLiteral_Updating directory,`
    \ 0000          `_StringLiteral_Updating directory,`:
    \ 0000 55706461             .byte   85,112,100,97,116,105,110,103,32,100,105,114,101,99,116,111,114,121,44,0
    \ 0004 74696e67
    \ 0008 20646972
    \ 000c 6563746f
    \ 0010 72792c00
    \ 0000                      .section cdata,rodata
    \ 0000                      .pubweak `_StringLiteral_WriteSector. Track=`
    \ 0000          `_StringLiteral_WriteSector. Track=`:
    \ 0000 57726974             .byte   87,114,105,116,101,83,101,99,116,111,114,46,32,84,114,97,99,107,61,0
    \ 0004 65536563
    \ 0008 746f722e
    \ 000c 20547261
    \ 0010 636b3d00
    \ 0000                      .section cdata,rodata
    \ 0000                      .pubweak `_StringLiteral_Writing file,`
    \ 0000          `_StringLiteral_Writing file,`:
    \ 0000 57726974             .byte   87,114,105,116,105,110,103,32,102,105,108,101,44,0
    \ 0004 696e6720
    \ 0008 66696c65
    \ 000c 2c00
    \ 0000                      .section cdata,rodata
    \ 0000                      .pubweak `_StringLiteral_Writing...`
    \ 0000          `_StringLiteral_Writing...`:
    \ 0000 57726974             .byte   87,114,105,116,105,110,103,46,46,46,0
    \ 0004 696e672e
    \ 0008 2e2e00
    \ 0000                      .section cdata,rodata
    \ 0000                      .pubweak `_StringLiteral__miniinit SECTBUF 32addr is: `
    \ 0000          `_StringLiteral__miniinit SECTBUF 32addr is: `:
    \ 0000 5f6d696e             .byte   95,109,105,110,105,105,110,105,116,32,83,69,67,84,66,85,70,32,51,50,97,100,100,114,32,105,115,58,32,0
    \ 0004 69696e69
    \ 0008 74205345
    \ 000c 43544255
    \ 0010 46203332
    \ 0014 61646472
    \ 0018 2069733a
    \ 001c 2000
    \ 0000                      .section cdata,rodata
    \ 0000                      .pubweak `_StringLiteral_directory/BAM`
    \ 0000          `_StringLiteral_directory/BAM`:
    \ 0000 64697265             .byte   100,105,114,101,99,116,111,114,121,47,66,65,77,0
    \ 0004 63746f72
    \ 0008 792f4241
    \ 000c 4d00
    \ 0000                      .section cdata,rodata
    \ 0000                      .pubweak `_StringLiteral_fatal error`
    \ 0000          `_StringLiteral_fatal error`:
    \ 0000 66617461             .byte   102,97,116,97,108,32,101,114,114,111,114,0
    \ 0004 6c206572
    \ 0008 726f7200
    \ 0000                      .section cdata,rodata
    \ 0000                      .pubweak _StringLiteral_max
    \ 0000          _StringLiteral_max:
    \ 0000 6d617800             .byte   109,97,120,0
    \ 0000                      .section cdata,rodata
    \ 0000                      .pubweak `_StringLiteral_number of sectors too big`
    \ 0000          `_StringLiteral_number of sectors too big`:
    \ 0000 6e756d62             .byte   110,117,109,98,101,114,32,111,102,32,115,101,99,116,111,114,115,32,116,111,111,32,98,105,103,0
    \ 0004 6572206f
    \ 0008 66207365
    \ 000c 63746f72
    \ 0010 7320746f
    \ 0014 6f206269
    \ 0018 6700
    \ 0000                      .section cdata,rodata
    \ 0000                      .pubweak `_StringLiteral_read error`
    \ 0000          `_StringLiteral_read error`:
    \ 0000 72656164             .byte   114,101,97,100,32,101,114,114,111,114,0
    \ 0004 20657272
    \ 0008 6f7200
    \ 0000                      .section cdata,rodata
    \ 0000                      .pubweak `_StringLiteral_write error`
    \ 0000          `_StringLiteral_write error`:
    \ 0000 77726974             .byte   119,114,105,116,101,32,101,114,114,111,114,0
    \ 0004 65206572
    \ 0008 726f7200

##########################
#                        #
# Memory sizes (decimal) #
#                        #
##########################

Executable        (Text): 10174 bytes
Zero initialized   (BSS):   519 bytes
Data                    :    12 bytes
Constant                :   617 bytes
