###############################################################################
#                                                                             #
# Calypsi linker for 6502                                        version 5.13 #
#                                                       23/Nov/2025  19:15:04 #
# Command line: -o midnightmega.prg --list-file=midnightmega.lst              #
#               --output-format prg --core 45gs02 --target=mega65             #
#               F:\Entwicklungsprojekte\github-nobru\midnightmega\calypsi\midnightmega.o #
#                                                                             #
#               F:\Entwicklungsprojekte\github-nobru\midnightmega\calypsi\hyppo.o #
#                                                                             #
#               F:\Entwicklungsprojekte\github-nobru\midnightmega\calypsi\fileio.o #
#                                                                             #
#               F:\Entwicklungsprojekte\github-nobru\midnightmega\calypsi\conioextensions.o #
#                                                                             #
#               F:\Entwicklungsprojekte\github-nobru\midnightmega\calypsi\nav.o #
#                                                                             #
#               F:\Entwicklungsprojekte\github-nobru\midnightmega\calypsi\texts.o #
#                                                                             #
#               F:\Entwicklungsprojekte\github-nobru\midnightmega\calypsi\sid.o #
#                                                                             #
#               F:\Entwicklungsprojekte\github-nobru\midnightmega\calypsi\romlist.o #
#                                                                             #
#               F:\Entwicklungsprojekte\github-nobru\midnightmega\calypsi\conio.o #
#                                                                             #
#               F:\Entwicklungsprojekte\github-nobru\midnightmega\mega65-libc\src\memory.o #
#                                                                             #
#               F:\Entwicklungsprojekte\github-nobru\midnightmega\mega65-libc\src\hal.o #
#               mega65-midnightmega.scm                                       #
#                                                                             #
###############################################################################

####################
#                  #
# Memories summary #
#                  #
####################

Name               Range             Size     Used     Checksum  Largest unallocated
------------------------------------------------------------------------------------
zeroPage           00000002-0000007f 0000007e  44.4%   none      00000046
stackPage          00001600-000016ff 00000100   0.0%   none      00000100
program            00002001-0000cfff 0000afff  81.1%   none      none
  > program-nobits 0000aa22-0000aed0 000004af 100.0%   none      0000212f


####################
#                  #
# Sections summary #
#                  #
####################

Name            Range              Size     Memory         Fragments
--------------------------------------------------------------------
registers       00000002-00000039  00000038 zeroPage       1
programStart    00002001-0000200d  0000000d program        1
startup         0000200e-00002045  00000038 program        5
cdata           00002046-00002198  00000153 program        60
data_init_table 00002199-000021a2  0000000a program        1
switch          000021a3-000021ac  0000000a program        1
cdata           000021ad-00002474  000002c8 program        50
switch          00002475-00002488  00000014 program        1
cdata           00002489-000024c4  0000003c program        3
switch          000024c5-000024d8  00000014 program        1
cdata           000024d9-00002782  000002aa program        29
switch          00002783-0000279e  0000001c program        1
cdata           0000279f-000028ff  00000161 program        12
switch          00002900-0000291f  00000020 program        1
cdata           00002920-000029eb  000000cc program        6
switch          000029ec-00002a0f  00000024 program        1
cdata           00002a10-00002d17  00000308 program        19
switch          00002d18-00002d47  00000030 program        1
cdata           00002d48-00002dec  000000a5 program        3
switch          00002ded-00002e2c  00000040 program        1
cdata           00002e2d-00002e7c  00000050 program        1
switch          00002e7d-00002f54  000000d8 program        1
cdata           00002f55-00003054  00000100 program        1
code            00003055-0000a9fc  000079a8 program        508
data            0000a9fd-0000aa21  00000025 program        8
zpsave          0000aa22-0000aa59  00000038 program-nobits 1
cstack          0000aa5a-0000ab58  000000ff program-nobits 1
zdata           0000ab59-0000aed0  00000378 program-nobits 23


###################
#                 #
# Placement rules #
#                 #
###################

Name               Address range     Key
----------------------------------------------------------------------
program            00002001-0000cfff 
  > (programStart 00002001)
  > (startup 0000200e)
  program-bits     00002001-0000cfff DATA
    > data
  program-nobits   00002001-0000cfff BSS
    > zdata and zpsave
    > cstack
  program-text     00002001-0000cfff TEXT
    > code
  program-const    00002001-0000cfff RODATA
    > data_init_table, cdata and switch
stackPage          00001600-000016ff 
  stackPage-bits   00001600-000016ff DATA
    > data
  stackPage-nobits 00001600-000016ff BSS
    > zdata and zpsave
    > cstack
zeroPage           00000002-0000007f ZPage
  > (registers 00000002)
  zeroPage-nobits  00000002-0000007f ZPage and BSS
    > 

Name   Size     Align
----------------------
cstack 000000ff no

################
#              #
# Object files #
#              #
################

Unit Filename                                                                    Archive
-----------------------------------------------------------------------------------------------------
  0  F:\Entwicklungsprojekte\github-nobru\midnightmega\calypsi\midnightmega.o    -
          >  cdata 0000001b
          >  code  00000038
  1  F:\Entwicklungsprojekte\github-nobru\midnightmega\calypsi\hyppo.o           -
          >  cdata 00000014
          >  code  0000058b
          >  zdata 00000021
  2  F:\Entwicklungsprojekte\github-nobru\midnightmega\calypsi\fileio.o          -
          >  cdata  00000247
          >  code   000026de
          >  data   0000000c
          >  switch 0000000a
          >  zdata  000001f4
  3  F:\Entwicklungsprojekte\github-nobru\midnightmega\calypsi\conioextensions.o -
          >  cdata  0000002a
          >  code   0000090e
          >  data   00000002
          >  switch 00000030
          >  zdata  00000050
  4  F:\Entwicklungsprojekte\github-nobru\midnightmega\calypsi\nav.o             -
          >  cdata  000009c7
          >  code   00002aa3
          >  data   00000004
          >  switch 0000018c
          >  zdata  000000b3
  5  F:\Entwicklungsprojekte\github-nobru\midnightmega\calypsi\texts.o           -
          >  cdata  0000005a
          >  code   000001f9
          >  switch 00000014
  6  F:\Entwicklungsprojekte\github-nobru\midnightmega\calypsi\sid.o             -
          >  code 00000060
  7  F:\Entwicklungsprojekte\github-nobru\midnightmega\calypsi\romlist.o         -
          >  cdata 0000006a
          >  code  0000013f
  8  F:\Entwicklungsprojekte\github-nobru\midnightmega\calypsi\conio.o           -
          >  code  0000083b
          >  data  00000013
          >  zdata 00000004
  9  F:\Entwicklungsprojekte\github-nobru\midnightmega\mega65-libc\src\memory.o  -
          >  code  000001fc
          >  zdata 00000015
 10  F:\Entwicklungsprojekte\github-nobru\midnightmega\mega65-libc\src\hal.o     -
          >  code 00000030
 13  commodore-startup.o                                                         sdk-45gs02-mega65.a
          # picked based on cstartup=mega65 (default for MEGA65 board support)
          >  code         00000001
          >  programStart 0000000d
          >  startup      00000038
          >  zdata        00000001
 15  pseudoRegisters.o                                                           clib-45gs02-mega65.a
          >  registers 00000038
 16  exit.o                                                                      clib-45gs02-mega65.a
          # picked based on exit=stdexit (built-in default)
          >  code 00000057
 18  controlFlow.o                                                               clib-45gs02-mega65.a
          >  code 00000003
 19  atexit.o                                                                    clib-45gs02-mega65.a
          >  zdata 00000042
 20  enter.o                                                                     clib-45gs02-mega65.a
          >  code 0000004d
 21  exitC99.o                                                                   clib-45gs02-mega65.a
          >  code 00000004
 22  stub_exit.o                                                                 sdk-45gs02-mega65.a
          # picked based on cstartup=mega65 (default for MEGA65 board support)
          >  code 0000000f
 25  integer.o                                                                   clib-45gs02-mega65.a
          >  code 000001f7
 26  stack.o                                                                     clib-45gs02-mega65.a
          >  code 0000002b
 27  lib_strlen.o                                                                clib-45gs02-mega65.a
          >  code 00000020
 28  vswitch16.o                                                                 clib-45gs02-mega65.a
          >  code 000000da
 29  spill.o                                                                     clib-45gs02-mega65.a
          >  code 00000099
 31  lib_strcpy.o                                                                clib-45gs02-mega65.a
          >  code 00000027
 32  memory.o                                                                    clib-45gs02-mega65.a
          >  code 0000000b
 36  lib_atoi.o                                                                  clib-45gs02-mega65.a
          >  code 00000010
 37  lib_strtol.o                                                                clib-45gs02-mega65.a
          >  code 00000145
 38  errno.o                                                                     clib-45gs02-mega65.a
          >  zdata 00000002
 39  lib_strtoul.o                                                               clib-45gs02-mega65.a
          >  code 00000234
 40  lib_isbasedigit.o                                                           clib-45gs02-mega65.a
          >  code 000000ef
 41  lib_checkbase.o                                                             clib-45gs02-mega65.a
          >  code 000000ce
 42  lib_skipspace.o                                                             clib-45gs02-mega65.a
          >  code 00000040
 43  ctype.o                                                                     clib-45gs02-mega65.a
          >  cdata 00000100
          >  code  00000030
 44  preserve_zero_page.o                                                        sdk-45gs02-mega65.a
          >  zpsave 00000038
 45  streamlist.o                                                                clib-45gs02-mega65.a
          >  zdata 00000002
 46  initialize.o                                                                clib-45gs02-mega65.a
          # picked based on initialize=normal (built-in default)
          >  code 00000097
 48  memset_far.o                                                                clib-45gs02-mega65.a
          >  code 0000002b
 49  memcpy_far.o                                                                clib-45gs02-mega65.a
          >  code 0000003d

###################
#                 #
# Cross reference #
#                 #
###################

_Zp in section 'registers'
 placed at address 00000002-00000039 of size 00000038
(pseudoRegisters.o (from clib-45gs02-mega65.a) unit 15 section index 2)
    Defines:
        _Zp = 00000002
        _Vsp = 00000032
        _Vfp = 00000034
        _Temp = 00000036
        _MapShadow = 00000038
    Referenced from:
        main (F:\Entwicklungsprojekte\github-nobru\midnightmega\calypsi\midnightmega.o unit 0 section index 17)
        hyppo_setname (F:\Entwicklungsprojekte\github-nobru\midnightmega\calypsi\hyppo.o unit 1 section index 10)
        hyppo_readdir (F:\Entwicklungsprojekte\github-nobru\midnightmega\calypsi\hyppo.o unit 1 section index 17)
        getsfn (F:\Entwicklungsprojekte\github-nobru\midnightmega\calypsi\hyppo.o unit 1 section index 24)
        getallhyppoentries (F:\Entwicklungsprojekte\github-nobru\midnightmega\calypsi\hyppo.o unit 1 section index 26)
        (F:\Entwicklungsprojekte\github-nobru\midnightmega\calypsi\hyppo.o unit 1 section index 34)
        (F:\Entwicklungsprojekte\github-nobru\midnightmega\calypsi\hyppo.o unit 1 section index 35)
        (F:\Entwicklungsprojekte\github-nobru\midnightmega\calypsi\hyppo.o unit 1 section index 36)
        ... 420 more

__program_root_section in section 'programStart'
 placed at address 00002001-0000200d of size 0000000d
(commodore-startup.o (from sdk-45gs02-mega65.a) unit 13 section index 3)
    Defines:
        __program_root_section = 00002001

__program_start in section 'startup'
 placed at address 0000200e of size 00000000
(commodore-startup.o (from sdk-45gs02-mega65.a) unit 13 section index 4)
    Defines:
        __program_start = 0000200e

__preserve_zp_needed in section 'startup'
 placed at address 0000200e-00002017 of size 0000000a
(commodore-startup.o (from sdk-45gs02-mega65.a) unit 13 section index 5)
    Defines:
        __preserve_zp_needed = 0000200e
    References:
        .sectionSize(registers)
        .sectionStart(registers)
        .sectionStart(zpsave)

Section 'startup'  placed at address 00002018-00002022 of size 0000000b
(commodore-startup.o (from sdk-45gs02-mega65.a) unit 13 section index 6)
    References:
        .sectionEnd(cstack)
        _Vsp in (pseudoRegisters.o (from clib-45gs02-mega65.a) unit 15 section index 2)
        __low_level_init in (commodore-startup.o (from sdk-45gs02-mega65.a) unit 13 section index 2)

__data_initialization_needed in section 'startup'
 placed at address 00002023-00002035 of size 00000013
(commodore-startup.o (from sdk-45gs02-mega65.a) unit 13 section index 7)
    Defines:
        __data_initialization_needed = 00002023
    References:
        .sectionEnd(data_init_table)
        .sectionStart(data_init_table)
        _Zp in (pseudoRegisters.o (from clib-45gs02-mega65.a) unit 15 section index 2)
        __initialize_sections in (initialize.o (from clib-45gs02-mega65.a) unit 46 section index 2)

Section 'startup'  placed at address 00002036-00002045 of size 00000010
(commodore-startup.o (from sdk-45gs02-mega65.a) unit 13 section index 10)
    References:
        _InitialStack in (commodore-startup.o (from sdk-45gs02-mega65.a) unit 13 section index 11)
        _Zp in (pseudoRegisters.o (from clib-45gs02-mega65.a) unit 15 section index 2)
        exit in (exit.o (from clib-45gs02-mega65.a) unit 16 section index 2)
        main in (F:\Entwicklungsprojekte\github-nobru\midnightmega\calypsi\midnightmega.o unit 0 section index 17)

_StringLiteral_ in section 'cdata'
 placed at address 00002046-00002046 of size 00000001
(F:\Entwicklungsprojekte\github-nobru\midnightmega\calypsi\conioextensions.o unit 3 section index 77)
    Defines:
        _StringLiteral_ = 00002046
    Referenced from:
        inputbox (F:\Entwicklungsprojekte\github-nobru\midnightmega\calypsi\conioextensions.o unit 3 section index 38)

hyppofn in section 'cdata'
 placed at address 00002047-00002048 of size 00000002
(F:\Entwicklungsprojekte\github-nobru\midnightmega\calypsi\hyppo.o unit 1 section index 2)
    Defines:
        hyppofn = 00002047
    Referenced from:
        hyppo_setname (F:\Entwicklungsprojekte\github-nobru\midnightmega\calypsi\hyppo.o unit 1 section index 10)
        getsfn (F:\Entwicklungsprojekte\github-nobru\midnightmega\calypsi\hyppo.o unit 1 section index 24)
        (F:\Entwicklungsprojekte\github-nobru\midnightmega\calypsi\hyppo.o unit 1 section index 37)
        romlist (F:\Entwicklungsprojekte\github-nobru\midnightmega\calypsi\romlist.o unit 7 section index 2)
        (F:\Entwicklungsprojekte\github-nobru\midnightmega\calypsi\romlist.o unit 7 section index 3)

readdir_dirent in section 'cdata'
 placed at address 00002049-0000204a of size 00000002
(F:\Entwicklungsprojekte\github-nobru\midnightmega\calypsi\hyppo.o unit 1 section index 3)
    Defines:
        readdir_dirent = 00002049
    Referenced from:
        hyppo_readdir (F:\Entwicklungsprojekte\github-nobru\midnightmega\calypsi\hyppo.o unit 1 section index 17)
        (F:\Entwicklungsprojekte\github-nobru\midnightmega\calypsi\hyppo.o unit 1 section index 34)
        (F:\Entwicklungsprojekte\github-nobru\midnightmega\calypsi\hyppo.o unit 1 section index 35)
        (F:\Entwicklungsprojekte\github-nobru\midnightmega\calypsi\hyppo.o unit 1 section index 36)
        (F:\Entwicklungsprojekte\github-nobru\midnightmega\calypsi\hyppo.o unit 1 section index 43)
        getdirententry (F:\Entwicklungsprojekte\github-nobru\midnightmega\calypsi\fileio.o unit 2 section index 34)
        writenewdirententry (F:\Entwicklungsprojekte\github-nobru\midnightmega\calypsi\fileio.o unit 2 section index 36)
        deletedirententry (F:\Entwicklungsprojekte\github-nobru\midnightmega\calypsi\fileio.o unit 2 section index 37)
        swapdirententry (F:\Entwicklungsprojekte\github-nobru\midnightmega\calypsi\fileio.o unit 2 section index 38)
        (F:\Entwicklungsprojekte\github-nobru\midnightmega\calypsi\fileio.o unit 2 section index 124)

taskblock in section 'cdata'
 placed at address 0000204b-0000204c of size 00000002
(F:\Entwicklungsprojekte\github-nobru\midnightmega\calypsi\hyppo.o unit 1 section index 4)
    Defines:
        taskblock = 0000204b
    Referenced from:
        hyppo_get_proc_desc (F:\Entwicklungsprojekte\github-nobru\midnightmega\calypsi\hyppo.o unit 1 section index 7)
        (F:\Entwicklungsprojekte\github-nobru\midnightmega\calypsi\nav.o unit 4 section index 63)

`_StringLiteral_=` in section 'cdata'
 placed at address 0000204d-0000204e of size 00000002
(F:\Entwicklungsprojekte\github-nobru\midnightmega\calypsi\conioextensions.o unit 3 section index 84)
    Defines:
        `_StringLiteral_=` = 0000204d
    Referenced from:
        messagebox (F:\Entwicklungsprojekte\github-nobru\midnightmega\calypsi\conioextensions.o unit 3 section index 35)

`_StringLiteral_ ` in section 'cdata'
 placed at address 0000204f-00002050 of size 00000002
(F:\Entwicklungsprojekte\github-nobru\midnightmega\calypsi\nav.o unit 4 section index 145)
    Defines:
        `_StringLiteral_ ` = 0000204f
    Referenced from:
        _miniInit (F:\Entwicklungsprojekte\github-nobru\midnightmega\calypsi\fileio.o unit 2 section index 6)
        (F:\Entwicklungsprojekte\github-nobru\midnightmega\calypsi\fileio.o unit 2 section index 87)
        valuesbox (F:\Entwicklungsprojekte\github-nobru\midnightmega\calypsi\conioextensions.o unit 3 section index 36)
        progress (F:\Entwicklungsprojekte\github-nobru\midnightmega\calypsi\conioextensions.o unit 3 section index 37)
        rombox (F:\Entwicklungsprojekte\github-nobru\midnightmega\calypsi\nav.o unit 4 section index 13)
        navi (F:\Entwicklungsprojekte\github-nobru\midnightmega\calypsi\nav.o unit 4 section index 17)
        (F:\Entwicklungsprojekte\github-nobru\midnightmega\calypsi\nav.o unit 4 section index 27)
        (F:\Entwicklungsprojekte\github-nobru\midnightmega\calypsi\nav.o unit 4 section index 100)
        (F:\Entwicklungsprojekte\github-nobru\midnightmega\calypsi\nav.o unit 4 section index 108)

`_StringLiteral_ D` in section 'cdata'
 placed at address 00002051-00002053 of size 00000003
(F:\Entwicklungsprojekte\github-nobru\midnightmega\calypsi\fileio.o unit 2 section index 157)
    Defines:
        `_StringLiteral_ D` = 00002051
    Referenced from:
        ShowAccess (F:\Entwicklungsprojekte\github-nobru\midnightmega\calypsi\fileio.o unit 2 section index 5)

`_StringLiteral_[32,30]` in section 'cdata'
 placed at address 00002054-00002056 of size 00000003
(F:\Entwicklungsprojekte\github-nobru\midnightmega\calypsi\nav.o unit 4 section index 146)
    Defines:
        `_StringLiteral_[32,30]` = 00002054
    Referenced from:
        shortcuts (F:\Entwicklungsprojekte\github-nobru\midnightmega\calypsi\nav.o unit 4 section index 6)

`_StringLiteral_ 1` in section 'cdata'
 placed at address 00002057-00002059 of size 00000003
(F:\Entwicklungsprojekte\github-nobru\midnightmega\calypsi\nav.o unit 4 section index 151)
    Defines:
        `_StringLiteral_ 1` = 00002057
    Referenced from:
        shortcuts (F:\Entwicklungsprojekte\github-nobru\midnightmega\calypsi\nav.o unit 4 section index 6)
        (F:\Entwicklungsprojekte\github-nobru\midnightmega\calypsi\nav.o unit 4 section index 88)

`_StringLiteral_ 2` in section 'cdata'
 placed at address 0000205a-0000205c of size 00000003
(F:\Entwicklungsprojekte\github-nobru\midnightmega\calypsi\nav.o unit 4 section index 153)
    Defines:
        `_StringLiteral_ 2` = 0000205a
    Referenced from:
        shortcuts (F:\Entwicklungsprojekte\github-nobru\midnightmega\calypsi\nav.o unit 4 section index 6)
        (F:\Entwicklungsprojekte\github-nobru\midnightmega\calypsi\nav.o unit 4 section index 89)

`_StringLiteral_ 3` in section 'cdata'
 placed at address 0000205d-0000205f of size 00000003
(F:\Entwicklungsprojekte\github-nobru\midnightmega\calypsi\nav.o unit 4 section index 154)
    Defines:
        `_StringLiteral_ 3` = 0000205d
    Referenced from:
        shortcuts (F:\Entwicklungsprojekte\github-nobru\midnightmega\calypsi\nav.o unit 4 section index 6)
        (F:\Entwicklungsprojekte\github-nobru\midnightmega\calypsi\nav.o unit 4 section index 90)

`_StringLiteral_ 4` in section 'cdata'
 placed at address 00002060-00002062 of size 00000003
(F:\Entwicklungsprojekte\github-nobru\midnightmega\calypsi\nav.o unit 4 section index 155)
    Defines:
        `_StringLiteral_ 4` = 00002060
    Referenced from:
        shortcuts (F:\Entwicklungsprojekte\github-nobru\midnightmega\calypsi\nav.o unit 4 section index 6)

`_StringLiteral_ 5` in section 'cdata'
 placed at address 00002063-00002065 of size 00000003
(F:\Entwicklungsprojekte\github-nobru\midnightmega\calypsi\nav.o unit 4 section index 156)
    Defines:
        `_StringLiteral_ 5` = 00002063
    Referenced from:
        shortcuts (F:\Entwicklungsprojekte\github-nobru\midnightmega\calypsi\nav.o unit 4 section index 6)

`_StringLiteral_ 6` in section 'cdata'
 placed at address 00002066-00002068 of size 00000003
(F:\Entwicklungsprojekte\github-nobru\midnightmega\calypsi\nav.o unit 4 section index 157)
    Defines:
        `_StringLiteral_ 6` = 00002066
    Referenced from:
        shortcuts (F:\Entwicklungsprojekte\github-nobru\midnightmega\calypsi\nav.o unit 4 section index 6)

`_StringLiteral_ 7` in section 'cdata'
 placed at address 00002069-0000206b of size 00000003
(F:\Entwicklungsprojekte\github-nobru\midnightmega\calypsi\nav.o unit 4 section index 158)
    Defines:
        `_StringLiteral_ 7` = 00002069
    Referenced from:
        shortcuts (F:\Entwicklungsprojekte\github-nobru\midnightmega\calypsi\nav.o unit 4 section index 6)
        (F:\Entwicklungsprojekte\github-nobru\midnightmega\calypsi\nav.o unit 4 section index 91)

`_StringLiteral_ 8` in section 'cdata'
 placed at address 0000206c-0000206e of size 00000003
(F:\Entwicklungsprojekte\github-nobru\midnightmega\calypsi\nav.o unit 4 section index 159)
    Defines:
        `_StringLiteral_ 8` = 0000206c
    Referenced from:
        shortcuts (F:\Entwicklungsprojekte\github-nobru\midnightmega\calypsi\nav.o unit 4 section index 6)

`_StringLiteral_ 9` in section 'cdata'
 placed at address 0000206f-00002071 of size 00000003
(F:\Entwicklungsprojekte\github-nobru\midnightmega\calypsi\nav.o unit 4 section index 160)
    Defines:
        `_StringLiteral_ 9` = 0000206f
    Referenced from:
        shortcuts (F:\Entwicklungsprojekte\github-nobru\midnightmega\calypsi\nav.o unit 4 section index 6)
        (F:\Entwicklungsprojekte\github-nobru\midnightmega\calypsi\nav.o unit 4 section index 81)

`_StringLiteral_ v` in section 'cdata'
 placed at address 00002072-00002074 of size 00000003
(F:\Entwicklungsprojekte\github-nobru\midnightmega\calypsi\nav.o unit 4 section index 175)
    Defines:
        `_StringLiteral_ v` = 00002072
    Referenced from:
        shortcuts (F:\Entwicklungsprojekte\github-nobru\midnightmega\calypsi\nav.o unit 4 section index 6)

_StringLiteral_max in section 'cdata'
 placed at address 00002075-00002078 of size 00000004
(F:\Entwicklungsprojekte\github-nobru\midnightmega\calypsi\fileio.o unit 2 section index 176)
    Defines:
        _StringLiteral_max = 00002075
    Referenced from:
        writeblockchain (F:\Entwicklungsprojekte\github-nobru\midnightmega\calypsi\fileio.o unit 2 section index 29)

`_StringLiteral_ 10` in section 'cdata'
 placed at address 00002079-0000207c of size 00000004
(F:\Entwicklungsprojekte\github-nobru\midnightmega\calypsi\nav.o unit 4 section index 152)
    Defines:
        `_StringLiteral_ 10` = 00002079
    Referenced from:
        shortcuts (F:\Entwicklungsprojekte\github-nobru\midnightmega\calypsi\nav.o unit 4 section index 6)

_StringLiteral_BAM in section 'cdata'
 placed at address 0000207d-00002080 of size 00000004
(F:\Entwicklungsprojekte\github-nobru\midnightmega\calypsi\nav.o unit 4 section index 178)
    Defines:
        _StringLiteral_BAM = 0000207d
    Referenced from:
        navi (F:\Entwicklungsprojekte\github-nobru\midnightmega\calypsi\nav.o unit 4 section index 17)
        (F:\Entwicklungsprojekte\github-nobru\midnightmega\calypsi\nav.o unit 4 section index 39)

`_StringLiteral_    ` in section 'cdata'
 placed at address 00002081-00002085 of size 00000005
(F:\Entwicklungsprojekte\github-nobru\midnightmega\calypsi\nav.o unit 4 section index 147)
    Defines:
        `_StringLiteral_    ` = 00002081
    Referenced from:
        listbox (F:\Entwicklungsprojekte\github-nobru\midnightmega\calypsi\nav.o unit 4 section index 3)

_StringLiteral_save in section 'cdata'
 placed at address 00002086-0000208a of size 00000005
(F:\Entwicklungsprojekte\github-nobru\midnightmega\calypsi\nav.o unit 4 section index 273)
    Defines:
        _StringLiteral_save = 00002086
    Referenced from:
        shortcuts (F:\Entwicklungsprojekte\github-nobru\midnightmega\calypsi\nav.o unit 4 section index 6)

`_StringLiteral_     ` in section 'cdata'
 placed at address 0000208b-00002090 of size 00000006
(F:\Entwicklungsprojekte\github-nobru\midnightmega\calypsi\nav.o unit 4 section index 148)
    Defines:
        `_StringLiteral_     ` = 0000208b
    Referenced from:
        shortcuts (F:\Entwicklungsprojekte\github-nobru\midnightmega\calypsi\nav.o unit 4 section index 6)

`_StringLiteral_ STOP` in section 'cdata'
 placed at address 00002091-00002096 of size 00000006
(F:\Entwicklungsprojekte\github-nobru\midnightmega\calypsi\nav.o unit 4 section index 166)
    Defines:
        `_StringLiteral_ STOP` = 00002091
    Referenced from:
        shortcuts (F:\Entwicklungsprojekte\github-nobru\midnightmega\calypsi\nav.o unit 4 section index 6)

`_StringLiteral_ drv:` in section 'cdata'
 placed at address 00002097-0000209c of size 00000006
(F:\Entwicklungsprojekte\github-nobru\midnightmega\calypsi\nav.o unit 4 section index 172)
    Defines:
        `_StringLiteral_ drv:` = 00002097
    Referenced from:
        navi (F:\Entwicklungsprojekte\github-nobru\midnightmega\calypsi\nav.o unit 4 section index 17)

`_StringLiteral_File ` in section 'cdata'
 placed at address 0000209d-000020a2 of size 00000006
(F:\Entwicklungsprojekte\github-nobru\midnightmega\calypsi\nav.o unit 4 section index 201)
    Defines:
        `_StringLiteral_File ` = 0000209d
    Referenced from:
        navi (F:\Entwicklungsprojekte\github-nobru\midnightmega\calypsi\nav.o unit 4 section index 17)

`_StringLiteral_Quit ` in section 'cdata'
 placed at address 000020a3-000020a8 of size 00000006
(F:\Entwicklungsprojekte\github-nobru\midnightmega\calypsi\nav.o unit 4 section index 222)
    Defines:
        `_StringLiteral_Quit ` = 000020a3
    Referenced from:
        shortcuts (F:\Entwicklungsprojekte\github-nobru\midnightmega\calypsi\nav.o unit 4 section index 6)

_StringLiteral_abort in section 'cdata'
 placed at address 000020a9-000020ae of size 00000006
(F:\Entwicklungsprojekte\github-nobru\midnightmega\calypsi\nav.o unit 4 section index 238)
    Defines:
        _StringLiteral_abort = 000020a9
    Referenced from:
        shortcuts (F:\Entwicklungsprojekte\github-nobru\midnightmega\calypsi\nav.o unit 4 section index 6)

`_StringLiteral_      ` in section 'cdata'
 placed at address 000020af-000020b5 of size 00000007
(F:\Entwicklungsprojekte\github-nobru\midnightmega\calypsi\nav.o unit 4 section index 149)
    Defines:
        `_StringLiteral_      ` = 000020af
    Referenced from:
        shortcuts (F:\Entwicklungsprojekte\github-nobru\midnightmega\calypsi\nav.o unit 4 section index 6)
        (F:\Entwicklungsprojekte\github-nobru\midnightmega\calypsi\nav.o unit 4 section index 25)

`_StringLiteral_ Menu ` in section 'cdata'
 placed at address 000020b6-000020bc of size 00000007
(F:\Entwicklungsprojekte\github-nobru\midnightmega\calypsi\nav.o unit 4 section index 163)
    Defines:
        `_StringLiteral_ Menu ` = 000020b6
    Referenced from:
        menubox (F:\Entwicklungsprojekte\github-nobru\midnightmega\calypsi\nav.o unit 4 section index 9)

`_StringLiteral_ Space` in section 'cdata'
 placed at address 000020bd-000020c3 of size 00000007
(F:\Entwicklungsprojekte\github-nobru\midnightmega\calypsi\nav.o unit 4 section index 168)
    Defines:
        `_StringLiteral_ Space` = 000020bd
    Referenced from:
        shortcuts (F:\Entwicklungsprojekte\github-nobru\midnightmega\calypsi\nav.o unit 4 section index 6)

`_StringLiteral_Copy  ` in section 'cdata'
 placed at address 000020c4-000020ca of size 00000007
(F:\Entwicklungsprojekte\github-nobru\midnightmega\calypsi\nav.o unit 4 section index 179)
    Defines:
        `_StringLiteral_Copy  ` = 000020c4
    Referenced from:
        shortcuts (F:\Entwicklungsprojekte\github-nobru\midnightmega\calypsi\nav.o unit 4 section index 6)

_StringLiteral_Delete in section 'cdata'
 placed at address 000020cb-000020d1 of size 00000007
(F:\Entwicklungsprojekte\github-nobru\midnightmega\calypsi\nav.o unit 4 section index 187)
    Defines:
        _StringLiteral_Delete = 000020cb
    Referenced from:
        (F:\Entwicklungsprojekte\github-nobru\midnightmega\calypsi\nav.o unit 4 section index 68)

_StringLiteral_DskCpy in section 'cdata'
 placed at address 000020d2-000020d8 of size 00000007
(F:\Entwicklungsprojekte\github-nobru\midnightmega\calypsi\nav.o unit 4 section index 195)
    Defines:
        _StringLiteral_DskCpy = 000020d2
    Referenced from:
        shortcuts (F:\Entwicklungsprojekte\github-nobru\midnightmega\calypsi\nav.o unit 4 section index 6)

`_StringLiteral_Edit  ` in section 'cdata'
 placed at address 000020d9-000020df of size 00000007
(F:\Entwicklungsprojekte\github-nobru\midnightmega\calypsi\nav.o unit 4 section index 198)
    Defines:
        `_StringLiteral_Edit  ` = 000020d9
    Referenced from:
        (F:\Entwicklungsprojekte\github-nobru\midnightmega\calypsi\nav.o unit 4 section index 70)

_StringLiteral_Format in section 'cdata'
 placed at address 000020e0-000020e6 of size 00000007
(F:\Entwicklungsprojekte\github-nobru\midnightmega\calypsi\nav.o unit 4 section index 205)
    Defines:
        _StringLiteral_Format = 000020e0
    Referenced from:
        shortcuts (F:\Entwicklungsprojekte\github-nobru\midnightmega\calypsi\nav.o unit 4 section index 6)

_StringLiteral_Freezr in section 'cdata'
 placed at address 000020e7-000020ed of size 00000007
(F:\Entwicklungsprojekte\github-nobru\midnightmega\calypsi\nav.o unit 4 section index 207)
    Defines:
        _StringLiteral_Freezr = 000020e7
    Referenced from:
        shortcuts (F:\Entwicklungsprojekte\github-nobru\midnightmega\calypsi\nav.o unit 4 section index 6)

`_StringLiteral_Help  ` in section 'cdata'
 placed at address 000020ee-000020f4 of size 00000007
(F:\Entwicklungsprojekte\github-nobru\midnightmega\calypsi\nav.o unit 4 section index 208)
    Defines:
        `_StringLiteral_Help  ` = 000020ee
    Referenced from:
        shortcuts (F:\Entwicklungsprojekte\github-nobru\midnightmega\calypsi\nav.o unit 4 section index 6)

`_StringLiteral_Menu  ` in section 'cdata'
 placed at address 000020f5-000020fb of size 00000007
(F:\Entwicklungsprojekte\github-nobru\midnightmega\calypsi\nav.o unit 4 section index 211)
    Defines:
        `_StringLiteral_Menu  ` = 000020f5
    Referenced from:
        shortcuts (F:\Entwicklungsprojekte\github-nobru\midnightmega\calypsi\nav.o unit 4 section index 6)

`_StringLiteral_Mkdir ` in section 'cdata'
 placed at address 000020fc-00002102 of size 00000007
(F:\Entwicklungsprojekte\github-nobru\midnightmega\calypsi\nav.o unit 4 section index 212)
    Defines:
        `_StringLiteral_Mkdir ` = 000020fc
    Referenced from:
        (F:\Entwicklungsprojekte\github-nobru\midnightmega\calypsi\nav.o unit 4 section index 91)

`_StringLiteral_Mount ` in section 'cdata'
 placed at address 00002103-00002109 of size 00000007
(F:\Entwicklungsprojekte\github-nobru\midnightmega\calypsi\nav.o unit 4 section index 213)
    Defines:
        `_StringLiteral_Mount ` = 00002103
    Referenced from:
        shortcuts (F:\Entwicklungsprojekte\github-nobru\midnightmega\calypsi\nav.o unit 4 section index 6)
        (F:\Entwicklungsprojekte\github-nobru\midnightmega\calypsi\nav.o unit 4 section index 89)

`_StringLiteral_Quit  ` in section 'cdata'
 placed at address 0000210a-00002110 of size 00000007
(F:\Entwicklungsprojekte\github-nobru\midnightmega\calypsi\nav.o unit 4 section index 223)
    Defines:
        `_StringLiteral_Quit  ` = 0000210a
    Referenced from:
        shortcuts (F:\Entwicklungsprojekte\github-nobru\midnightmega\calypsi\nav.o unit 4 section index 6)

_StringLiteral_ROMlst in section 'cdata'
 placed at address 00002111-00002117 of size 00000007
(F:\Entwicklungsprojekte\github-nobru\midnightmega\calypsi\nav.o unit 4 section index 224)
    Defines:
        _StringLiteral_ROMlst = 00002111
    Referenced from:
        shortcuts (F:\Entwicklungsprojekte\github-nobru\midnightmega\calypsi\nav.o unit 4 section index 6)

_StringLiteral_Rename in section 'cdata'
 placed at address 00002118-0000211e of size 00000007
(F:\Entwicklungsprojekte\github-nobru\midnightmega\calypsi\nav.o unit 4 section index 226)
    Defines:
        _StringLiteral_Rename = 00002118
    Referenced from:
        (F:\Entwicklungsprojekte\github-nobru\midnightmega\calypsi\nav.o unit 4 section index 69)

`_StringLiteral_View  ` in section 'cdata'
 placed at address 0000211f-00002125 of size 00000007
(F:\Entwicklungsprojekte\github-nobru\midnightmega\calypsi\nav.o unit 4 section index 235)
    Defines:
        `_StringLiteral_View  ` = 0000211f
    Referenced from:
        (F:\Entwicklungsprojekte\github-nobru\midnightmega\calypsi\nav.o unit 4 section index 90)

_StringLiteral_select in section 'cdata'
 placed at address 00002126-0000212c of size 00000007
(F:\Entwicklungsprojekte\github-nobru\midnightmega\calypsi\nav.o unit 4 section index 274)
    Defines:
        _StringLiteral_select = 00002126
    Referenced from:
        shortcuts (F:\Entwicklungsprojekte\github-nobru\midnightmega\calypsi\nav.o unit 4 section index 6)

`_StringLiteral_ byte=` in section 'cdata'
 placed at address 0000212d-00002133 of size 00000007
(F:\Entwicklungsprojekte\github-nobru\midnightmega\calypsi\texts.o unit 5 section index 9)
    Defines:
        `_StringLiteral_ byte=` = 0000212d
    Referenced from:
        text (F:\Entwicklungsprojekte\github-nobru\midnightmega\calypsi\texts.o unit 5 section index 3)

`_StringLiteral_ RETURN` in section 'cdata'
 placed at address 00002134-0000213b of size 00000008
(F:\Entwicklungsprojekte\github-nobru\midnightmega\calypsi\nav.o unit 4 section index 165)
    Defines:
        `_StringLiteral_ RETURN` = 00002134
    Referenced from:
        shortcuts (F:\Entwicklungsprojekte\github-nobru\midnightmega\calypsi\nav.o unit 4 section index 6)

`_StringLiteral_ Setup ` in section 'cdata'
 placed at address 0000213c-00002143 of size 00000008
(F:\Entwicklungsprojekte\github-nobru\midnightmega\calypsi\nav.o unit 4 section index 167)
    Defines:
        `_StringLiteral_ Setup ` = 0000213c
    Referenced from:
        setupbox (F:\Entwicklungsprojekte\github-nobru\midnightmega\calypsi\nav.o unit 4 section index 8)

`_StringLiteral_ empty ` in section 'cdata'
 placed at address 00002144-0000214b of size 00000008
(F:\Entwicklungsprojekte\github-nobru\midnightmega\calypsi\nav.o unit 4 section index 173)
    Defines:
        `_StringLiteral_ empty ` = 00002144
    Referenced from:
        navi (F:\Entwicklungsprojekte\github-nobru\midnightmega\calypsi\nav.o unit 4 section index 17)

`_StringLiteral_Crsr up` in section 'cdata'
 placed at address 0000214c-00002153 of size 00000008
(F:\Entwicklungsprojekte\github-nobru\midnightmega\calypsi\nav.o unit 4 section index 185)
    Defines:
        `_StringLiteral_Crsr up` = 0000214c
    Referenced from:
        shortcuts (F:\Entwicklungsprojekte\github-nobru\midnightmega\calypsi\nav.o unit 4 section index 6)

_StringLiteral_Freezer in section 'cdata'
 placed at address 00002154-0000215b of size 00000008
(F:\Entwicklungsprojekte\github-nobru\midnightmega\calypsi\nav.o unit 4 section index 206)
    Defines:
        _StringLiteral_Freezer = 00002154
    Referenced from:
        navi (F:\Entwicklungsprojekte\github-nobru\midnightmega\calypsi\nav.o unit 4 section index 17)

_StringLiteral_Unmount in section 'cdata'
 placed at address 0000215c-00002163 of size 00000008
(F:\Entwicklungsprojekte\github-nobru\midnightmega\calypsi\nav.o unit 4 section index 233)
    Defines:
        _StringLiteral_Unmount = 0000215c
    Referenced from:
        navi (F:\Entwicklungsprojekte\github-nobru\midnightmega\calypsi\nav.o unit 4 section index 17)

`_StringLiteral_accept.` in section 'cdata'
 placed at address 00002164-0000216b of size 00000008
(F:\Entwicklungsprojekte\github-nobru\midnightmega\calypsi\nav.o unit 4 section index 239)
    Defines:
        `_StringLiteral_accept.` = 00002164
    Referenced from:
        setupbox (F:\Entwicklungsprojekte\github-nobru\midnightmega\calypsi\nav.o unit 4 section index 8)

`_StringLiteral_ $d082U=` in section 'cdata'
 placed at address 0000216c-00002174 of size 00000009
(F:\Entwicklungsprojekte\github-nobru\midnightmega\calypsi\fileio.o unit 2 section index 156)
    Defines:
        `_StringLiteral_ $d082U=` = 0000216c
    Referenced from:
        (F:\Entwicklungsprojekte\github-nobru\midnightmega\calypsi\fileio.o unit 2 section index 57)

`_StringLiteral_ Sector=` in section 'cdata'
 placed at address 00002175-0000217d of size 00000009
(F:\Entwicklungsprojekte\github-nobru\midnightmega\calypsi\fileio.o unit 2 section index 158)
    Defines:
        `_StringLiteral_ Sector=` = 00002175
    Referenced from:
        (F:\Entwicklungsprojekte\github-nobru\midnightmega\calypsi\fileio.o unit 2 section index 53)
        (F:\Entwicklungsprojekte\github-nobru\midnightmega\calypsi\fileio.o unit 2 section index 57)

`_StringLiteral_        ` in section 'cdata'
 placed at address 0000217e-00002186 of size 00000009
(F:\Entwicklungsprojekte\github-nobru\midnightmega\calypsi\conioextensions.o unit 3 section index 79)
    Defines:
        `_StringLiteral_        ` = 0000217e
    Referenced from:
        progress (F:\Entwicklungsprojekte\github-nobru\midnightmega\calypsi\conioextensions.o unit 3 section index 37)

`_StringLiteral_ Cancel ` in section 'cdata'
 placed at address 00002187-0000218f of size 00000009
(F:\Entwicklungsprojekte\github-nobru\midnightmega\calypsi\conioextensions.o unit 3 section index 81)
    Defines:
        `_StringLiteral_ Cancel ` = 00002187
    Referenced from:
        messagebox (F:\Entwicklungsprojekte\github-nobru\midnightmega\calypsi\conioextensions.o unit 3 section index 35)

`_StringLiteral_   OK   ` in section 'cdata'
 placed at address 00002190-00002198 of size 00000009
(F:\Entwicklungsprojekte\github-nobru\midnightmega\calypsi\nav.o unit 4 section index 150)
    Defines:
        `_StringLiteral_   OK   ` = 00002190
    Referenced from:
        messagebox (F:\Entwicklungsprojekte\github-nobru\midnightmega\calypsi\conioextensions.o unit 3 section index 35)
        (F:\Entwicklungsprojekte\github-nobru\midnightmega\calypsi\nav.o unit 4 section index 62)

Section 'data_init_table'  placed at address 00002199-000021a2 of size 0000000a
(linker generated)

`?L623` in section 'switch'
 placed at address 000021a3-000021ac of size 0000000a
(F:\Entwicklungsprojekte\github-nobru\midnightmega\calypsi\fileio.o unit 2 section index 180)

`_StringLiteral_Crsr down` in section 'cdata'
 placed at address 000021ad-000021b6 of size 0000000a
(F:\Entwicklungsprojekte\github-nobru\midnightmega\calypsi\nav.o unit 4 section index 184)
    Defines:
        `_StringLiteral_Crsr down` = 000021ad
    Referenced from:
        shortcuts (F:\Entwicklungsprojekte\github-nobru\midnightmega\calypsi\nav.o unit 4 section index 6)

_StringLiteral_directory in section 'cdata'
 placed at address 000021b7-000021c0 of size 0000000a
(F:\Entwicklungsprojekte\github-nobru\midnightmega\calypsi\nav.o unit 4 section index 248)
    Defines:
        _StringLiteral_directory = 000021b7
    Referenced from:
        navi (F:\Entwicklungsprojekte\github-nobru\midnightmega\calypsi\nav.o unit 4 section index 17)

`_StringLiteral_not found` in section 'cdata'
 placed at address 000021c1-000021ca of size 0000000a
(F:\Entwicklungsprojekte\github-nobru\midnightmega\calypsi\nav.o unit 4 section index 264)
    Defines:
        `_StringLiteral_not found` = 000021c1
    Referenced from:
        navi (F:\Entwicklungsprojekte\github-nobru\midnightmega\calypsi\nav.o unit 4 section index 17)

`_StringLiteral_BAM/header` in section 'cdata'
 placed at address 000021cb-000021d5 of size 0000000b
(F:\Entwicklungsprojekte\github-nobru\midnightmega\calypsi\fileio.o unit 2 section index 159)
    Defines:
        `_StringLiteral_BAM/header` = 000021cb
    Referenced from:
        FormatPartition (F:\Entwicklungsprojekte\github-nobru\midnightmega\calypsi\fileio.o unit 2 section index 23)

`_StringLiteral_read error` in section 'cdata'
 placed at address 000021d6-000021e0 of size 0000000b
(F:\Entwicklungsprojekte\github-nobru\midnightmega\calypsi\fileio.o unit 2 section index 178)
    Defines:
        `_StringLiteral_read error` = 000021d6
    Referenced from:
        getDiskname (F:\Entwicklungsprojekte\github-nobru\midnightmega\calypsi\fileio.o unit 2 section index 25)
        renamedisk (F:\Entwicklungsprojekte\github-nobru\midnightmega\calypsi\fileio.o unit 2 section index 40)

`_StringLiteral_Directory ` in section 'cdata'
 placed at address 000021e1-000021eb of size 0000000b
(F:\Entwicklungsprojekte\github-nobru\midnightmega\calypsi\nav.o unit 4 section index 188)
    Defines:
        `_StringLiteral_Directory ` = 000021e1
    Referenced from:
        navi (F:\Entwicklungsprojekte\github-nobru\midnightmega\calypsi\nav.o unit 4 section index 17)

`_StringLiteral_Disk copy,` in section 'cdata'
 placed at address 000021ec-000021f6 of size 0000000b
(F:\Entwicklungsprojekte\github-nobru\midnightmega\calypsi\nav.o unit 4 section index 193)
    Defines:
        `_StringLiteral_Disk copy,` = 000021ec
    Referenced from:
        navi (F:\Entwicklungsprojekte\github-nobru\midnightmega\calypsi\nav.o unit 4 section index 17)

`_StringLiteral_File copy,` in section 'cdata'
 placed at address 000021f7-00002201 of size 0000000b
(F:\Entwicklungsprojekte\github-nobru\midnightmega\calypsi\nav.o unit 4 section index 202)
    Defines:
        `_StringLiteral_File copy,` = 000021f7
    Referenced from:
        navi (F:\Entwicklungsprojekte\github-nobru\midnightmega\calypsi\nav.o unit 4 section index 17)

`_StringLiteral_Reading...` in section 'cdata'
 placed at address 00002202-0000220c of size 0000000b
(F:\Entwicklungsprojekte\github-nobru\midnightmega\calypsi\nav.o unit 4 section index 225)
    Defines:
        `_StringLiteral_Reading...` = 00002202
    Referenced from:
        copywholedisk (F:\Entwicklungsprojekte\github-nobru\midnightmega\calypsi\fileio.o unit 2 section index 32)
        (F:\Entwicklungsprojekte\github-nobru\midnightmega\calypsi\nav.o unit 4 section index 39)

`_StringLiteral_Writing...` in section 'cdata'
 placed at address 0000220d-00002217 of size 0000000b
(F:\Entwicklungsprojekte\github-nobru\midnightmega\calypsi\nav.o unit 4 section index 236)
    Defines:
        `_StringLiteral_Writing...` = 0000220d
    Referenced from:
        (F:\Entwicklungsprojekte\github-nobru\midnightmega\calypsi\fileio.o unit 2 section index 90)
        (F:\Entwicklungsprojekte\github-nobru\midnightmega\calypsi\nav.o unit 4 section index 46)

`_StringLiteral_real drive` in section 'cdata'
 placed at address 00002218-00002222 of size 0000000b
(F:\Entwicklungsprojekte\github-nobru\midnightmega\calypsi\nav.o unit 4 section index 270)
    Defines:
        `_StringLiteral_real drive` = 00002218
    Referenced from:
        UpdateSectors (F:\Entwicklungsprojekte\github-nobru\midnightmega\calypsi\nav.o unit 4 section index 15)
        (F:\Entwicklungsprojekte\github-nobru\midnightmega\calypsi\nav.o unit 4 section index 130)

`_StringLiteral_MEGA65.ROM` in section 'cdata'
 placed at address 00002223-0000222d of size 0000000b
(F:\Entwicklungsprojekte\github-nobru\midnightmega\calypsi\romlist.o unit 7 section index 5)
    Defines:
        `_StringLiteral_MEGA65.ROM` = 00002223
    Referenced from:
        romlist (F:\Entwicklungsprojekte\github-nobru\midnightmega\calypsi\romlist.o unit 7 section index 2)

`_StringLiteral_fatal error` in section 'cdata'
 placed at address 0000222e-00002239 of size 0000000c
(F:\Entwicklungsprojekte\github-nobru\midnightmega\calypsi\fileio.o unit 2 section index 175)
    Defines:
        `_StringLiteral_fatal error` = 0000222e
    Referenced from:
        rewritedirent (F:\Entwicklungsprojekte\github-nobru\midnightmega\calypsi\fileio.o unit 2 section index 39)

`_StringLiteral_write error` in section 'cdata'
 placed at address 0000223a-00002245 of size 0000000c
(F:\Entwicklungsprojekte\github-nobru\midnightmega\calypsi\fileio.o unit 2 section index 179)
    Defines:
        `_StringLiteral_write error` = 0000223a
    Referenced from:
        renamedisk (F:\Entwicklungsprojekte\github-nobru\midnightmega\calypsi\fileio.o unit 2 section index 40)

`_StringLiteral_left drive?` in section 'cdata'
 placed at address 00002246-00002251 of size 0000000c
(F:\Entwicklungsprojekte\github-nobru\midnightmega\calypsi\nav.o unit 4 section index 259)
    Defines:
        `_StringLiteral_left drive?` = 00002246
    Referenced from:
        navi (F:\Entwicklungsprojekte\github-nobru\midnightmega\calypsi\nav.o unit 4 section index 17)

`_StringLiteral_source file` in section 'cdata'
 placed at address 00002252-0000225d of size 0000000c
(F:\Entwicklungsprojekte\github-nobru\midnightmega\calypsi\nav.o unit 4 section index 277)
    Defines:
        `_StringLiteral_source file` = 00002252
    Referenced from:
        navi (F:\Entwicklungsprojekte\github-nobru\midnightmega\calypsi\nav.o unit 4 section index 17)

_StringLiteral_unsupported in section 'cdata'
 placed at address 0000225e-00002269 of size 0000000c
(F:\Entwicklungsprojekte\github-nobru\midnightmega\calypsi\nav.o unit 4 section index 283)
    Defines:
        _StringLiteral_unsupported = 0000225e
    Referenced from:
        navi (F:\Entwicklungsprojekte\github-nobru\midnightmega\calypsi\nav.o unit 4 section index 17)

`_StringLiteral_v0.6.7-beta` in section 'cdata'
 placed at address 0000226a-00002275 of size 0000000c
(F:\Entwicklungsprojekte\github-nobru\midnightmega\calypsi\nav.o unit 4 section index 285)
    Defines:
        `_StringLiteral_v0.6.7-beta` = 0000226a
    Referenced from:
        messagebox (F:\Entwicklungsprojekte\github-nobru\midnightmega\calypsi\conioextensions.o unit 3 section index 35)
        (F:\Entwicklungsprojekte\github-nobru\midnightmega\calypsi\nav.o unit 4 section index 133)

`_StringLiteral_MEGA650.ROM` in section 'cdata'
 placed at address 00002276-00002281 of size 0000000c
(F:\Entwicklungsprojekte\github-nobru\midnightmega\calypsi\romlist.o unit 7 section index 6)
    Defines:
        `_StringLiteral_MEGA650.ROM` = 00002276
    Referenced from:
        romlist (F:\Entwicklungsprojekte\github-nobru\midnightmega\calypsi\romlist.o unit 7 section index 2)

`_StringLiteral_File delete,` in section 'cdata'
 placed at address 00002282-0000228e of size 0000000d
(F:\Entwicklungsprojekte\github-nobru\midnightmega\calypsi\nav.o unit 4 section index 203)
    Defines:
        `_StringLiteral_File delete,` = 00002282
    Referenced from:
        navi (F:\Entwicklungsprojekte\github-nobru\midnightmega\calypsi\nav.o unit 4 section index 17)

`_StringLiteral_right drive?` in section 'cdata'
 placed at address 0000228f-0000229b of size 0000000d
(F:\Entwicklungsprojekte\github-nobru\midnightmega\calypsi\nav.o unit 4 section index 272)
    Defines:
        `_StringLiteral_right drive?` = 0000228f
    Referenced from:
        navi (F:\Entwicklungsprojekte\github-nobru\midnightmega\calypsi\nav.o unit 4 section index 17)

`_StringLiteral_storage card` in section 'cdata'
 placed at address 0000229c-000022a8 of size 0000000d
(F:\Entwicklungsprojekte\github-nobru\midnightmega\calypsi\nav.o unit 4 section index 278)
    Defines:
        `_StringLiteral_storage card` = 0000229c
    Referenced from:
        (F:\Entwicklungsprojekte\github-nobru\midnightmega\calypsi\nav.o unit 4 section index 97)

`_StringLiteral_updating BAM` in section 'cdata'
 placed at address 000022a9-000022b5 of size 0000000d
(F:\Entwicklungsprojekte\github-nobru\midnightmega\calypsi\nav.o unit 4 section index 284)
    Defines:
        `_StringLiteral_updating BAM` = 000022a9
    Referenced from:
        navi (F:\Entwicklungsprojekte\github-nobru\midnightmega\calypsi\nav.o unit 4 section index 17)

`_StringLiteral_filename is: ` in section 'cdata'
 placed at address 000022b6-000022c3 of size 0000000e
(F:\Entwicklungsprojekte\github-nobru\midnightmega\calypsi\hyppo.o unit 1 section index 5)
    Defines:
        `_StringLiteral_filename is: ` = 000022b6
    Referenced from:
        getallhyppoentries (F:\Entwicklungsprojekte\github-nobru\midnightmega\calypsi\hyppo.o unit 1 section index 26)

`_StringLiteral_Writing file,` in section 'cdata'
 placed at address 000022c4-000022d1 of size 0000000e
(F:\Entwicklungsprojekte\github-nobru\midnightmega\calypsi\fileio.o unit 2 section index 171)
    Defines:
        `_StringLiteral_Writing file,` = 000022c4
    Referenced from:
        writeblockchain (F:\Entwicklungsprojekte\github-nobru\midnightmega\calypsi\fileio.o unit 2 section index 29)

`_StringLiteral_directory/BAM` in section 'cdata'
 placed at address 000022d2-000022df of size 0000000e
(F:\Entwicklungsprojekte\github-nobru\midnightmega\calypsi\fileio.o unit 2 section index 174)
    Defines:
        `_StringLiteral_directory/BAM` = 000022d2
    Referenced from:
        FormatPartition (F:\Entwicklungsprojekte\github-nobru\midnightmega\calypsi\fileio.o unit 2 section index 23)

`_StringLiteral_ blocks free ` in section 'cdata'
 placed at address 000022e0-000022ed of size 0000000e
(F:\Entwicklungsprojekte\github-nobru\midnightmega\calypsi\nav.o unit 4 section index 170)
    Defines:
        `_StringLiteral_ blocks free ` = 000022e0
    Referenced from:
        navi (F:\Entwicklungsprojekte\github-nobru\midnightmega\calypsi\nav.o unit 4 section index 17)

`_StringLiteral_File type for` in section 'cdata'
 placed at address 000022ee-000022fb of size 0000000e
(F:\Entwicklungsprojekte\github-nobru\midnightmega\calypsi\nav.o unit 4 section index 204)
    Defines:
        `_StringLiteral_File type for` = 000022ee
    Referenced from:
        navi (F:\Entwicklungsprojekte\github-nobru\midnightmega\calypsi\nav.o unit 4 section index 17)

`_StringLiteral_subdirectory.` in section 'cdata'
 placed at address 000022fc-00002309 of size 0000000e
(F:\Entwicklungsprojekte\github-nobru\midnightmega\calypsi\nav.o unit 4 section index 280)
    Defines:
        `_StringLiteral_subdirectory.` = 000022fc
    Referenced from:
        navi (F:\Entwicklungsprojekte\github-nobru\midnightmega\calypsi\nav.o unit 4 section index 17)

`_StringLiteral_from left side` in section 'cdata'
 placed at address 0000230a-00002318 of size 0000000f
(F:\Entwicklungsprojekte\github-nobru\midnightmega\calypsi\nav.o unit 4 section index 251)
    Defines:
        `_StringLiteral_from left side` = 0000230a
    Referenced from:
        (F:\Entwicklungsprojekte\github-nobru\midnightmega\calypsi\nav.o unit 4 section index 117)

`_StringLiteral_show DEL files` in section 'cdata'
 placed at address 00002319-00002327 of size 0000000f
(F:\Entwicklungsprojekte\github-nobru\midnightmega\calypsi\nav.o unit 4 section index 275)
    Defines:
        `_StringLiteral_show DEL files` = 00002319
    Referenced from:
        setupbox (F:\Entwicklungsprojekte\github-nobru\midnightmega\calypsi\nav.o unit 4 section index 8)

`_StringLiteral_ Midnight Mega ` in section 'cdata'
 placed at address 00002328-00002337 of size 00000010
(F:\Entwicklungsprojekte\github-nobru\midnightmega\calypsi\nav.o unit 4 section index 164)
    Defines:
        `_StringLiteral_ Midnight Mega ` = 00002328
    Referenced from:
        messagebox (F:\Entwicklungsprojekte\github-nobru\midnightmega\calypsi\conioextensions.o unit 3 section index 35)
        rombox (F:\Entwicklungsprojekte\github-nobru\midnightmega\calypsi\nav.o unit 4 section index 13)
        (F:\Entwicklungsprojekte\github-nobru\midnightmega\calypsi\nav.o unit 4 section index 35)

`_StringLiteral_Initialising...` in section 'cdata'
 placed at address 00002338-00002347 of size 00000010
(F:\Entwicklungsprojekte\github-nobru\midnightmega\calypsi\nav.o unit 4 section index 209)
    Defines:
        `_StringLiteral_Initialising...` = 00002338
    Referenced from:
        navi (F:\Entwicklungsprojekte\github-nobru\midnightmega\calypsi\nav.o unit 4 section index 17)

`_StringLiteral_already mounted` in section 'cdata'
 placed at address 00002348-00002357 of size 00000010
(F:\Entwicklungsprojekte\github-nobru\midnightmega\calypsi\nav.o unit 4 section index 240)
    Defines:
        `_StringLiteral_already mounted` = 00002348
    Referenced from:
        navi (F:\Entwicklungsprojekte\github-nobru\midnightmega\calypsi\nav.o unit 4 section index 17)

`_StringLiteral_from right side` in section 'cdata'
 placed at address 00002358-00002367 of size 00000010
(F:\Entwicklungsprojekte\github-nobru\midnightmega\calypsi\nav.o unit 4 section index 253)
    Defines:
        `_StringLiteral_from right side` = 00002358
    Referenced from:
        (F:\Entwicklungsprojekte\github-nobru\midnightmega\calypsi\nav.o unit 4 section index 118)

`_StringLiteral_open failed for` in section 'cdata'
 placed at address 00002368-00002377 of size 00000010
(F:\Entwicklungsprojekte\github-nobru\midnightmega\calypsi\nav.o unit 4 section index 267)
    Defines:
        `_StringLiteral_open failed for` = 00002368
    Referenced from:
        (F:\Entwicklungsprojekte\github-nobru\midnightmega\calypsi\nav.o unit 4 section index 64)

`_StringLiteral_file not found.` in section 'cdata'
 placed at address 00002378-00002387 of size 00000010
(F:\Entwicklungsprojekte\github-nobru\midnightmega\calypsi\romlist.o unit 7 section index 8)
    Defines:
        `_StringLiteral_file not found.` = 00002378
    Referenced from:
        romlist (F:\Entwicklungsprojekte\github-nobru\midnightmega\calypsi\romlist.o unit 7 section index 2)

`_StringLiteral_Arrange entries:` in section 'cdata'
 placed at address 00002388-00002398 of size 00000011
(F:\Entwicklungsprojekte\github-nobru\midnightmega\calypsi\nav.o unit 4 section index 177)
    Defines:
        `_StringLiteral_Arrange entries:` = 00002388
    Referenced from:
        shortcuts (F:\Entwicklungsprojekte\github-nobru\midnightmega\calypsi\nav.o unit 4 section index 6)

_StringLiteral_MIDNIGHTMEGATEXT in section 'cdata'
 placed at address 00002399-000023a9 of size 00000011
(F:\Entwicklungsprojekte\github-nobru\midnightmega\calypsi\nav.o unit 4 section index 210)
    Defines:
        _StringLiteral_MIDNIGHTMEGATEXT = 00002399
    Referenced from:
        navi (F:\Entwicklungsprojekte\github-nobru\midnightmega\calypsi\nav.o unit 4 section index 17)

`_StringLiteral_destination file` in section 'cdata'
 placed at address 000023aa-000023ba of size 00000011
(F:\Entwicklungsprojekte\github-nobru\midnightmega\calypsi\nav.o unit 4 section index 246)
    Defines:
        `_StringLiteral_destination file` = 000023aa
    Referenced from:
        navi (F:\Entwicklungsprojekte\github-nobru\midnightmega\calypsi\nav.o unit 4 section index 17)

`_StringLiteral_is not supported` in section 'cdata'
 placed at address 000023bb-000023cb of size 00000011
(F:\Entwicklungsprojekte\github-nobru\midnightmega\calypsi\nav.o unit 4 section index 256)
    Defines:
        `_StringLiteral_is not supported` = 000023bb
    Referenced from:
        navi (F:\Entwicklungsprojekte\github-nobru\midnightmega\calypsi\nav.o unit 4 section index 17)

`_StringLiteral_mount failed for` in section 'cdata'
 placed at address 000023cc-000023dc of size 00000011
(F:\Entwicklungsprojekte\github-nobru\midnightmega\calypsi\nav.o unit 4 section index 260)
    Defines:
        `_StringLiteral_mount failed for` = 000023cc
    Referenced from:
        navi (F:\Entwicklungsprojekte\github-nobru\midnightmega\calypsi\nav.o unit 4 section index 17)

`_StringLiteral_Directory delete,` in section 'cdata'
 placed at address 000023dd-000023ee of size 00000012
(F:\Entwicklungsprojekte\github-nobru\midnightmega\calypsi\nav.o unit 4 section index 189)
    Defines:
        `_StringLiteral_Directory delete,` = 000023dd
    Referenced from:
        (F:\Entwicklungsprojekte\github-nobru\midnightmega\calypsi\nav.o unit 4 section index 132)

`_StringLiteral_is not supported.` in section 'cdata'
 placed at address 000023ef-00002400 of size 00000012
(F:\Entwicklungsprojekte\github-nobru\midnightmega\calypsi\nav.o unit 4 section index 257)
    Defines:
        `_StringLiteral_is not supported.` = 000023ef
    Referenced from:
        navi (F:\Entwicklungsprojekte\github-nobru\midnightmega\calypsi\nav.o unit 4 section index 17)
        (F:\Entwicklungsprojekte\github-nobru\midnightmega\calypsi\nav.o unit 4 section index 122)

`_StringLiteral_ReadSector. Track=` in section 'cdata'
 placed at address 00002401-00002413 of size 00000013
(F:\Entwicklungsprojekte\github-nobru\midnightmega\calypsi\fileio.o unit 2 section index 166)
    Defines:
        `_StringLiteral_ReadSector. Track=` = 00002401
    Referenced from:
        ReadSector (F:\Entwicklungsprojekte\github-nobru\midnightmega\calypsi\fileio.o unit 2 section index 8)

`_StringLiteral_from left to right` in section 'cdata'
 placed at address 00002414-00002426 of size 00000013
(F:\Entwicklungsprojekte\github-nobru\midnightmega\calypsi\nav.o unit 4 section index 252)
    Defines:
        `_StringLiteral_from left to right` = 00002414
    Referenced from:
        navi (F:\Entwicklungsprojekte\github-nobru\midnightmega\calypsi\nav.o unit 4 section index 17)

`_StringLiteral_from right to left` in section 'cdata'
 placed at address 00002427-00002439 of size 00000013
(F:\Entwicklungsprojekte\github-nobru\midnightmega\calypsi\nav.o unit 4 section index 254)
    Defines:
        `_StringLiteral_from right to left` = 00002427
    Referenced from:
        navi (F:\Entwicklungsprojekte\github-nobru\midnightmega\calypsi\nav.o unit 4 section index 17)

`_StringLiteral_to unmount drives.` in section 'cdata'
 placed at address 0000243a-0000244c of size 00000013
(F:\Entwicklungsprojekte\github-nobru\midnightmega\calypsi\nav.o unit 4 section index 282)
    Defines:
        `_StringLiteral_to unmount drives.` = 0000243a
    Referenced from:
        navi (F:\Entwicklungsprojekte\github-nobru\midnightmega\calypsi\nav.o unit 4 section index 17)

`_StringLiteral_Updating directory,` in section 'cdata'
 placed at address 0000244d-00002460 of size 00000014
(F:\Entwicklungsprojekte\github-nobru\midnightmega\calypsi\fileio.o unit 2 section index 169)
    Defines:
        `_StringLiteral_Updating directory,` = 0000244d
    Referenced from:
        rewritedirent (F:\Entwicklungsprojekte\github-nobru\midnightmega\calypsi\fileio.o unit 2 section index 39)

`_StringLiteral_WriteSector. Track=` in section 'cdata'
 placed at address 00002461-00002474 of size 00000014
(F:\Entwicklungsprojekte\github-nobru\midnightmega\calypsi\fileio.o unit 2 section index 170)
    Defines:
        `_StringLiteral_WriteSector. Track=` = 00002461
    Referenced from:
        WriteSector (F:\Entwicklungsprojekte\github-nobru\midnightmega\calypsi\fileio.o unit 2 section index 9)

`?L679` in section 'switch'
 placed at address 00002475-00002488 of size 00000014
(F:\Entwicklungsprojekte\github-nobru\midnightmega\calypsi\nav.o unit 4 section index 142)
    References:
        rombox in (F:\Entwicklungsprojekte\github-nobru\midnightmega\calypsi\nav.o unit 4 section index 13)

`_StringLiteral_ List of ROM files ` in section 'cdata'
 placed at address 00002489-0000249c of size 00000014
(F:\Entwicklungsprojekte\github-nobru\midnightmega\calypsi\nav.o unit 4 section index 162)
    Defines:
        `_StringLiteral_ List of ROM files ` = 00002489
    Referenced from:
        rombox (F:\Entwicklungsprojekte\github-nobru\midnightmega\calypsi\nav.o unit 4 section index 13)

`_StringLiteral_ disk access error ` in section 'cdata'
 placed at address 0000249d-000024b0 of size 00000014
(F:\Entwicklungsprojekte\github-nobru\midnightmega\calypsi\nav.o unit 4 section index 171)
    Defines:
        `_StringLiteral_ disk access error ` = 0000249d
    Referenced from:
        navi (F:\Entwicklungsprojekte\github-nobru\midnightmega\calypsi\nav.o unit 4 section index 17)

`_StringLiteral_reading disk drives` in section 'cdata'
 placed at address 000024b1-000024c4 of size 00000014
(F:\Entwicklungsprojekte\github-nobru\midnightmega\calypsi\nav.o unit 4 section index 269)
    Defines:
        `_StringLiteral_reading disk drives` = 000024b1
    Referenced from:
        navi (F:\Entwicklungsprojekte\github-nobru\midnightmega\calypsi\nav.o unit 4 section index 17)

`?L69` in section 'switch'
 placed at address 000024c5-000024d8 of size 00000014
(F:\Entwicklungsprojekte\github-nobru\midnightmega\calypsi\texts.o unit 5 section index 8)
    References:
        text in (F:\Entwicklungsprojekte\github-nobru\midnightmega\calypsi\texts.o unit 5 section index 3)

`_StringLiteral_github.com/nobruinfo` in section 'cdata'
 placed at address 000024d9-000024ed of size 00000015
(F:\Entwicklungsprojekte\github-nobru\midnightmega\calypsi\conioextensions.o unit 3 section index 85)
    Defines:
        `_StringLiteral_github.com/nobruinfo` = 000024d9
    Referenced from:
        messagebox (F:\Entwicklungsprojekte\github-nobru\midnightmega\calypsi\conioextensions.o unit 3 section index 35)

`_StringLiteral_No space to create a` in section 'cdata'
 placed at address 000024ee-00002502 of size 00000015
(F:\Entwicklungsprojekte\github-nobru\midnightmega\calypsi\nav.o unit 4 section index 214)
    Defines:
        `_StringLiteral_No space to create a` = 000024ee
    Referenced from:
        navi (F:\Entwicklungsprojekte\github-nobru\midnightmega\calypsi\nav.o unit 4 section index 17)

`_StringLiteral_mounted on left side` in section 'cdata'
 placed at address 00002503-00002517 of size 00000015
(F:\Entwicklungsprojekte\github-nobru\midnightmega\calypsi\nav.o unit 4 section index 261)
    Defines:
        `_StringLiteral_mounted on left side` = 00002503
    Referenced from:
        navi (F:\Entwicklungsprojekte\github-nobru\midnightmega\calypsi\nav.o unit 4 section index 17)

`_StringLiteral_on multiple selected` in section 'cdata'
 placed at address 00002518-0000252c of size 00000015
(F:\Entwicklungsprojekte\github-nobru\midnightmega\calypsi\nav.o unit 4 section index 265)
    Defines:
        `_StringLiteral_on multiple selected` = 00002518
    Referenced from:
        navi (F:\Entwicklungsprojekte\github-nobru\midnightmega\calypsi\nav.o unit 4 section index 17)

`_StringLiteral_removing BAM entries` in section 'cdata'
 placed at address 0000252d-00002541 of size 00000015
(F:\Entwicklungsprojekte\github-nobru\midnightmega\calypsi\nav.o unit 4 section index 271)
    Defines:
        `_StringLiteral_removing BAM entries` = 0000252d
    Referenced from:
        navi (F:\Entwicklungsprojekte\github-nobru\midnightmega\calypsi\nav.o unit 4 section index 17)

`_StringLiteral_file is a directory.` in section 'cdata'
 placed at address 00002542-00002556 of size 00000015
(F:\Entwicklungsprojekte\github-nobru\midnightmega\calypsi\romlist.o unit 7 section index 7)
    Defines:
        `_StringLiteral_file is a directory.` = 00002542
    Referenced from:
        romlist (F:\Entwicklungsprojekte\github-nobru\midnightmega\calypsi\romlist.o unit 7 section index 2)

`_StringLiteral_too many open files.` in section 'cdata'
 placed at address 00002557-0000256b of size 00000015
(F:\Entwicklungsprojekte\github-nobru\midnightmega\calypsi\romlist.o unit 7 section index 10)
    Defines:
        `_StringLiteral_too many open files.` = 00002557
    Referenced from:
        romlist (F:\Entwicklungsprojekte\github-nobru\midnightmega\calypsi\romlist.o unit 7 section index 2)

`_StringLiteral_mounted on right side` in section 'cdata'
 placed at address 0000256c-00002581 of size 00000016
(F:\Entwicklungsprojekte\github-nobru\midnightmega\calypsi\nav.o unit 4 section index 262)
    Defines:
        `_StringLiteral_mounted on right side` = 0000256c
    Referenced from:
        navi (F:\Entwicklungsprojekte\github-nobru\midnightmega\calypsi\nav.o unit 4 section index 17)

`_StringLiteral_Renaming subpartition,` in section 'cdata'
 placed at address 00002582-00002598 of size 00000017
(F:\Entwicklungsprojekte\github-nobru\midnightmega\calypsi\fileio.o unit 2 section index 168)
    Defines:
        `_StringLiteral_Renaming subpartition,` = 00002582
    Referenced from:
        renamedisk (F:\Entwicklungsprojekte\github-nobru\midnightmega\calypsi\fileio.o unit 2 section index 40)

`_StringLiteral_ github.com/nobruinfo ` in section 'cdata'
 placed at address 00002599-000025af of size 00000017
(F:\Entwicklungsprojekte\github-nobru\midnightmega\calypsi\nav.o unit 4 section index 174)
    Defines:
        `_StringLiteral_ github.com/nobruinfo ` = 00002599
    Referenced from:
        rombox (F:\Entwicklungsprojekte\github-nobru\midnightmega\calypsi\nav.o unit 4 section index 13)

`_StringLiteral_Copying subdirectories` in section 'cdata'
 placed at address 000025b0-000025c6 of size 00000017
(F:\Entwicklungsprojekte\github-nobru\midnightmega\calypsi\nav.o unit 4 section index 183)
    Defines:
        `_StringLiteral_Copying subdirectories` = 000025b0
    Referenced from:
        sizeselectcurrentifnone (F:\Entwicklungsprojekte\github-nobru\midnightmega\calypsi\nav.o unit 4 section index 16)

`_StringLiteral_Directory operation on` in section 'cdata'
 placed at address 000025c7-000025dd of size 00000017
(F:\Entwicklungsprojekte\github-nobru\midnightmega\calypsi\nav.o unit 4 section index 191)
    Defines:
        `_StringLiteral_Directory operation on` = 000025c7
    Referenced from:
        navi (F:\Entwicklungsprojekte\github-nobru\midnightmega\calypsi\nav.o unit 4 section index 17)

`_StringLiteral_Operation on mulitiple` in section 'cdata'
 placed at address 000025de-000025f4 of size 00000017
(F:\Entwicklungsprojekte\github-nobru\midnightmega\calypsi\nav.o unit 4 section index 216)
    Defines:
        `_StringLiteral_Operation on mulitiple` = 000025de
    Referenced from:
        navi (F:\Entwicklungsprojekte\github-nobru\midnightmega\calypsi\nav.o unit 4 section index 17)

`_StringLiteral_Programme terminating.` in section 'cdata'
 placed at address 000025f5-0000260b of size 00000017
(F:\Entwicklungsprojekte\github-nobru\midnightmega\calypsi\nav.o unit 4 section index 221)
    Defines:
        `_StringLiteral_Programme terminating.` = 000025f5
    Referenced from:
        navi (F:\Entwicklungsprojekte\github-nobru\midnightmega\calypsi\nav.o unit 4 section index 17)

`_StringLiteral_Storage card mounting,` in section 'cdata'
 placed at address 0000260c-00002622 of size 00000017
(F:\Entwicklungsprojekte\github-nobru\midnightmega\calypsi\nav.o unit 4 section index 228)
    Defines:
        `_StringLiteral_Storage card mounting,` = 0000260c
    Referenced from:
        navi (F:\Entwicklungsprojekte\github-nobru\midnightmega\calypsi\nav.o unit 4 section index 17)

`_StringLiteral_directory is not empty` in section 'cdata'
 placed at address 00002623-00002639 of size 00000017
(F:\Entwicklungsprojekte\github-nobru\midnightmega\calypsi\nav.o unit 4 section index 249)
    Defines:
        `_StringLiteral_directory is not empty` = 00002623
    Referenced from:
        navi (F:\Entwicklungsprojekte\github-nobru\midnightmega\calypsi\nav.o unit 4 section index 17)

`_StringLiteral_to create a directory.` in section 'cdata'
 placed at address 0000263a-00002650 of size 00000017
(F:\Entwicklungsprojekte\github-nobru\midnightmega\calypsi\nav.o unit 4 section index 281)
    Defines:
        `_StringLiteral_to create a directory.` = 0000263a
    Referenced from:
        navi (F:\Entwicklungsprojekte\github-nobru\midnightmega\calypsi\nav.o unit 4 section index 17)

`_StringLiteral_did you save your work?` in section 'cdata'
 placed at address 00002651-00002668 of size 00000018
(F:\Entwicklungsprojekte\github-nobru\midnightmega\calypsi\nav.o unit 4 section index 247)
    Defines:
        `_StringLiteral_did you save your work?` = 00002651
    Referenced from:
        navi (F:\Entwicklungsprojekte\github-nobru\midnightmega\calypsi\nav.o unit 4 section index 17)

`_StringLiteral_is not yet implemented.` in section 'cdata'
 placed at address 00002669-00002680 of size 00000018
(F:\Entwicklungsprojekte\github-nobru\midnightmega\calypsi\nav.o unit 4 section index 258)
    Defines:
        `_StringLiteral_is not yet implemented.` = 00002669
    Referenced from:
        sizeselectcurrentifnone (F:\Entwicklungsprojekte\github-nobru\midnightmega\calypsi\nav.o unit 4 section index 16)
        navi (F:\Entwicklungsprojekte\github-nobru\midnightmega\calypsi\nav.o unit 4 section index 17)

`_StringLiteral_Directory entry sorting,` in section 'cdata'
 placed at address 00002681-00002699 of size 00000019
(F:\Entwicklungsprojekte\github-nobru\midnightmega\calypsi\nav.o unit 4 section index 190)
    Defines:
        `_StringLiteral_Directory entry sorting,` = 00002681
    Referenced from:
        menubox (F:\Entwicklungsprojekte\github-nobru\midnightmega\calypsi\nav.o unit 4 section index 9)

`_StringLiteral_This file type/directory` in section 'cdata'
 placed at address 0000269a-000026b2 of size 00000019
(F:\Entwicklungsprojekte\github-nobru\midnightmega\calypsi\nav.o unit 4 section index 231)
    Defines:
        `_StringLiteral_This file type/directory` = 0000269a
    Referenced from:
        navi (F:\Entwicklungsprojekte\github-nobru\midnightmega\calypsi\nav.o unit 4 section index 17)

`_StringLiteral_entries is not supported` in section 'cdata'
 placed at address 000026b3-000026cb of size 00000019
(F:\Entwicklungsprojekte\github-nobru\midnightmega\calypsi\nav.o unit 4 section index 250)
    Defines:
        `_StringLiteral_entries is not supported` = 000026b3
    Referenced from:
        navi (F:\Entwicklungsprojekte\github-nobru\midnightmega\calypsi\nav.o unit 4 section index 17)

`_StringLiteral_invalid file descriptor.` in section 'cdata'
 placed at address 000026cc-000026e4 of size 00000019
(F:\Entwicklungsprojekte\github-nobru\midnightmega\calypsi\romlist.o unit 7 section index 9)
    Defines:
        `_StringLiteral_invalid file descriptor.` = 000026cc
    Referenced from:
        romlist (F:\Entwicklungsprojekte\github-nobru\midnightmega\calypsi\romlist.o unit 7 section index 2)

`_StringLiteral_number of sectors too big` in section 'cdata'
 placed at address 000026e5-000026fe of size 0000001a
(F:\Entwicklungsprojekte\github-nobru\midnightmega\calypsi\fileio.o unit 2 section index 177)
    Defines:
        `_StringLiteral_number of sectors too big` = 000026e5
    Referenced from:
        writeblockchain (F:\Entwicklungsprojekte\github-nobru\midnightmega\calypsi\fileio.o unit 2 section index 29)

`_StringLiteral_ F11 to mount real drive ` in section 'cdata'
 placed at address 000026ff-00002718 of size 0000001a
(F:\Entwicklungsprojekte\github-nobru\midnightmega\calypsi\nav.o unit 4 section index 161)
    Defines:
        `_StringLiteral_ F11 to mount real drive ` = 000026ff
    Referenced from:
        navi (F:\Entwicklungsprojekte\github-nobru\midnightmega\calypsi\nav.o unit 4 section index 17)

`_StringLiteral_multiple selected entries` in section 'cdata'
 placed at address 00002719-00002732 of size 0000001a
(F:\Entwicklungsprojekte\github-nobru\midnightmega\calypsi\nav.o unit 4 section index 263)
    Defines:
        `_StringLiteral_multiple selected entries` = 00002719
    Referenced from:
        navi (F:\Entwicklungsprojekte\github-nobru\midnightmega\calypsi\nav.o unit 4 section index 17)

`_StringLiteral_show drive access overlay` in section 'cdata'
 placed at address 00002733-0000274c of size 0000001a
(F:\Entwicklungsprojekte\github-nobru\midnightmega\calypsi\nav.o unit 4 section index 276)
    Defines:
        `_StringLiteral_show drive access overlay` = 00002733
    Referenced from:
        setupbox (F:\Entwicklungsprojekte\github-nobru\midnightmega\calypsi\nav.o unit 4 section index 8)

`_StringLiteral_Have fun with your MEGA65!` in section 'cdata'
 placed at address 0000274d-00002767 of size 0000001b
(F:\Entwicklungsprojekte\github-nobru\midnightmega\calypsi\midnightmega.o unit 0 section index 37)
    Defines:
        `_StringLiteral_Have fun with your MEGA65!` = 0000274d
    Referenced from:
        main (F:\Entwicklungsprojekte\github-nobru\midnightmega\calypsi\midnightmega.o unit 0 section index 17)

`_StringLiteral_storage card files/folders` in section 'cdata'
 placed at address 00002768-00002782 of size 0000001b
(F:\Entwicklungsprojekte\github-nobru\midnightmega\calypsi\nav.o unit 4 section index 279)
    Defines:
        `_StringLiteral_storage card files/folders` = 00002768
    Referenced from:
        navi (F:\Entwicklungsprojekte\github-nobru\midnightmega\calypsi\nav.o unit 4 section index 17)

`?L677` in section 'switch'
 placed at address 00002783-0000279e of size 0000001c
(F:\Entwicklungsprojekte\github-nobru\midnightmega\calypsi\nav.o unit 4 section index 141)
    References:
        helpbox in (F:\Entwicklungsprojekte\github-nobru\midnightmega\calypsi\nav.o unit 4 section index 11)

`_StringLiteral_ The MEGA65 file commander ` in section 'cdata'
 placed at address 0000279f-000027ba of size 0000001c
(F:\Entwicklungsprojekte\github-nobru\midnightmega\calypsi\nav.o unit 4 section index 169)
    Defines:
        `_StringLiteral_ The MEGA65 file commander ` = 0000279f
    Referenced from:
        messagebox (F:\Entwicklungsprojekte\github-nobru\midnightmega\calypsi\conioextensions.o unit 3 section index 35)
        (F:\Entwicklungsprojekte\github-nobru\midnightmega\calypsi\nav.o unit 4 section index 52)

`_StringLiteral_Directory structure delete,` in section 'cdata'
 placed at address 000027bb-000027d6 of size 0000001c
(F:\Entwicklungsprojekte\github-nobru\midnightmega\calypsi\nav.o unit 4 section index 192)
    Defines:
        `_StringLiteral_Directory structure delete,` = 000027bb
    Referenced from:
        navi (F:\Entwicklungsprojekte\github-nobru\midnightmega\calypsi\nav.o unit 4 section index 17)

`_StringLiteral_Disk will be quickformatted` in section 'cdata'
 placed at address 000027d7-000027f2 of size 0000001c
(F:\Entwicklungsprojekte\github-nobru\midnightmega\calypsi\nav.o unit 4 section index 194)
    Defines:
        `_StringLiteral_Disk will be quickformatted` = 000027d7
    Referenced from:
        navi (F:\Entwicklungsprojekte\github-nobru\midnightmega\calypsi\nav.o unit 4 section index 17)

`_StringLiteral_Not enough tracks available` in section 'cdata'
 placed at address 000027f3-0000280e of size 0000001c
(F:\Entwicklungsprojekte\github-nobru\midnightmega\calypsi\nav.o unit 4 section index 215)
    Defines:
        `_StringLiteral_Not enough tracks available` = 000027f3
    Referenced from:
        navi (F:\Entwicklungsprojekte\github-nobru\midnightmega\calypsi\nav.o unit 4 section index 17)

`_StringLiteral_Please enter the disk's name` in section 'cdata'
 placed at address 0000280f-0000282b of size 0000001d
(F:\Entwicklungsprojekte\github-nobru\midnightmega\calypsi\nav.o unit 4 section index 218)
    Defines:
        `_StringLiteral_Please enter the disk's name` = 0000280f
    Referenced from:
        navi (F:\Entwicklungsprojekte\github-nobru\midnightmega\calypsi\nav.o unit 4 section index 17)

`_StringLiteral_on storage card not possible` in section 'cdata'
 placed at address 0000282c-00002848 of size 0000001d
(F:\Entwicklungsprojekte\github-nobru\midnightmega\calypsi\nav.o unit 4 section index 266)
    Defines:
        `_StringLiteral_on storage card not possible` = 0000282c
    Referenced from:
        menubox (F:\Entwicklungsprojekte\github-nobru\midnightmega\calypsi\nav.o unit 4 section index 9)

`_StringLiteral__miniinit SECTBUF 32addr is: ` in section 'cdata'
 placed at address 00002849-00002866 of size 0000001e
(F:\Entwicklungsprojekte\github-nobru\midnightmega\calypsi\fileio.o unit 2 section index 173)
    Defines:
        `_StringLiteral__miniinit SECTBUF 32addr is: ` = 00002849
    Referenced from:
        _miniInit (F:\Entwicklungsprojekte\github-nobru\midnightmega\calypsi\fileio.o unit 2 section index 6)

`_StringLiteral_Copying from/to storage cards` in section 'cdata'
 placed at address 00002867-00002884 of size 0000001e
(F:\Entwicklungsprojekte\github-nobru\midnightmega\calypsi\nav.o unit 4 section index 180)
    Defines:
        `_StringLiteral_Copying from/to storage cards` = 00002867
    Referenced from:
        navi (F:\Entwicklungsprojekte\github-nobru\midnightmega\calypsi\nav.o unit 4 section index 17)

`_StringLiteral_goes nowhere and does nothing` in section 'cdata'
 placed at address 00002885-000028a2 of size 0000001e
(F:\Entwicklungsprojekte\github-nobru\midnightmega\calypsi\nav.o unit 4 section index 255)
    Defines:
        `_StringLiteral_goes nowhere and does nothing` = 00002885
    Referenced from:
        (F:\Entwicklungsprojekte\github-nobru\midnightmega\calypsi\nav.o unit 4 section index 109)

`_StringLiteral_Storage card change directory,` in section 'cdata'
 placed at address 000028a3-000028c1 of size 0000001f
(F:\Entwicklungsprojekte\github-nobru\midnightmega\calypsi\nav.o unit 4 section index 227)
    Defines:
        `_StringLiteral_Storage card change directory,` = 000028a3
    Referenced from:
        navi (F:\Entwicklungsprojekte\github-nobru\midnightmega\calypsi\nav.o unit 4 section index 17)

`_StringLiteral_Storage card parent directory,` in section 'cdata'
 placed at address 000028c2-000028e0 of size 0000001f
(F:\Entwicklungsprojekte\github-nobru\midnightmega\calypsi\nav.o unit 4 section index 229)
    Defines:
        `_StringLiteral_Storage card parent directory,` = 000028c2
    Referenced from:
        navi (F:\Entwicklungsprojekte\github-nobru\midnightmega\calypsi\nav.o unit 4 section index 17)

`_StringLiteral_copy allocated BAM blocks only` in section 'cdata'
 placed at address 000028e1-000028ff of size 0000001f
(F:\Entwicklungsprojekte\github-nobru\midnightmega\calypsi\nav.o unit 4 section index 243)
    Defines:
        `_StringLiteral_copy allocated BAM blocks only` = 000028e1
    Referenced from:
        setupbox (F:\Entwicklungsprojekte\github-nobru\midnightmega\calypsi\nav.o unit 4 section index 8)

`?L673` in section 'switch'
 placed at address 00002900-0000291f of size 00000020
(F:\Entwicklungsprojekte\github-nobru\midnightmega\calypsi\nav.o unit 4 section index 140)
    References:
        menubox in (F:\Entwicklungsprojekte\github-nobru\midnightmega\calypsi\nav.o unit 4 section index 9)

`_StringLiteral_ERROR text data file not found!` in section 'cdata'
 placed at address 00002920-0000293f of size 00000020
(F:\Entwicklungsprojekte\github-nobru\midnightmega\calypsi\nav.o unit 4 section index 196)
    Defines:
        `_StringLiteral_ERROR text data file not found!` = 00002920
    Referenced from:
        navi (F:\Entwicklungsprojekte\github-nobru\midnightmega\calypsi\nav.o unit 4 section index 17)

`_StringLiteral_Copying full directory structures` in section 'cdata'
 placed at address 00002940-00002961 of size 00000022
(F:\Entwicklungsprojekte\github-nobru\midnightmega\calypsi\nav.o unit 4 section index 181)
    Defines:
        `_StringLiteral_Copying full directory structures` = 00002940
    Referenced from:
        navi (F:\Entwicklungsprojekte\github-nobru\midnightmega\calypsi\nav.o unit 4 section index 17)

`_StringLiteral_Press RETURN or STOP to continue.` in section 'cdata'
 placed at address 00002962-00002983 of size 00000022
(F:\Entwicklungsprojekte\github-nobru\midnightmega\calypsi\nav.o unit 4 section index 219)
    Defines:
        `_StringLiteral_Press RETURN or STOP to continue.` = 00002962
    Referenced from:
        navi (F:\Entwicklungsprojekte\github-nobru\midnightmega\calypsi\nav.o unit 4 section index 17)

`_StringLiteral_be quit unsaved. So use RETURN to` in section 'cdata'
 placed at address 00002984-000029a5 of size 00000022
(F:\Entwicklungsprojekte\github-nobru\midnightmega\calypsi\nav.o unit 4 section index 242)
    Defines:
        `_StringLiteral_be quit unsaved. So use RETURN to` = 00002984
    Referenced from:
        setupbox (F:\Entwicklungsprojekte\github-nobru\midnightmega\calypsi\nav.o unit 4 section index 8)

`_StringLiteral_Copying storage card files/folders` in section 'cdata'
 placed at address 000029a6-000029c8 of size 00000023
(F:\Entwicklungsprojekte\github-nobru\midnightmega\calypsi\nav.o unit 4 section index 182)
    Defines:
        `_StringLiteral_Copying storage card files/folders` = 000029a6
    Referenced from:
        navi (F:\Entwicklungsprojekte\github-nobru\midnightmega\calypsi\nav.o unit 4 section index 17)

`_StringLiteral_Enter the new name, empty to skip:` in section 'cdata'
 placed at address 000029c9-000029eb of size 00000023
(F:\Entwicklungsprojekte\github-nobru\midnightmega\calypsi\nav.o unit 4 section index 200)
    Defines:
        `_StringLiteral_Enter the new name, empty to skip:` = 000029c9
    Referenced from:
        navi (F:\Entwicklungsprojekte\github-nobru\midnightmega\calypsi\nav.o unit 4 section index 17)

`?L672` in section 'switch'
 placed at address 000029ec-00002a0f of size 00000024
(F:\Entwicklungsprojekte\github-nobru\midnightmega\calypsi\nav.o unit 4 section index 139)
    References:
        setupbox in (F:\Entwicklungsprojekte\github-nobru\midnightmega\calypsi\nav.o unit 4 section index 8)

`_StringLiteral_Currently this option dialog cannot` in section 'cdata'
 placed at address 00002a10-00002a33 of size 00000024
(F:\Entwicklungsprojekte\github-nobru\midnightmega\calypsi\nav.o unit 4 section index 186)
    Defines:
        `_StringLiteral_Currently this option dialog cannot` = 00002a10
    Referenced from:
        setupbox (F:\Entwicklungsprojekte\github-nobru\midnightmega\calypsi\nav.o unit 4 section index 8)

`_StringLiteral_To create a directory a disk has to` in section 'cdata'
 placed at address 00002a34-00002a57 of size 00000024
(F:\Entwicklungsprojekte\github-nobru\midnightmega\calypsi\nav.o unit 4 section index 232)
    Defines:
        `_StringLiteral_To create a directory a disk has to` = 00002a34
    Referenced from:
        navi (F:\Entwicklungsprojekte\github-nobru\midnightmega\calypsi\nav.o unit 4 section index 17)

`_StringLiteral_destination disk space insufficient` in section 'cdata'
 placed at address 00002a58-00002a7b of size 00000024
(F:\Entwicklungsprojekte\github-nobru\midnightmega\calypsi\nav.o unit 4 section index 244)
    Defines:
        `_StringLiteral_destination disk space insufficient` = 00002a58
    Referenced from:
        navi (F:\Entwicklungsprojekte\github-nobru\midnightmega\calypsi\nav.o unit 4 section index 17)

`_StringLiteral_Use the spacebar to select/unselect.` in section 'cdata'
 placed at address 00002a7c-00002aa0 of size 00000025
(F:\Entwicklungsprojekte\github-nobru\midnightmega\calypsi\nav.o unit 4 section index 234)
    Defines:
        `_StringLiteral_Use the spacebar to select/unselect.` = 00002a7c
    Referenced from:
        setupbox (F:\Entwicklungsprojekte\github-nobru\midnightmega\calypsi\nav.o unit 4 section index 8)

`_StringLiteral_destination disk will be OVERWRITTEN` in section 'cdata'
 placed at address 00002aa1-00002ac5 of size 00000025
(F:\Entwicklungsprojekte\github-nobru\midnightmega\calypsi\nav.o unit 4 section index 245)
    Defines:
        `_StringLiteral_destination disk will be OVERWRITTEN` = 00002aa1
    Referenced from:
        navi (F:\Entwicklungsprojekte\github-nobru\midnightmega\calypsi\nav.o unit 4 section index 17)

`_StringLiteral_ERROR text data instance not found! ` in section 'cdata'
 placed at address 00002ac6-00002aea of size 00000025
(F:\Entwicklungsprojekte\github-nobru\midnightmega\calypsi\texts.o unit 5 section index 11)
    Defines:
        `_StringLiteral_ERROR text data instance not found! ` = 00002ac6
    Referenced from:
        text (F:\Entwicklungsprojekte\github-nobru\midnightmega\calypsi\texts.o unit 5 section index 3)

`_StringLiteral_Please enter name of the subdirectory` in section 'cdata'
 placed at address 00002aeb-00002b10 of size 00000026
(F:\Entwicklungsprojekte\github-nobru\midnightmega\calypsi\nav.o unit 4 section index 217)
    Defines:
        `_StringLiteral_Please enter name of the subdirectory` = 00002aeb
    Referenced from:
        navi (F:\Entwicklungsprojekte\github-nobru\midnightmega\calypsi\nav.o unit 4 section index 17)

`_StringLiteral_Press RETURN to continue, STOP to halt.` in section 'cdata'
 placed at address 00002b11-00002b38 of size 00000028
(F:\Entwicklungsprojekte\github-nobru\midnightmega\calypsi\nav.o unit 4 section index 220)
    Defines:
        `_StringLiteral_Press RETURN to continue, STOP to halt.` = 00002b11
    Referenced from:
        navi (F:\Entwicklungsprojekte\github-nobru\midnightmega\calypsi\nav.o unit 4 section index 17)

`_StringLiteral_PutOneSector before lower buffer. Track=` in section 'cdata'
 placed at address 00002b39-00002b61 of size 00000029
(F:\Entwicklungsprojekte\github-nobru\midnightmega\calypsi\fileio.o unit 2 section index 160)
    Defines:
        `_StringLiteral_PutOneSector before lower buffer. Track=` = 00002b39
    Referenced from:
        PutOneSector (F:\Entwicklungsprojekte\github-nobru\midnightmega\calypsi\fileio.o unit 2 section index 13)

`_StringLiteral_PutOneSector before upper buffer. Track=` in section 'cdata'
 placed at address 00002b62-00002b8a of size 00000029
(F:\Entwicklungsprojekte\github-nobru\midnightmega\calypsi\fileio.o unit 2 section index 161)
    Defines:
        `_StringLiteral_PutOneSector before upper buffer. Track=` = 00002b62
    Referenced from:
        PutOneSector (F:\Entwicklungsprojekte\github-nobru\midnightmega\calypsi\fileio.o unit 2 section index 13)

`_StringLiteral_Enter amount of tracks 2..80, 0 to quit:` in section 'cdata'
 placed at address 00002b8b-00002bb3 of size 00000029
(F:\Entwicklungsprojekte\github-nobru\midnightmega\calypsi\nav.o unit 4 section index 199)
    Defines:
        `_StringLiteral_Enter amount of tracks 2..80, 0 to quit:` = 00002b8b
    Referenced from:
        navi (F:\Entwicklungsprojekte\github-nobru\midnightmega\calypsi\nav.o unit 4 section index 17)

`_StringLiteral_Your version of the Hyppo/HDOS is too old` in section 'cdata'
 placed at address 00002bb4-00002bdd of size 0000002a
(F:\Entwicklungsprojekte\github-nobru\midnightmega\calypsi\nav.o unit 4 section index 237)
    Defines:
        `_StringLiteral_Your version of the Hyppo/HDOS is too old` = 00002bb4
    Referenced from:
        navi (F:\Entwicklungsprojekte\github-nobru\midnightmega\calypsi\nav.o unit 4 section index 17)

`_StringLiteral_PutWholeSector before lower buffer. Track=` in section 'cdata'
 placed at address 00002bde-00002c08 of size 0000002b
(F:\Entwicklungsprojekte\github-nobru\midnightmega\calypsi\fileio.o unit 2 section index 163)
    Defines:
        `_StringLiteral_PutWholeSector before lower buffer. Track=` = 00002bde
    Referenced from:
        PutWholeSector (F:\Entwicklungsprojekte\github-nobru\midnightmega\calypsi\fileio.o unit 2 section index 12)

`_StringLiteral_PutWholeSector before upper buffer. Track=` in section 'cdata'
 placed at address 00002c09-00002c33 of size 0000002b
(F:\Entwicklungsprojekte\github-nobru\midnightmega\calypsi\fileio.o unit 2 section index 164)
    Defines:
        `_StringLiteral_PutWholeSector before upper buffer. Track=` = 00002c09
    Referenced from:
        PutWholeSector (F:\Entwicklungsprojekte\github-nobru\midnightmega\calypsi\fileio.o unit 2 section index 12)

`_StringLiteral_The to be formatted disk/image file has to` in section 'cdata'
 placed at address 00002c34-00002c5e of size 0000002b
(F:\Entwicklungsprojekte\github-nobru\midnightmega\calypsi\nav.o unit 4 section index 230)
    Defines:
        `_StringLiteral_The to be formatted disk/image file has to` = 00002c34
    Referenced from:
        navi (F:\Entwicklungsprojekte\github-nobru\midnightmega\calypsi\nav.o unit 4 section index 17)

`_StringLiteral_be mounted and its root directory selected.` in section 'cdata'
 placed at address 00002c5f-00002c8a of size 0000002c
(F:\Entwicklungsprojekte\github-nobru\midnightmega\calypsi\nav.o unit 4 section index 241)
    Defines:
        `_StringLiteral_be mounted and its root directory selected.` = 00002c5f
    Referenced from:
        navi (F:\Entwicklungsprojekte\github-nobru\midnightmega\calypsi\nav.o unit 4 section index 17)

`_StringLiteral_ERROR text data instance function undefined! ` in section 'cdata'
 placed at address 00002c8b-00002cb8 of size 0000002e
(F:\Entwicklungsprojekte\github-nobru\midnightmega\calypsi\texts.o unit 5 section index 10)
    Defines:
        `_StringLiteral_ERROR text data instance function undefined! ` = 00002c8b
    Referenced from:
        text (F:\Entwicklungsprojekte\github-nobru\midnightmega\calypsi\texts.o unit 5 section index 3)

`_StringLiteral_ERROR too much text data for available blocks!` in section 'cdata'
 placed at address 00002cb9-00002ce7 of size 0000002f
(F:\Entwicklungsprojekte\github-nobru\midnightmega\calypsi\nav.o unit 4 section index 197)
    Defines:
        `_StringLiteral_ERROR too much text data for available blocks!` = 00002cb9
    Referenced from:
        navi (F:\Entwicklungsprojekte\github-nobru\midnightmega\calypsi\nav.o unit 4 section index 17)

`_StringLiteral_PutOneSector done. Returning while WriteSector.` in section 'cdata'
 placed at address 00002ce8-00002d17 of size 00000030
(F:\Entwicklungsprojekte\github-nobru\midnightmega\calypsi\fileio.o unit 2 section index 162)
    Defines:
        `_StringLiteral_PutOneSector done. Returning while WriteSector.` = 00002ce8
    Referenced from:
        PutOneSector (F:\Entwicklungsprojekte\github-nobru\midnightmega\calypsi\fileio.o unit 2 section index 13)

`?L324` in section 'switch'
 placed at address 00002d18-00002d47 of size 00000030
(F:\Entwicklungsprojekte\github-nobru\midnightmega\calypsi\conioextensions.o unit 3 section index 76)
    References:
        cputcctrl in (F:\Entwicklungsprojekte\github-nobru\midnightmega\calypsi\conioextensions.o unit 3 section index 15)

`_StringLiteral_PutWholeSector done. Returning while WriteSector.` in section 'cdata'
 placed at address 00002d48-00002d79 of size 00000032
(F:\Entwicklungsprojekte\github-nobru\midnightmega\calypsi\fileio.o unit 2 section index 165)
    Defines:
        `_StringLiteral_PutWholeSector done. Returning while WriteSector.` = 00002d48
    Referenced from:
        PutWholeSector (F:\Entwicklungsprojekte\github-nobru\midnightmega\calypsi\fileio.o unit 2 section index 12)

`_StringLiteral_or an old core containing it. Falling back to slow mode.` in section 'cdata'
 placed at address 00002d7a-00002db2 of size 00000039
(F:\Entwicklungsprojekte\github-nobru\midnightmega\calypsi\nav.o unit 4 section index 268)
    Defines:
        `_StringLiteral_or an old core containing it. Falling back to slow mode.` = 00002d7a
    Referenced from:
        navi (F:\Entwicklungsprojekte\github-nobru\midnightmega\calypsi\nav.o unit 4 section index 17)

`_StringLiteral_A HICKUP.M65 v1.2 or older is active on your storage card` in section 'cdata'
 placed at address 00002db3-00002dec of size 0000003a
(F:\Entwicklungsprojekte\github-nobru\midnightmega\calypsi\nav.o unit 4 section index 176)
    Defines:
        `_StringLiteral_A HICKUP.M65 v1.2 or older is active on your storage card` = 00002db3
    Referenced from:
        navi (F:\Entwicklungsprojekte\github-nobru\midnightmega\calypsi\nav.o unit 4 section index 17)

`?L688` in section 'switch'
 placed at address 00002ded-00002e2c of size 00000040
(F:\Entwicklungsprojekte\github-nobru\midnightmega\calypsi\nav.o unit 4 section index 143)
    References:
        navi in (F:\Entwicklungsprojekte\github-nobru\midnightmega\calypsi\nav.o unit 4 section index 17)

`??_Initializer0` in section 'cdata'
 placed at address 00002e2d-00002e7c of size 00000050
(F:\Entwicklungsprojekte\github-nobru\midnightmega\calypsi\fileio.o unit 2 section index 154)

`?L687` in section 'switch'
 placed at address 00002e7d-00002f54 of size 000000d8
(F:\Entwicklungsprojekte\github-nobru\midnightmega\calypsi\nav.o unit 4 section index 144)
    References:
        navi in (F:\Entwicklungsprojekte\github-nobru\midnightmega\calypsi\nav.o unit 4 section index 17)

__ctype_ in section 'cdata'
 placed at address 00002f55-00003054 of size 00000100
(ctype.o (from clib-45gs02-mega65.a) unit 43 section index 19)
    Defines:
        __ctype_ = 00002f55
    Referenced from:
        isspace (ctype.o (from clib-45gs02-mega65.a) unit 43 section index 10)
        isblank (ctype.o (from clib-45gs02-mega65.a) unit 43 section index 15)

msprintfd in section 'code'
 placed at address 00003055-00003055 of size 00000001
(F:\Entwicklungsprojekte\github-nobru\midnightmega\calypsi\conioextensions.o unit 3 section index 24)
    Defines:
        msprintfd = 00003055
    Referenced from:
        getallhyppoentries (F:\Entwicklungsprojekte\github-nobru\midnightmega\calypsi\hyppo.o unit 1 section index 26)
        PutOneSector (F:\Entwicklungsprojekte\github-nobru\midnightmega\calypsi\fileio.o unit 2 section index 13)

mprintfd in section 'code'
 placed at address 00003056-00003056 of size 00000001
(F:\Entwicklungsprojekte\github-nobru\midnightmega\calypsi\conioextensions.o unit 3 section index 25)
    Defines:
        mprintfd = 00003056
    Referenced from:
        (F:\Entwicklungsprojekte\github-nobru\midnightmega\calypsi\fileio.o unit 2 section index 53)
        (F:\Entwicklungsprojekte\github-nobru\midnightmega\calypsi\fileio.o unit 2 section index 57)

mhprintfd in section 'code'
 placed at address 00003057-00003057 of size 00000001
(F:\Entwicklungsprojekte\github-nobru\midnightmega\calypsi\conioextensions.o unit 3 section index 26)
    Defines:
        mhprintfd = 00003057
    Referenced from:
        (F:\Entwicklungsprojekte\github-nobru\midnightmega\calypsi\fileio.o unit 2 section index 57)

mh4printfd in section 'code'
 placed at address 00003058-00003058 of size 00000001
(F:\Entwicklungsprojekte\github-nobru\midnightmega\calypsi\conioextensions.o unit 3 section index 27)
    Defines:
        mh4printfd = 00003058
    Referenced from:
        _miniInit (F:\Entwicklungsprojekte\github-nobru\midnightmega\calypsi\fileio.o unit 2 section index 6)

clrhomed in section 'code'
 placed at address 00003059-00003059 of size 00000001
(F:\Entwicklungsprojekte\github-nobru\midnightmega\calypsi\conioextensions.o unit 3 section index 30)
    Defines:
        clrhomed = 00003059
    Referenced from:
        (F:\Entwicklungsprojekte\github-nobru\midnightmega\calypsi\fileio.o unit 2 section index 65)

cputlnd in section 'code'  placed at address 0000305a-0000305a of size 00000001
(F:\Entwicklungsprojekte\github-nobru\midnightmega\calypsi\conioextensions.o unit 3 section index 31)
    Defines:
        cputlnd = 0000305a
    Referenced from:
        getallhyppoentries (F:\Entwicklungsprojekte\github-nobru\midnightmega\calypsi\hyppo.o unit 1 section index 26)
        _miniInit (F:\Entwicklungsprojekte\github-nobru\midnightmega\calypsi\fileio.o unit 2 section index 6)
        (F:\Entwicklungsprojekte\github-nobru\midnightmega\calypsi\fileio.o unit 2 section index 53)
        (F:\Entwicklungsprojekte\github-nobru\midnightmega\calypsi\fileio.o unit 2 section index 57)

__low_level_init in section 'code'
 placed at address 0000305b-0000305b of size 00000001
(commodore-startup.o (from sdk-45gs02-mega65.a) unit 13 section index 2)
    Defines:
        __low_level_init = 0000305b
    Referenced from:
        (commodore-startup.o (from sdk-45gs02-mega65.a) unit 13 section index 6)

cgetcd in section 'code'  placed at address 0000305c-0000305e of size 00000003
(F:\Entwicklungsprojekte\github-nobru\midnightmega\calypsi\conioextensions.o unit 3 section index 32)
    Defines:
        cgetcd = 0000305c
    Referenced from:
        getallhyppoentries (F:\Entwicklungsprojekte\github-nobru\midnightmega\calypsi\hyppo.o unit 1 section index 26)
        PutWholeSector (F:\Entwicklungsprojekte\github-nobru\midnightmega\calypsi\fileio.o unit 2 section index 12)
        PutOneSector (F:\Entwicklungsprojekte\github-nobru\midnightmega\calypsi\fileio.o unit 2 section index 13)
        (F:\Entwicklungsprojekte\github-nobru\midnightmega\calypsi\fileio.o unit 2 section index 57)
        (F:\Entwicklungsprojekte\github-nobru\midnightmega\calypsi\fileio.o unit 2 section index 105)

_JmpInd in section 'code'  placed at address 0000305f-00003061 of size 00000003
(controlFlow.o (from clib-45gs02-mega65.a) unit 18 section index 2)
    Defines:
        _JmpInd = 0000305f
    References:
        _Zp in (pseudoRegisters.o (from clib-45gs02-mega65.a) unit 15 section index 2)
    Referenced from:
        exit (exit.o (from clib-45gs02-mega65.a) unit 16 section index 2)

gethyppodirent in section 'code'
 placed at address 00003062-00003065 of size 00000004
(F:\Entwicklungsprojekte\github-nobru\midnightmega\calypsi\hyppo.o unit 1 section index 27)
    Defines:
        gethyppodirent = 00003062
    References:
        getallhyppoentries in (F:\Entwicklungsprojekte\github-nobru\midnightmega\calypsi\hyppo.o unit 1 section index 26)
    Referenced from:
        UpdateSectors (F:\Entwicklungsprojekte\github-nobru\midnightmega\calypsi\nav.o unit 4 section index 15)

msprintf in section 'code'
 placed at address 00003066-00003069 of size 00000004
(F:\Entwicklungsprojekte\github-nobru\midnightmega\calypsi\conioextensions.o unit 3 section index 18)
    Defines:
        msprintf = 00003066
    Referenced from:
        main (F:\Entwicklungsprojekte\github-nobru\midnightmega\calypsi\midnightmega.o unit 0 section index 17)
        shortcutprint (F:\Entwicklungsprojekte\github-nobru\midnightmega\calypsi\nav.o unit 4 section index 5)
        shortcuts (F:\Entwicklungsprojekte\github-nobru\midnightmega\calypsi\nav.o unit 4 section index 6)
        rombox (F:\Entwicklungsprojekte\github-nobru\midnightmega\calypsi\nav.o unit 4 section index 13)
        navi (F:\Entwicklungsprojekte\github-nobru\midnightmega\calypsi\nav.o unit 4 section index 17)
        (F:\Entwicklungsprojekte\github-nobru\midnightmega\calypsi\nav.o unit 4 section index 93)

bordercolor in section 'code'
 placed at address 0000306a-0000306d of size 00000004
(F:\Entwicklungsprojekte\github-nobru\midnightmega\calypsi\conio.o unit 8 section index 23)
    Defines:
        bordercolor = 0000306a
    Referenced from:
        main (F:\Entwicklungsprojekte\github-nobru\midnightmega\calypsi\midnightmega.o unit 0 section index 17)
        (F:\Entwicklungsprojekte\github-nobru\midnightmega\calypsi\fileio.o unit 2 section index 57)
        navi (F:\Entwicklungsprojekte\github-nobru\midnightmega\calypsi\nav.o unit 4 section index 17)

bgcolor in section 'code'  placed at address 0000306e-00003071 of size 00000004
(F:\Entwicklungsprojekte\github-nobru\midnightmega\calypsi\conio.o unit 8 section index 24)
    Defines:
        bgcolor = 0000306e
    Referenced from:
        main (F:\Entwicklungsprojekte\github-nobru\midnightmega\calypsi\midnightmega.o unit 0 section index 17)

gotoxy in section 'code'  placed at address 00003072-00003075 of size 00000004
(F:\Entwicklungsprojekte\github-nobru\midnightmega\calypsi\conio.o unit 8 section index 34)
    Defines:
        gotoxy = 00003072
    Referenced from:
        cinput2 (F:\Entwicklungsprojekte\github-nobru\midnightmega\calypsi\conioextensions.o unit 3 section index 33)
        inputbox (F:\Entwicklungsprojekte\github-nobru\midnightmega\calypsi\conioextensions.o unit 3 section index 38)
        (F:\Entwicklungsprojekte\github-nobru\midnightmega\calypsi\conioextensions.o unit 3 section index 57)
        shortcuts (F:\Entwicklungsprojekte\github-nobru\midnightmega\calypsi\nav.o unit 4 section index 6)
        text (F:\Entwicklungsprojekte\github-nobru\midnightmega\calypsi\texts.o unit 5 section index 3)

wherex in section 'code'  placed at address 00003076-00003079 of size 00000004
(F:\Entwicklungsprojekte\github-nobru\midnightmega\calypsi\conio.o unit 8 section index 37)
    Defines:
        wherex = 00003076
    Referenced from:
        cinput2 (F:\Entwicklungsprojekte\github-nobru\midnightmega\calypsi\conioextensions.o unit 3 section index 33)
        shortcuts (F:\Entwicklungsprojekte\github-nobru\midnightmega\calypsi\nav.o unit 4 section index 6)
        navi (F:\Entwicklungsprojekte\github-nobru\midnightmega\calypsi\nav.o unit 4 section index 17)
        (F:\Entwicklungsprojekte\github-nobru\midnightmega\calypsi\nav.o unit 4 section index 60)

wherey in section 'code'  placed at address 0000307a-0000307d of size 00000004
(F:\Entwicklungsprojekte\github-nobru\midnightmega\calypsi\conio.o unit 8 section index 38)
    Defines:
        wherey = 0000307a
    Referenced from:
        cinput2 (F:\Entwicklungsprojekte\github-nobru\midnightmega\calypsi\conioextensions.o unit 3 section index 33)

hline in section 'code'  placed at address 0000307e-00003081 of size 00000004
(F:\Entwicklungsprojekte\github-nobru\midnightmega\calypsi\conio.o unit 8 section index 54)
    Defines:
        hline = 0000307e
    References:
        cputncxy in (F:\Entwicklungsprojekte\github-nobru\midnightmega\calypsi\conio.o unit 8 section index 51)
    Referenced from:
        ShowAccess (F:\Entwicklungsprojekte\github-nobru\midnightmega\calypsi\fileio.o unit 2 section index 5)

getkeymodstate in section 'code'
 placed at address 00003082-00003085 of size 00000004
(F:\Entwicklungsprojekte\github-nobru\midnightmega\calypsi\conio.o unit 8 section index 57)
    Defines:
        getkeymodstate = 00003082
    Referenced from:
        cgetcalt (F:\Entwicklungsprojekte\github-nobru\midnightmega\calypsi\nav.o unit 4 section index 14)
        navi (F:\Entwicklungsprojekte\github-nobru\midnightmega\calypsi\nav.o unit 4 section index 17)

_Exit in section 'code'  placed at address 00003086-00003089 of size 00000004
(exitC99.o (from clib-45gs02-mega65.a) unit 21 section index 2)
    Defines:
        _Exit = 00003086
    References:
        _Stub_exit in (stub_exit.o (from sdk-45gs02-mega65.a) unit 22 section index 2)
    Referenced from:
        exit (exit.o (from clib-45gs02-mega65.a) unit 16 section index 2)

`?L290` in section 'code'  placed at address 0000308a-0000308e of size 00000005
(F:\Entwicklungsprojekte\github-nobru\midnightmega\calypsi\hyppo.o unit 1 section index 38)
    References:
        HTRAP00 in (hyppo.o (from sdk-45gs02-mega65.a) unit 30 section index 65521)

`?L1378` in section 'code'
 placed at address 0000308f-00003093 of size 00000005
(F:\Entwicklungsprojekte\github-nobru\midnightmega\calypsi\fileio.o unit 2 section index 86)
    References:
        _Zp in (pseudoRegisters.o (from clib-45gs02-mega65.a) unit 15 section index 2)

`?L1412` in section 'code'
 placed at address 00003094-00003098 of size 00000005
(F:\Entwicklungsprojekte\github-nobru\midnightmega\calypsi\fileio.o unit 2 section index 112)
    References:
        _Vsp in (pseudoRegisters.o (from clib-45gs02-mega65.a) unit 15 section index 2)

`?L1416` in section 'code'
 placed at address 00003099-0000309d of size 00000005
(F:\Entwicklungsprojekte\github-nobru\midnightmega\calypsi\fileio.o unit 2 section index 115)
    References:
        _Zp in (pseudoRegisters.o (from clib-45gs02-mega65.a) unit 15 section index 2)

`?L1420` in section 'code'
 placed at address 0000309e-000030a2 of size 00000005
(F:\Entwicklungsprojekte\github-nobru\midnightmega\calypsi\fileio.o unit 2 section index 118)
    References:
        _Zp in (pseudoRegisters.o (from clib-45gs02-mega65.a) unit 15 section index 2)

`?L1444` in section 'code'
 placed at address 000030a3-000030a7 of size 00000005
(F:\Entwicklungsprojekte\github-nobru\midnightmega\calypsi\fileio.o unit 2 section index 138)
    References:
        PutOneSector in (F:\Entwicklungsprojekte\github-nobru\midnightmega\calypsi\fileio.o unit 2 section index 13)
        _Zp in (pseudoRegisters.o (from clib-45gs02-mega65.a) unit 15 section index 2)

`?L1445` in section 'code'
 placed at address 000030a8-000030ac of size 00000005
(F:\Entwicklungsprojekte\github-nobru\midnightmega\calypsi\fileio.o unit 2 section index 139)
    References:
        PutWholeSector in (F:\Entwicklungsprojekte\github-nobru\midnightmega\calypsi\fileio.o unit 2 section index 12)
        _Zp in (pseudoRegisters.o (from clib-45gs02-mega65.a) unit 15 section index 2)

`?L1447` in section 'code'
 placed at address 000030ad-000030b1 of size 00000005
(F:\Entwicklungsprojekte\github-nobru\midnightmega\calypsi\fileio.o unit 2 section index 141)
    References:
        _Zp in (pseudoRegisters.o (from clib-45gs02-mega65.a) unit 15 section index 2)

`?L1449` in section 'code'
 placed at address 000030b2-000030b6 of size 00000005
(F:\Entwicklungsprojekte\github-nobru\midnightmega\calypsi\fileio.o unit 2 section index 143)
    References:
        cputc in (F:\Entwicklungsprojekte\github-nobru\midnightmega\calypsi\conio.o unit 8 section index 39)

`?L648` in section 'code'  placed at address 000030b7-000030bb of size 00000005
(F:\Entwicklungsprojekte\github-nobru\midnightmega\calypsi\conioextensions.o unit 3 section index 73)
    References:
        _Zp in (pseudoRegisters.o (from clib-45gs02-mega65.a) unit 15 section index 2)
        mprintf in (F:\Entwicklungsprojekte\github-nobru\midnightmega\calypsi\conioextensions.o unit 3 section index 19)

`?L1934` in section 'code'
 placed at address 000030bc-000030c0 of size 00000005
(F:\Entwicklungsprojekte\github-nobru\midnightmega\calypsi\nav.o unit 4 section index 37)
    References:
        _Zp in (pseudoRegisters.o (from clib-45gs02-mega65.a) unit 15 section index 2)

`?L1954` in section 'code'
 placed at address 000030c1-000030c5 of size 00000005
(F:\Entwicklungsprojekte\github-nobru\midnightmega\calypsi\nav.o unit 4 section index 50)
    References:
        Deselect in (F:\Entwicklungsprojekte\github-nobru\midnightmega\calypsi\nav.o unit 4 section index 4)
        _Zp in (pseudoRegisters.o (from clib-45gs02-mega65.a) unit 15 section index 2)

`?L1990` in section 'code'
 placed at address 000030c6-000030ca of size 00000005
(F:\Entwicklungsprojekte\github-nobru\midnightmega\calypsi\nav.o unit 4 section index 74)
    References:
        _Zp in (pseudoRegisters.o (from clib-45gs02-mega65.a) unit 15 section index 2)

`?L2067` in section 'code'
 placed at address 000030cb-000030cf of size 00000005
(F:\Entwicklungsprojekte\github-nobru\midnightmega\calypsi\nav.o unit 4 section index 127)
    References:
        strmakefilename in (F:\Entwicklungsprojekte\github-nobru\midnightmega\calypsi\conioextensions.o unit 3 section index 7)

`?L2068` in section 'code'
 placed at address 000030d0-000030d4 of size 00000005
(F:\Entwicklungsprojekte\github-nobru\midnightmega\calypsi\nav.o unit 4 section index 128)
    References:
        progress in (F:\Entwicklungsprojekte\github-nobru\midnightmega\calypsi\conioextensions.o unit 3 section index 37)

`?L102` in section 'code'  placed at address 000030d5-000030d9 of size 00000005
(F:\Entwicklungsprojekte\github-nobru\midnightmega\calypsi\texts.o unit 5 section index 6)
    References:
        blockreadbyte in (F:\Entwicklungsprojekte\github-nobru\midnightmega\calypsi\texts.o unit 5 section index 2)

`?L296` in section 'code'  placed at address 000030da-000030df of size 00000006
(F:\Entwicklungsprojekte\github-nobru\midnightmega\calypsi\hyppo.o unit 1 section index 42)
    References:
        _Zp in (pseudoRegisters.o (from clib-45gs02-mega65.a) unit 15 section index 2)

`?L1350` in section 'code'
 placed at address 000030e0-000030e5 of size 00000006
(F:\Entwicklungsprojekte\github-nobru\midnightmega\calypsi\fileio.o unit 2 section index 66)
    References:
        _Zp in (pseudoRegisters.o (from clib-45gs02-mega65.a) unit 15 section index 2)

`?L1433` in section 'code'
 placed at address 000030e6-000030eb of size 00000006
(F:\Entwicklungsprojekte\github-nobru\midnightmega\calypsi\fileio.o unit 2 section index 129)
    References:
        option in (F:\Entwicklungsprojekte\github-nobru\midnightmega\calypsi\fileio.o unit 2 section index 153)

`?L1440` in section 'code'
 placed at address 000030ec-000030f1 of size 00000006
(F:\Entwicklungsprojekte\github-nobru\midnightmega\calypsi\fileio.o unit 2 section index 134)
    References:
        _Zp in (pseudoRegisters.o (from clib-45gs02-mega65.a) unit 15 section index 2)

`?L617` in section 'code'  placed at address 000030f2-000030f7 of size 00000006
(F:\Entwicklungsprojekte\github-nobru\midnightmega\calypsi\conioextensions.o unit 3 section index 49)
    References:
        asciitoscreencode_s in (F:\Entwicklungsprojekte\github-nobru\midnightmega\calypsi\conioextensions.o unit 3 section index 14)
        cputs in (F:\Entwicklungsprojekte\github-nobru\midnightmega\calypsi\conio.o unit 8 section index 48)

`?L642` in section 'code'  placed at address 000030f8-000030fd of size 00000006
(F:\Entwicklungsprojekte\github-nobru\midnightmega\calypsi\conioextensions.o unit 3 section index 67)
    References:
        _Zp in (pseudoRegisters.o (from clib-45gs02-mega65.a) unit 15 section index 2)

`?L2008` in section 'code'
 placed at address 000030fe-00003103 of size 00000006
(F:\Entwicklungsprojekte\github-nobru\midnightmega\calypsi\nav.o unit 4 section index 87)
    References:
        _Zp in (pseudoRegisters.o (from clib-45gs02-mega65.a) unit 15 section index 2)

`?L2052` in section 'code'
 placed at address 00003104-00003109 of size 00000006
(F:\Entwicklungsprojekte\github-nobru\midnightmega\calypsi\nav.o unit 4 section index 114)
    References:
        _Zp in (pseudoRegisters.o (from clib-45gs02-mega65.a) unit 15 section index 2)
        progress in (F:\Entwicklungsprojekte\github-nobru\midnightmega\calypsi\conioextensions.o unit 3 section index 37)

`?L83` in section 'code'  placed at address 0000310a-0000310f of size 00000006
(F:\Entwicklungsprojekte\github-nobru\midnightmega\mega65-libc\src\memory.o unit 9 section index 18)
    References:
        _Zp in (pseudoRegisters.o (from clib-45gs02-mega65.a) unit 15 section index 2)

`?L119` in section 'code'  placed at address 00003110-00003115 of size 00000006
(ctype.o (from clib-45gs02-mega65.a) unit 43 section index 16)
    References:
        _Zp in (pseudoRegisters.o (from clib-45gs02-mega65.a) unit 15 section index 2)

`?L37` in section 'code'  placed at address 00003116-0000311b of size 00000006
(lib_strtol.o (from clib-45gs02-mega65.a) unit 37 section index 3)
    References:
        _Vsp in (pseudoRegisters.o (from clib-45gs02-mega65.a) unit 15 section index 2)
        _Zp in (pseudoRegisters.o (from clib-45gs02-mega65.a) unit 15 section index 2)

`?L294` in section 'code'  placed at address 0000311c-00003122 of size 00000007
(F:\Entwicklungsprojekte\github-nobru\midnightmega\calypsi\hyppo.o unit 1 section index 41)
    References:
        _Zp in (pseudoRegisters.o (from clib-45gs02-mega65.a) unit 15 section index 2)

`?L1372` in section 'code'
 placed at address 00003123-00003129 of size 00000007
(F:\Entwicklungsprojekte\github-nobru\midnightmega\calypsi\fileio.o unit 2 section index 81)
    References:
        _AllocStackSave in (enter.o (from clib-45gs02-mega65.a) unit 20 section index 2)

`?L1387` in section 'code'
 placed at address 0000312a-00003130 of size 00000007
(F:\Entwicklungsprojekte\github-nobru\midnightmega\calypsi\fileio.o unit 2 section index 93)
    References:
        _Zp in (pseudoRegisters.o (from clib-45gs02-mega65.a) unit 15 section index 2)

`?L1389` in section 'code'
 placed at address 00003131-00003137 of size 00000007
(F:\Entwicklungsprojekte\github-nobru\midnightmega\calypsi\fileio.o unit 2 section index 95)
    References:
        _Zp in (pseudoRegisters.o (from clib-45gs02-mega65.a) unit 15 section index 2)

`?L1409` in section 'code'
 placed at address 00003138-0000313e of size 00000007
(F:\Entwicklungsprojekte\github-nobru\midnightmega\calypsi\fileio.o unit 2 section index 109)
    References:
        _Zp in (pseudoRegisters.o (from clib-45gs02-mega65.a) unit 15 section index 2)

`?L1410` in section 'code'
 placed at address 0000313f-00003145 of size 00000007
(F:\Entwicklungsprojekte\github-nobru\midnightmega\calypsi\fileio.o unit 2 section index 110)
    References:
        _Vsp in (pseudoRegisters.o (from clib-45gs02-mega65.a) unit 15 section index 2)
        _Zp in (pseudoRegisters.o (from clib-45gs02-mega65.a) unit 15 section index 2)

`?L1426` in section 'code'
 placed at address 00003146-0000314c of size 00000007
(F:\Entwicklungsprojekte\github-nobru\midnightmega\calypsi\fileio.o unit 2 section index 124)
    References:
        readdir_dirent in (F:\Entwicklungsprojekte\github-nobru\midnightmega\calypsi\hyppo.o unit 1 section index 3)

`?L1436` in section 'code'
 placed at address 0000314d-00003153 of size 00000007
(F:\Entwicklungsprojekte\github-nobru\midnightmega\calypsi\fileio.o unit 2 section index 131)
    References:
        _Zp in (pseudoRegisters.o (from clib-45gs02-mega65.a) unit 15 section index 2)

`?L1437` in section 'code'
 placed at address 00003154-0000315a of size 00000007
(F:\Entwicklungsprojekte\github-nobru\midnightmega\calypsi\fileio.o unit 2 section index 132)
    References:
        _Vsp in (pseudoRegisters.o (from clib-45gs02-mega65.a) unit 15 section index 2)
        _Zp in (pseudoRegisters.o (from clib-45gs02-mega65.a) unit 15 section index 2)

`?L1438` in section 'code'
 placed at address 0000315b-00003161 of size 00000007
(F:\Entwicklungsprojekte\github-nobru\midnightmega\calypsi\fileio.o unit 2 section index 133)
    References:
        _Vsp in (pseudoRegisters.o (from clib-45gs02-mega65.a) unit 15 section index 2)
        _Zp in (pseudoRegisters.o (from clib-45gs02-mega65.a) unit 15 section index 2)

`?L1441` in section 'code'
 placed at address 00003162-00003168 of size 00000007
(F:\Entwicklungsprojekte\github-nobru\midnightmega\calypsi\fileio.o unit 2 section index 135)
    References:
        _Zp in (pseudoRegisters.o (from clib-45gs02-mega65.a) unit 15 section index 2)

`?L1450` in section 'code'
 placed at address 00003169-0000316f of size 00000007
(F:\Entwicklungsprojekte\github-nobru\midnightmega\calypsi\fileio.o unit 2 section index 144)
    References:
        _Zp in (pseudoRegisters.o (from clib-45gs02-mega65.a) unit 15 section index 2)
        lfill in (F:\Entwicklungsprojekte\github-nobru\midnightmega\mega65-libc\src\memory.o unit 9 section index 9)

clrhome in section 'code'  placed at address 00003170-00003176 of size 00000007
(F:\Entwicklungsprojekte\github-nobru\midnightmega\calypsi\conioextensions.o unit 3 section index 16)
    Defines:
        clrhome = 00003170
    References:
        clrscr in (F:\Entwicklungsprojekte\github-nobru\midnightmega\calypsi\conio.o unit 8 section index 22)
        gohome in (F:\Entwicklungsprojekte\github-nobru\midnightmega\calypsi\conio.o unit 8 section index 33)
    Referenced from:
        main (F:\Entwicklungsprojekte\github-nobru\midnightmega\calypsi\midnightmega.o unit 0 section index 17)

mcputc in section 'code'  placed at address 00003177-0000317d of size 00000007
(F:\Entwicklungsprojekte\github-nobru\midnightmega\calypsi\conioextensions.o unit 3 section index 17)
    Defines:
        mcputc = 00003177
    References:
        asciitoscreencode in (F:\Entwicklungsprojekte\github-nobru\midnightmega\calypsi\conioextensions.o unit 3 section index 13)
        cputc in (F:\Entwicklungsprojekte\github-nobru\midnightmega\calypsi\conio.o unit 8 section index 39)
    Referenced from:
        listbox (F:\Entwicklungsprojekte\github-nobru\midnightmega\calypsi\nav.o unit 4 section index 3)

`?L611` in section 'code'  placed at address 0000317e-00003184 of size 00000007
(F:\Entwicklungsprojekte\github-nobru\midnightmega\calypsi\conioextensions.o unit 3 section index 44)
    References:
        _Zp in (pseudoRegisters.o (from clib-45gs02-mega65.a) unit 15 section index 2)
        cputsxy in (F:\Entwicklungsprojekte\github-nobru\midnightmega\calypsi\conio.o unit 8 section index 49)

`?L613` in section 'code'  placed at address 00003185-0000318b of size 00000007
(F:\Entwicklungsprojekte\github-nobru\midnightmega\calypsi\conioextensions.o unit 3 section index 46)
    References:
        _Zp in (pseudoRegisters.o (from clib-45gs02-mega65.a) unit 15 section index 2)

`?L620` in section 'code'  placed at address 0000318c-00003192 of size 00000007
(F:\Entwicklungsprojekte\github-nobru\midnightmega\calypsi\conioextensions.o unit 3 section index 51)
    References:
        _Zp in (pseudoRegisters.o (from clib-45gs02-mega65.a) unit 15 section index 2)

`?L626` in section 'code'  placed at address 00003193-00003199 of size 00000007
(F:\Entwicklungsprojekte\github-nobru\midnightmega\calypsi\conioextensions.o unit 3 section index 56)
    References:
        _Zp in (pseudoRegisters.o (from clib-45gs02-mega65.a) unit 15 section index 2)
        cputcxy in (F:\Entwicklungsprojekte\github-nobru\midnightmega\calypsi\conio.o unit 8 section index 50)

`?L627` in section 'code'  placed at address 0000319a-000031a0 of size 00000007
(F:\Entwicklungsprojekte\github-nobru\midnightmega\calypsi\conioextensions.o unit 3 section index 57)
    References:
        _Zp in (pseudoRegisters.o (from clib-45gs02-mega65.a) unit 15 section index 2)
        gotoxy in (F:\Entwicklungsprojekte\github-nobru\midnightmega\calypsi\conio.o unit 8 section index 34)

`?L643` in section 'code'  placed at address 000031a1-000031a7 of size 00000007
(F:\Entwicklungsprojekte\github-nobru\midnightmega\calypsi\conioextensions.o unit 3 section index 68)
    References:
        _Zp in (pseudoRegisters.o (from clib-45gs02-mega65.a) unit 15 section index 2)

`?L646` in section 'code'  placed at address 000031a8-000031ae of size 00000007
(F:\Entwicklungsprojekte\github-nobru\midnightmega\calypsi\conioextensions.o unit 3 section index 71)
    References:
        _AllocStackSave in (enter.o (from clib-45gs02-mega65.a) unit 20 section index 2)

`?L647` in section 'code'  placed at address 000031af-000031b5 of size 00000007
(F:\Entwicklungsprojekte\github-nobru\midnightmega\calypsi\conioextensions.o unit 3 section index 72)
    References:
        _AllocStackSave in (enter.o (from clib-45gs02-mega65.a) unit 20 section index 2)

`?L1927` in section 'code'
 placed at address 000031b6-000031bc of size 00000007
(F:\Entwicklungsprojekte\github-nobru\midnightmega\calypsi\nav.o unit 4 section index 32)
    References:
        _Zp in (pseudoRegisters.o (from clib-45gs02-mega65.a) unit 15 section index 2)

`?L1942` in section 'code'
 placed at address 000031bd-000031c3 of size 00000007
(F:\Entwicklungsprojekte\github-nobru\midnightmega\calypsi\nav.o unit 4 section index 42)
    References:
        _Zp in (pseudoRegisters.o (from clib-45gs02-mega65.a) unit 15 section index 2)

`?L1951` in section 'code'
 placed at address 000031c4-000031ca of size 00000007
(F:\Entwicklungsprojekte\github-nobru\midnightmega\calypsi\nav.o unit 4 section index 48)
    References:
        s in (F:\Entwicklungsprojekte\github-nobru\midnightmega\calypsi\nav.o unit 4 section index 137)

`?L1952` in section 'code'
 placed at address 000031cb-000031d1 of size 00000007
(F:\Entwicklungsprojekte\github-nobru\midnightmega\calypsi\nav.o unit 4 section index 49)
    References:
        _Zp in (pseudoRegisters.o (from clib-45gs02-mega65.a) unit 15 section index 2)

`?L1987` in section 'code'
 placed at address 000031d2-000031d8 of size 00000007
(F:\Entwicklungsprojekte\github-nobru\midnightmega\calypsi\nav.o unit 4 section index 72)
    References:
        _Zp in (pseudoRegisters.o (from clib-45gs02-mega65.a) unit 15 section index 2)

`?L1988` in section 'code'
 placed at address 000031d9-000031df of size 00000007
(F:\Entwicklungsprojekte\github-nobru\midnightmega\calypsi\nav.o unit 4 section index 73)
    References:
        _Zp in (pseudoRegisters.o (from clib-45gs02-mega65.a) unit 15 section index 2)

`?L1993` in section 'code'
 placed at address 000031e0-000031e6 of size 00000007
(F:\Entwicklungsprojekte\github-nobru\midnightmega\calypsi\nav.o unit 4 section index 77)
    References:
        _ValueSwitch16 in (vswitch16.o (from clib-45gs02-mega65.a) unit 28 section index 2)
        _Zp in (pseudoRegisters.o (from clib-45gs02-mega65.a) unit 15 section index 2)

`?L2009` in section 'code'
 placed at address 000031e7-000031ed of size 00000007
(F:\Entwicklungsprojekte\github-nobru\midnightmega\calypsi\nav.o unit 4 section index 88)
    References:
        `_StringLiteral_ 1` in (F:\Entwicklungsprojekte\github-nobru\midnightmega\calypsi\nav.o unit 4 section index 151)
        _Zp in (pseudoRegisters.o (from clib-45gs02-mega65.a) unit 15 section index 2)

`?L2034` in section 'code'
 placed at address 000031ee-000031f4 of size 00000007
(F:\Entwicklungsprojekte\github-nobru\midnightmega\calypsi\nav.o unit 4 section index 102)
    References:
        _Zp in (pseudoRegisters.o (from clib-45gs02-mega65.a) unit 15 section index 2)

`?L2036` in section 'code'
 placed at address 000031f5-000031fb of size 00000007
(F:\Entwicklungsprojekte\github-nobru\midnightmega\calypsi\nav.o unit 4 section index 103)
    References:
        _Zp in (pseudoRegisters.o (from clib-45gs02-mega65.a) unit 15 section index 2)

`?L2056` in section 'code'
 placed at address 000031fc-00003202 of size 00000007
(F:\Entwicklungsprojekte\github-nobru\midnightmega\calypsi\nav.o unit 4 section index 116)
    References:
        _Zp in (pseudoRegisters.o (from clib-45gs02-mega65.a) unit 15 section index 2)
        midnight in (F:\Entwicklungsprojekte\github-nobru\midnightmega\calypsi\nav.o unit 4 section index 2)

`?L2057` in section 'code'
 placed at address 00003203-00003209 of size 00000007
(F:\Entwicklungsprojekte\github-nobru\midnightmega\calypsi\nav.o unit 4 section index 117)
    References:
        `_StringLiteral_from left side` in (F:\Entwicklungsprojekte\github-nobru\midnightmega\calypsi\nav.o unit 4 section index 251)
        _Zp in (pseudoRegisters.o (from clib-45gs02-mega65.a) unit 15 section index 2)

`?L2058` in section 'code'
 placed at address 0000320a-00003210 of size 00000007
(F:\Entwicklungsprojekte\github-nobru\midnightmega\calypsi\nav.o unit 4 section index 118)
    References:
        `_StringLiteral_from right side` in (F:\Entwicklungsprojekte\github-nobru\midnightmega\calypsi\nav.o unit 4 section index 253)
        _Zp in (pseudoRegisters.o (from clib-45gs02-mega65.a) unit 15 section index 2)

`?L2059` in section 'code'
 placed at address 00003211-00003217 of size 00000007
(F:\Entwicklungsprojekte\github-nobru\midnightmega\calypsi\nav.o unit 4 section index 119)
    References:
        _Zp in (pseudoRegisters.o (from clib-45gs02-mega65.a) unit 15 section index 2)

`?L2060` in section 'code'
 placed at address 00003218-0000321e of size 00000007
(F:\Entwicklungsprojekte\github-nobru\midnightmega\calypsi\nav.o unit 4 section index 120)
    References:
        _Zp in (pseudoRegisters.o (from clib-45gs02-mega65.a) unit 15 section index 2)

`?L2062` in section 'code'
 placed at address 0000321f-00003225 of size 00000007
(F:\Entwicklungsprojekte\github-nobru\midnightmega\calypsi\nav.o unit 4 section index 122)
    References:
        `_StringLiteral_is not supported.` in (F:\Entwicklungsprojekte\github-nobru\midnightmega\calypsi\nav.o unit 4 section index 257)
        _Zp in (pseudoRegisters.o (from clib-45gs02-mega65.a) unit 15 section index 2)

`?L2063` in section 'code'
 placed at address 00003226-0000322c of size 00000007
(F:\Entwicklungsprojekte\github-nobru\midnightmega\calypsi\nav.o unit 4 section index 123)
    References:
        _Zp in (pseudoRegisters.o (from clib-45gs02-mega65.a) unit 15 section index 2)

`?L2069` in section 'code'
 placed at address 0000322d-00003233 of size 00000007
(F:\Entwicklungsprojekte\github-nobru\midnightmega\calypsi\nav.o unit 4 section index 129)
    References:
        _AllocStackSave in (enter.o (from clib-45gs02-mega65.a) unit 20 section index 2)

`?L2071` in section 'code'
 placed at address 00003234-0000323a of size 00000007
(F:\Entwicklungsprojekte\github-nobru\midnightmega\calypsi\nav.o unit 4 section index 131)
    References:
        _Zp in (pseudoRegisters.o (from clib-45gs02-mega65.a) unit 15 section index 2)
        csputdec in (F:\Entwicklungsprojekte\github-nobru\midnightmega\calypsi\conioextensions.o unit 3 section index 12)

`?L605` in section 'code'  placed at address 0000323b-00003241 of size 00000007
(F:\Entwicklungsprojekte\github-nobru\midnightmega\calypsi\conio.o unit 8 section index 82)
    References:
        _Zp in (pseudoRegisters.o (from clib-45gs02-mega65.a) unit 15 section index 2)

`?L618` in section 'code'  placed at address 00003242-00003248 of size 00000007
(F:\Entwicklungsprojekte\github-nobru\midnightmega\calypsi\conio.o unit 8 section index 93)
    References:
        _Zp in (pseudoRegisters.o (from clib-45gs02-mega65.a) unit 15 section index 2)

`?L621` in section 'code'  placed at address 00003249-0000324f of size 00000007
(F:\Entwicklungsprojekte\github-nobru\midnightmega\calypsi\conio.o unit 8 section index 96)
    References:
        _Zp in (pseudoRegisters.o (from clib-45gs02-mega65.a) unit 15 section index 2)

`?L631` in section 'code'  placed at address 00003250-00003256 of size 00000007
(F:\Entwicklungsprojekte\github-nobru\midnightmega\calypsi\conio.o unit 8 section index 106)
    References:
        _AllocStackSave in (enter.o (from clib-45gs02-mega65.a) unit 20 section index 2)

`?L37` in section 'code'  placed at address 00003257-0000325d of size 00000007
(lib_checkbase.o (from clib-45gs02-mega65.a) unit 41 section index 3)
    References:
        _Zp in (pseudoRegisters.o (from clib-45gs02-mega65.a) unit 15 section index 2)

`?L60` in section 'code'  placed at address 0000325e-00003264 of size 00000007
(lib_strtoul.o (from clib-45gs02-mega65.a) unit 39 section index 8)
    References:
        _UDivMod32 in (integer.o (from clib-45gs02-mega65.a) unit 25 section index 10)
        _Zp in (pseudoRegisters.o (from clib-45gs02-mega65.a) unit 15 section index 2)

hyppo_openfile in section 'code'
 placed at address 00003265-0000326c of size 00000008
(F:\Entwicklungsprojekte\github-nobru\midnightmega\calypsi\hyppo.o unit 1 section index 19)
    Defines:
        hyppo_openfile = 00003265
    Referenced from:
        romlist (F:\Entwicklungsprojekte\github-nobru\midnightmega\calypsi\romlist.o unit 7 section index 2)

hyppo_freeze_self in section 'code'
 placed at address 0000326d-00003274 of size 00000008
(F:\Entwicklungsprojekte\github-nobru\midnightmega\calypsi\hyppo.o unit 1 section index 29)
    Defines:
        hyppo_freeze_self = 0000326d
    References:
        HTRAP3F in (hyppo.o (from sdk-45gs02-mega65.a) unit 30 section index 65521)
    Referenced from:
        navi (F:\Entwicklungsprojekte\github-nobru\midnightmega\calypsi\nav.o unit 4 section index 17)

`?L298` in section 'code'  placed at address 00003275-0000327c of size 00000008
(F:\Entwicklungsprojekte\github-nobru\midnightmega\calypsi\hyppo.o unit 1 section index 44)
    References:
        _IncVsp in (stack.o (from clib-45gs02-mega65.a) unit 26 section index 3)
        lcopy in (F:\Entwicklungsprojekte\github-nobru\midnightmega\mega65-libc\src\memory.o unit 9 section index 8)

`?L1334` in section 'code'
 placed at address 0000327d-00003284 of size 00000008
(F:\Entwicklungsprojekte\github-nobru\midnightmega\calypsi\fileio.o unit 2 section index 59)
    References:
        _Zp in (pseudoRegisters.o (from clib-45gs02-mega65.a) unit 15 section index 2)

`?L1391` in section 'code'
 placed at address 00003285-0000328c of size 00000008
(F:\Entwicklungsprojekte\github-nobru\midnightmega\calypsi\fileio.o unit 2 section index 97)
    References:
        _IncVsp in (stack.o (from clib-45gs02-mega65.a) unit 26 section index 3)
        messagebox in (F:\Entwicklungsprojekte\github-nobru\midnightmega\calypsi\conioextensions.o unit 3 section index 35)

`?L1418` in section 'code'
 placed at address 0000328d-00003294 of size 00000008
(F:\Entwicklungsprojekte\github-nobru\midnightmega\calypsi\fileio.o unit 2 section index 117)
    References:
        _DecVsp in (stack.o (from clib-45gs02-mega65.a) unit 26 section index 2)

`?L1429` in section 'code'
 placed at address 00003295-0000329c of size 00000008
(F:\Entwicklungsprojekte\github-nobru\midnightmega\calypsi\fileio.o unit 2 section index 126)
    References:
        _IncVsp in (stack.o (from clib-45gs02-mega65.a) unit 26 section index 3)
        readblockchain in (F:\Entwicklungsprojekte\github-nobru\midnightmega\calypsi\fileio.o unit 2 section index 26)

`?L635` in section 'code'  placed at address 0000329d-000032a4 of size 00000008
(F:\Entwicklungsprojekte\github-nobru\midnightmega\calypsi\conioextensions.o unit 3 section index 63)
    References:
        cputsxy in (F:\Entwicklungsprojekte\github-nobru\midnightmega\calypsi\conio.o unit 8 section index 49)
        revers in (F:\Entwicklungsprojekte\github-nobru\midnightmega\calypsi\conio.o unit 8 section index 27)

`?L637` in section 'code'  placed at address 000032a5-000032ac of size 00000008
(F:\Entwicklungsprojekte\github-nobru\midnightmega\calypsi\conioextensions.o unit 3 section index 64)
    References:
        _IncVsp in (stack.o (from clib-45gs02-mega65.a) unit 26 section index 3)
        messagebox in (F:\Entwicklungsprojekte\github-nobru\midnightmega\calypsi\conioextensions.o unit 3 section index 35)

`?L1915` in section 'code'
 placed at address 000032ad-000032b4 of size 00000008
(F:\Entwicklungsprojekte\github-nobru\midnightmega\calypsi\nav.o unit 4 section index 24)
    References:
        _IncVsp in (stack.o (from clib-45gs02-mega65.a) unit 26 section index 3)
        messagebox in (F:\Entwicklungsprojekte\github-nobru\midnightmega\calypsi\conioextensions.o unit 3 section index 35)

`?L1941` in section 'code'
 placed at address 000032b5-000032bc of size 00000008
(F:\Entwicklungsprojekte\github-nobru\midnightmega\calypsi\nav.o unit 4 section index 41)
    References:
        _Zp in (pseudoRegisters.o (from clib-45gs02-mega65.a) unit 15 section index 2)

`?L1966` in section 'code'
 placed at address 000032bd-000032c4 of size 00000008
(F:\Entwicklungsprojekte\github-nobru\midnightmega\calypsi\nav.o unit 4 section index 58)
    References:
        _Zp in (pseudoRegisters.o (from clib-45gs02-mega65.a) unit 15 section index 2)
        option in (F:\Entwicklungsprojekte\github-nobru\midnightmega\calypsi\fileio.o unit 2 section index 153)
        optionstring in (F:\Entwicklungsprojekte\github-nobru\midnightmega\calypsi\nav.o unit 4 section index 7)

`?L2023` in section 'code'
 placed at address 000032c5-000032cc of size 00000008
(F:\Entwicklungsprojekte\github-nobru\midnightmega\calypsi\nav.o unit 4 section index 93)
    References:
        cputc in (F:\Entwicklungsprojekte\github-nobru\midnightmega\calypsi\conio.o unit 8 section index 39)
        msprintf in (F:\Entwicklungsprojekte\github-nobru\midnightmega\calypsi\conioextensions.o unit 3 section index 18)

`?L2039` in section 'code'
 placed at address 000032cd-000032d4 of size 00000008
(F:\Entwicklungsprojekte\github-nobru\midnightmega\calypsi\nav.o unit 4 section index 105)
    References:
        _Zp in (pseudoRegisters.o (from clib-45gs02-mega65.a) unit 15 section index 2)
        helpbegin in (F:\Entwicklungsprojekte\github-nobru\midnightmega\calypsi\nav.o unit 4 section index 10)

`?L2050` in section 'code'
 placed at address 000032d5-000032dc of size 00000008
(F:\Entwicklungsprojekte\github-nobru\midnightmega\calypsi\nav.o unit 4 section index 113)
    References:
        _IncVsp in (stack.o (from clib-45gs02-mega65.a) unit 26 section index 3)
        lcopy in (F:\Entwicklungsprojekte\github-nobru\midnightmega\mega65-libc\src\memory.o unit 9 section index 8)

`?L2054` in section 'code'
 placed at address 000032dd-000032e4 of size 00000008
(F:\Entwicklungsprojekte\github-nobru\midnightmega\calypsi\nav.o unit 4 section index 115)
    References:
        _IncVsp in (stack.o (from clib-45gs02-mega65.a) unit 26 section index 3)
        readblockchain in (F:\Entwicklungsprojekte\github-nobru\midnightmega\calypsi\fileio.o unit 2 section index 26)

`?L101` in section 'code'  placed at address 000032e5-000032ec of size 00000008
(F:\Entwicklungsprojekte\github-nobru\midnightmega\calypsi\texts.o unit 5 section index 5)
    References:
        _Zp in (pseudoRegisters.o (from clib-45gs02-mega65.a) unit 15 section index 2)

moveright in section 'code'
 placed at address 000032ed-000032f4 of size 00000008
(F:\Entwicklungsprojekte\github-nobru\midnightmega\calypsi\conio.o unit 8 section index 44)
    Defines:
        moveright = 000032ed

`?L606` in section 'code'  placed at address 000032f5-000032fc of size 00000008
(F:\Entwicklungsprojekte\github-nobru\midnightmega\calypsi\conio.o unit 8 section index 83)
    References:
        _Mul8 in (integer.o (from clib-45gs02-mega65.a) unit 25 section index 2)
        _Zp in (pseudoRegisters.o (from clib-45gs02-mega65.a) unit 15 section index 2)

`?L619` in section 'code'  placed at address 000032fd-00003304 of size 00000008
(F:\Entwicklungsprojekte\github-nobru\midnightmega\calypsi\conio.o unit 8 section index 94)
    References:
        _Zp in (pseudoRegisters.o (from clib-45gs02-mega65.a) unit 15 section index 2)

lpoke in section 'code'  placed at address 00003305-0000330c of size 00000008
(F:\Entwicklungsprojekte\github-nobru\midnightmega\mega65-libc\src\memory.o unit 9 section index 6)
    Defines:
        lpoke = 00003305
    References:
        _Zp in (pseudoRegisters.o (from clib-45gs02-mega65.a) unit 15 section index 2)
        dma_poke in (F:\Entwicklungsprojekte\github-nobru\midnightmega\mega65-libc\src\memory.o unit 9 section index 7)
    Referenced from:
        cellcolor (F:\Entwicklungsprojekte\github-nobru\midnightmega\calypsi\conio.o unit 8 section index 26)
        cputcxy (F:\Entwicklungsprojekte\github-nobru\midnightmega\calypsi\conio.o unit 8 section index 50)

`?L38` in section 'code'  placed at address 0000330d-00003314 of size 00000008
(lib_strtol.o (from clib-45gs02-mega65.a) unit 37 section index 4)
    References:
        _Vsp in (pseudoRegisters.o (from clib-45gs02-mega65.a) unit 15 section index 2)
        _Zp in (pseudoRegisters.o (from clib-45gs02-mega65.a) unit 15 section index 2)

hyppo_findfirst in section 'code'
 placed at address 00003315-0000331d of size 00000009
(F:\Entwicklungsprojekte\github-nobru\midnightmega\calypsi\hyppo.o unit 1 section index 18)
    Defines:
        hyppo_findfirst = 00003315
    Referenced from:
        (F:\Entwicklungsprojekte\github-nobru\midnightmega\calypsi\nav.o unit 4 section index 56)
        romlist (F:\Entwicklungsprojekte\github-nobru\midnightmega\calypsi\romlist.o unit 7 section index 2)

`?L288` in section 'code'  placed at address 0000331e-00003326 of size 00000009
(F:\Entwicklungsprojekte\github-nobru\midnightmega\calypsi\hyppo.o unit 1 section index 36)
    References:
        _Zp in (pseudoRegisters.o (from clib-45gs02-mega65.a) unit 15 section index 2)
        readdir_dirent in (F:\Entwicklungsprojekte\github-nobru\midnightmega\calypsi\hyppo.o unit 1 section index 3)

`?L300` in section 'code'  placed at address 00003327-0000332f of size 00000009
(F:\Entwicklungsprojekte\github-nobru\midnightmega\calypsi\hyppo.o unit 1 section index 45)
    References:
        _Zp in (pseudoRegisters.o (from clib-45gs02-mega65.a) unit 15 section index 2)

`?L1323` in section 'code'
 placed at address 00003330-00003338 of size 00000009
(F:\Entwicklungsprojekte\github-nobru\midnightmega\calypsi\fileio.o unit 2 section index 55)
    References:
        _Zp in (pseudoRegisters.o (from clib-45gs02-mega65.a) unit 15 section index 2)

`?L1354` in section 'code'
 placed at address 00003339-00003341 of size 00000009
(F:\Entwicklungsprojekte\github-nobru\midnightmega\calypsi\fileio.o unit 2 section index 68)
    References:
        _Zp in (pseudoRegisters.o (from clib-45gs02-mega65.a) unit 15 section index 2)

`?L1380` in section 'code'
 placed at address 00003342-0000334a of size 00000009
(F:\Entwicklungsprojekte\github-nobru\midnightmega\calypsi\fileio.o unit 2 section index 88)
    References:
        _Zp in (pseudoRegisters.o (from clib-45gs02-mega65.a) unit 15 section index 2)

`?L1399` in section 'code'
 placed at address 0000334b-00003353 of size 00000009
(F:\Entwicklungsprojekte\github-nobru\midnightmega\calypsi\fileio.o unit 2 section index 102)
    References:
        _Zp in (pseudoRegisters.o (from clib-45gs02-mega65.a) unit 15 section index 2)

`?L1402` in section 'code'
 placed at address 00003354-0000335c of size 00000009
(F:\Entwicklungsprojekte\github-nobru\midnightmega\calypsi\fileio.o unit 2 section index 105)
    References:
        _Zp in (pseudoRegisters.o (from clib-45gs02-mega65.a) unit 15 section index 2)
        cgetcd in (F:\Entwicklungsprojekte\github-nobru\midnightmega\calypsi\conioextensions.o unit 3 section index 32)

`?L1404` in section 'code'
 placed at address 0000335d-00003365 of size 00000009
(F:\Entwicklungsprojekte\github-nobru\midnightmega\calypsi\fileio.o unit 2 section index 106)
    References:
        _Zp in (pseudoRegisters.o (from clib-45gs02-mega65.a) unit 15 section index 2)

`?L1408` in section 'code'
 placed at address 00003366-0000336e of size 00000009
(F:\Entwicklungsprojekte\github-nobru\midnightmega\calypsi\fileio.o unit 2 section index 108)
    References:
        _Zp in (pseudoRegisters.o (from clib-45gs02-mega65.a) unit 15 section index 2)

`?L1442` in section 'code'
 placed at address 0000336f-00003377 of size 00000009
(F:\Entwicklungsprojekte\github-nobru\midnightmega\calypsi\fileio.o unit 2 section index 136)
    References:
        _Vsp in (pseudoRegisters.o (from clib-45gs02-mega65.a) unit 15 section index 2)
        _Zp in (pseudoRegisters.o (from clib-45gs02-mega65.a) unit 15 section index 2)

`?L1443` in section 'code'
 placed at address 00003378-00003380 of size 00000009
(F:\Entwicklungsprojekte\github-nobru\midnightmega\calypsi\fileio.o unit 2 section index 137)
    References:
        _Zp in (pseudoRegisters.o (from clib-45gs02-mega65.a) unit 15 section index 2)

`?L1446` in section 'code'
 placed at address 00003381-00003389 of size 00000009
(F:\Entwicklungsprojekte\github-nobru\midnightmega\calypsi\fileio.o unit 2 section index 140)
    References:
        _Zp in (pseudoRegisters.o (from clib-45gs02-mega65.a) unit 15 section index 2)

`?L1448` in section 'code'
 placed at address 0000338a-00003392 of size 00000009
(F:\Entwicklungsprojekte\github-nobru\midnightmega\calypsi\fileio.o unit 2 section index 142)
    References:
        _Zp in (pseudoRegisters.o (from clib-45gs02-mega65.a) unit 15 section index 2)

`?L1451` in section 'code'
 placed at address 00003393-0000339b of size 00000009
(F:\Entwicklungsprojekte\github-nobru\midnightmega\calypsi\fileio.o unit 2 section index 145)
    References:
        _Zp in (pseudoRegisters.o (from clib-45gs02-mega65.a) unit 15 section index 2)

`?L622` in section 'code'  placed at address 0000339c-000033a4 of size 00000009
(F:\Entwicklungsprojekte\github-nobru\midnightmega\calypsi\conioextensions.o unit 3 section index 53)
    References:
        _Zp in (pseudoRegisters.o (from clib-45gs02-mega65.a) unit 15 section index 2)

`?L634` in section 'code'  placed at address 000033a5-000033ad of size 00000009
(F:\Entwicklungsprojekte\github-nobru\midnightmega\calypsi\conioextensions.o unit 3 section index 62)
    References:
        _Zp in (pseudoRegisters.o (from clib-45gs02-mega65.a) unit 15 section index 2)
        cputsxy in (F:\Entwicklungsprojekte\github-nobru\midnightmega\calypsi\conio.o unit 8 section index 49)

`?L644` in section 'code'  placed at address 000033ae-000033b6 of size 00000009
(F:\Entwicklungsprojekte\github-nobru\midnightmega\calypsi\conioextensions.o unit 3 section index 69)
    References:
        _Zp in (pseudoRegisters.o (from clib-45gs02-mega65.a) unit 15 section index 2)

`?L645` in section 'code'  placed at address 000033b7-000033bf of size 00000009
(F:\Entwicklungsprojekte\github-nobru\midnightmega\calypsi\conioextensions.o unit 3 section index 70)
    References:
        _Zp in (pseudoRegisters.o (from clib-45gs02-mega65.a) unit 15 section index 2)

`?L649` in section 'code'  placed at address 000033c0-000033c8 of size 00000009
(F:\Entwicklungsprojekte\github-nobru\midnightmega\calypsi\conioextensions.o unit 3 section index 74)
    References:
        _Zp in (pseudoRegisters.o (from clib-45gs02-mega65.a) unit 15 section index 2)

`?L1922` in section 'code'
 placed at address 000033c9-000033d1 of size 00000009
(F:\Entwicklungsprojekte\github-nobru\midnightmega\calypsi\nav.o unit 4 section index 27)
    References:
        `_StringLiteral_ ` in (F:\Entwicklungsprojekte\github-nobru\midnightmega\calypsi\nav.o unit 4 section index 145)
        _Zp in (pseudoRegisters.o (from clib-45gs02-mega65.a) unit 15 section index 2)

`?L1944` in section 'code'
 placed at address 000033d2-000033da of size 00000009
(F:\Entwicklungsprojekte\github-nobru\midnightmega\calypsi\nav.o unit 4 section index 44)
    References:
        _Zp in (pseudoRegisters.o (from clib-45gs02-mega65.a) unit 15 section index 2)

`?L1955` in section 'code'
 placed at address 000033db-000033e3 of size 00000009
(F:\Entwicklungsprojekte\github-nobru\midnightmega\calypsi\nav.o unit 4 section index 51)
    References:
        _Zp in (pseudoRegisters.o (from clib-45gs02-mega65.a) unit 15 section index 2)

`?L1986` in section 'code'
 placed at address 000033e4-000033ec of size 00000009
(F:\Entwicklungsprojekte\github-nobru\midnightmega\calypsi\nav.o unit 4 section index 71)
    References:
        _Zp in (pseudoRegisters.o (from clib-45gs02-mega65.a) unit 15 section index 2)

`?L1992` in section 'code'
 placed at address 000033ed-000033f5 of size 00000009
(F:\Entwicklungsprojekte\github-nobru\midnightmega\calypsi\nav.o unit 4 section index 76)
    References:
        _Zp in (pseudoRegisters.o (from clib-45gs02-mega65.a) unit 15 section index 2)
        shortcuts in (F:\Entwicklungsprojekte\github-nobru\midnightmega\calypsi\nav.o unit 4 section index 6)

`?L2032` in section 'code'
 placed at address 000033f6-000033fe of size 00000009
(F:\Entwicklungsprojekte\github-nobru\midnightmega\calypsi\nav.o unit 4 section index 100)
    References:
        `_StringLiteral_ ` in (F:\Entwicklungsprojekte\github-nobru\midnightmega\calypsi\nav.o unit 4 section index 145)
        _Zp in (pseudoRegisters.o (from clib-45gs02-mega65.a) unit 15 section index 2)

`?L2033` in section 'code'
 placed at address 000033ff-00003407 of size 00000009
(F:\Entwicklungsprojekte\github-nobru\midnightmega\calypsi\nav.o unit 4 section index 101)
    References:
        _Zp in (pseudoRegisters.o (from clib-45gs02-mega65.a) unit 15 section index 2)

`?L2064` in section 'code'
 placed at address 00003408-00003410 of size 00000009
(F:\Entwicklungsprojekte\github-nobru\midnightmega\calypsi\nav.o unit 4 section index 124)
    References:
        _Zp in (pseudoRegisters.o (from clib-45gs02-mega65.a) unit 15 section index 2)
        direntflags in (F:\Entwicklungsprojekte\github-nobru\midnightmega\calypsi\fileio.o unit 2 section index 152)

`?L2065` in section 'code'
 placed at address 00003411-00003419 of size 00000009
(F:\Entwicklungsprojekte\github-nobru\midnightmega\calypsi\nav.o unit 4 section index 125)
    References:
        _Zp in (pseudoRegisters.o (from clib-45gs02-mega65.a) unit 15 section index 2)

`?L2066` in section 'code'
 placed at address 0000341a-00003422 of size 00000009
(F:\Entwicklungsprojekte\github-nobru\midnightmega\calypsi\nav.o unit 4 section index 126)
    References:
        _Zp in (pseudoRegisters.o (from clib-45gs02-mega65.a) unit 15 section index 2)

`?L2070` in section 'code'
 placed at address 00003423-0000342b of size 00000009
(F:\Entwicklungsprojekte\github-nobru\midnightmega\calypsi\nav.o unit 4 section index 130)
    References:
        `_StringLiteral_real drive` in (F:\Entwicklungsprojekte\github-nobru\midnightmega\calypsi\nav.o unit 4 section index 270)
        _Zp in (pseudoRegisters.o (from clib-45gs02-mega65.a) unit 15 section index 2)

`?L2072` in section 'code'
 placed at address 0000342c-00003434 of size 00000009
(F:\Entwicklungsprojekte\github-nobru\midnightmega\calypsi\nav.o unit 4 section index 132)
    References:
        `_StringLiteral_Directory delete,` in (F:\Entwicklungsprojekte\github-nobru\midnightmega\calypsi\nav.o unit 4 section index 189)
        _Zp in (pseudoRegisters.o (from clib-45gs02-mega65.a) unit 15 section index 2)

`?L2073` in section 'code'
 placed at address 00003435-0000343d of size 00000009
(F:\Entwicklungsprojekte\github-nobru\midnightmega\calypsi\nav.o unit 4 section index 133)
    References:
        `_StringLiteral_v0.6.7-beta` in (F:\Entwicklungsprojekte\github-nobru\midnightmega\calypsi\nav.o unit 4 section index 285)
        _Zp in (pseudoRegisters.o (from clib-45gs02-mega65.a) unit 15 section index 2)

`?L2074` in section 'code'
 placed at address 0000343e-00003446 of size 00000009
(F:\Entwicklungsprojekte\github-nobru\midnightmega\calypsi\nav.o unit 4 section index 134)
    References:
        _Zp in (pseudoRegisters.o (from clib-45gs02-mega65.a) unit 15 section index 2)
        s in (F:\Entwicklungsprojekte\github-nobru\midnightmega\calypsi\nav.o unit 4 section index 137)

`?L100` in section 'code'  placed at address 00003447-0000344f of size 00000009
(F:\Entwicklungsprojekte\github-nobru\midnightmega\calypsi\texts.o unit 5 section index 4)
    References:
        _Zp in (pseudoRegisters.o (from clib-45gs02-mega65.a) unit 15 section index 2)

`?L103` in section 'code'  placed at address 00003450-00003458 of size 00000009
(F:\Entwicklungsprojekte\github-nobru\midnightmega\calypsi\texts.o unit 5 section index 7)
    References:
        _Zp in (pseudoRegisters.o (from clib-45gs02-mega65.a) unit 15 section index 2)

gohome in section 'code'  placed at address 00003459-00003461 of size 00000009
(F:\Entwicklungsprojekte\github-nobru\midnightmega\calypsi\conio.o unit 8 section index 33)
    Defines:
        gohome = 00003459
    Referenced from:
        clrhome (F:\Entwicklungsprojekte\github-nobru\midnightmega\calypsi\conioextensions.o unit 3 section index 16)

cputc in section 'code'  placed at address 00003462-0000346a of size 00000009
(F:\Entwicklungsprojekte\github-nobru\midnightmega\calypsi\conio.o unit 8 section index 39)
    Defines:
        cputc = 00003462
    References:
        _Zp in (pseudoRegisters.o (from clib-45gs02-mega65.a) unit 15 section index 2)
        cputcxy in (F:\Entwicklungsprojekte\github-nobru\midnightmega\calypsi\conio.o unit 8 section index 50)
    Referenced from:
        ShowAccess (F:\Entwicklungsprojekte\github-nobru\midnightmega\calypsi\fileio.o unit 2 section index 5)
        (F:\Entwicklungsprojekte\github-nobru\midnightmega\calypsi\fileio.o unit 2 section index 143)
        cputcctrl (F:\Entwicklungsprojekte\github-nobru\midnightmega\calypsi\conioextensions.o unit 3 section index 15)
        mcputc (F:\Entwicklungsprojekte\github-nobru\midnightmega\calypsi\conioextensions.o unit 3 section index 17)
        cinput2 (F:\Entwicklungsprojekte\github-nobru\midnightmega\calypsi\conioextensions.o unit 3 section index 33)
        progress (F:\Entwicklungsprojekte\github-nobru\midnightmega\calypsi\conioextensions.o unit 3 section index 37)
        (F:\Entwicklungsprojekte\github-nobru\midnightmega\calypsi\conioextensions.o unit 3 section index 59)
        listbox (F:\Entwicklungsprojekte\github-nobru\midnightmega\calypsi\nav.o unit 4 section index 3)
        navi (F:\Entwicklungsprojekte\github-nobru\midnightmega\calypsi\nav.o unit 4 section index 17)
        (F:\Entwicklungsprojekte\github-nobru\midnightmega\calypsi\nav.o unit 4 section index 93)

`?L597` in section 'code'  placed at address 0000346b-00003473 of size 00000009
(F:\Entwicklungsprojekte\github-nobru\midnightmega\calypsi\conio.o unit 8 section index 74)
    References:
        _Zp in (pseudoRegisters.o (from clib-45gs02-mega65.a) unit 15 section index 2)

`?L600` in section 'code'  placed at address 00003474-0000347c of size 00000009
(F:\Entwicklungsprojekte\github-nobru\midnightmega\calypsi\conio.o unit 8 section index 77)
    References:
        _Zp in (pseudoRegisters.o (from clib-45gs02-mega65.a) unit 15 section index 2)

`?L616` in section 'code'  placed at address 0000347d-00003485 of size 00000009
(F:\Entwicklungsprojekte\github-nobru\midnightmega\calypsi\conio.o unit 8 section index 91)
    References:
        _Zp in (pseudoRegisters.o (from clib-45gs02-mega65.a) unit 15 section index 2)

`?L617` in section 'code'  placed at address 00003486-0000348e of size 00000009
(F:\Entwicklungsprojekte\github-nobru\midnightmega\calypsi\conio.o unit 8 section index 92)
    References:
        _Zp in (pseudoRegisters.o (from clib-45gs02-mega65.a) unit 15 section index 2)

`?L624` in section 'code'  placed at address 0000348f-00003497 of size 00000009
(F:\Entwicklungsprojekte\github-nobru\midnightmega\calypsi\conio.o unit 8 section index 99)
    References:
        _Vsp in (pseudoRegisters.o (from clib-45gs02-mega65.a) unit 15 section index 2)
        _Zp in (pseudoRegisters.o (from clib-45gs02-mega65.a) unit 15 section index 2)

`?L625` in section 'code'  placed at address 00003498-000034a0 of size 00000009
(F:\Entwicklungsprojekte\github-nobru\midnightmega\calypsi\conio.o unit 8 section index 100)
    References:
        _Zp in (pseudoRegisters.o (from clib-45gs02-mega65.a) unit 15 section index 2)

`?L626` in section 'code'  placed at address 000034a1-000034a9 of size 00000009
(F:\Entwicklungsprojekte\github-nobru\midnightmega\calypsi\conio.o unit 8 section index 101)
    References:
        _Zp in (pseudoRegisters.o (from clib-45gs02-mega65.a) unit 15 section index 2)

`?L628` in section 'code'  placed at address 000034aa-000034b2 of size 00000009
(F:\Entwicklungsprojekte\github-nobru\midnightmega\calypsi\conio.o unit 8 section index 103)
    References:
        _Vsp in (pseudoRegisters.o (from clib-45gs02-mega65.a) unit 15 section index 2)
        _Zp in (pseudoRegisters.o (from clib-45gs02-mega65.a) unit 15 section index 2)

`?L629` in section 'code'  placed at address 000034b3-000034bb of size 00000009
(F:\Entwicklungsprojekte\github-nobru\midnightmega\calypsi\conio.o unit 8 section index 104)
    References:
        _Zp in (pseudoRegisters.o (from clib-45gs02-mega65.a) unit 15 section index 2)

`?L630` in section 'code'  placed at address 000034bc-000034c4 of size 00000009
(F:\Entwicklungsprojekte\github-nobru\midnightmega\calypsi\conio.o unit 8 section index 105)
    References:
        _Zp in (pseudoRegisters.o (from clib-45gs02-mega65.a) unit 15 section index 2)

`?L59` in section 'code'  placed at address 000034c5-000034cd of size 00000009
(lib_strtoul.o (from clib-45gs02-mega65.a) unit 39 section index 7)
    References:
        _Zp in (pseudoRegisters.o (from clib-45gs02-mega65.a) unit 15 section index 2)

`?L53` in section 'code'  placed at address 000034ce-000034d6 of size 00000009
(lib_isbasedigit.o (from clib-45gs02-mega65.a) unit 40 section index 4)
    References:
        _Zp in (pseudoRegisters.o (from clib-45gs02-mega65.a) unit 15 section index 2)

`?L30` in section 'code'  placed at address 000034d7-000034df of size 00000009
(vswitch16.o (from clib-45gs02-mega65.a) unit 28 section index 3)
    References:
        _Zp in (pseudoRegisters.o (from clib-45gs02-mega65.a) unit 15 section index 2)

`?L1316` in section 'code'
 placed at address 000034e0-000034e9 of size 0000000a
(F:\Entwicklungsprojekte\github-nobru\midnightmega\calypsi\fileio.o unit 2 section index 52)
    References:
        _Vsp in (pseudoRegisters.o (from clib-45gs02-mega65.a) unit 15 section index 2)
        _Zp in (pseudoRegisters.o (from clib-45gs02-mega65.a) unit 15 section index 2)

`?L1373` in section 'code'
 placed at address 000034ea-000034f3 of size 0000000a
(F:\Entwicklungsprojekte\github-nobru\midnightmega\calypsi\fileio.o unit 2 section index 82)
    References:
        _Zp in (pseudoRegisters.o (from clib-45gs02-mega65.a) unit 15 section index 2)

`?L1374` in section 'code'
 placed at address 000034f4-000034fd of size 0000000a
(F:\Entwicklungsprojekte\github-nobru\midnightmega\calypsi\fileio.o unit 2 section index 83)
    References:
        _Zp in (pseudoRegisters.o (from clib-45gs02-mega65.a) unit 15 section index 2)

`?L1385` in section 'code'
 placed at address 000034fe-00003507 of size 0000000a
(F:\Entwicklungsprojekte\github-nobru\midnightmega\calypsi\fileio.o unit 2 section index 92)
    References:
        GetOneSector in (F:\Entwicklungsprojekte\github-nobru\midnightmega\calypsi\fileio.o unit 2 section index 11)
        _Zp in (pseudoRegisters.o (from clib-45gs02-mega65.a) unit 15 section index 2)

`?L1390` in section 'code'
 placed at address 00003508-00003511 of size 0000000a
(F:\Entwicklungsprojekte\github-nobru\midnightmega\calypsi\fileio.o unit 2 section index 96)
    References:
        _Vsp in (pseudoRegisters.o (from clib-45gs02-mega65.a) unit 15 section index 2)
        _Zp in (pseudoRegisters.o (from clib-45gs02-mega65.a) unit 15 section index 2)

`?L1427` in section 'code'
 placed at address 00003512-0000351b of size 0000000a
(F:\Entwicklungsprojekte\github-nobru\midnightmega\calypsi\fileio.o unit 2 section index 125)
    References:
        _AllocStackSave in (enter.o (from clib-45gs02-mega65.a) unit 20 section index 2)
        _Zp in (pseudoRegisters.o (from clib-45gs02-mega65.a) unit 15 section index 2)

`?L1431` in section 'code'
 placed at address 0000351c-00003525 of size 0000000a
(F:\Entwicklungsprojekte\github-nobru\midnightmega\calypsi\fileio.o unit 2 section index 127)
    References:
        _Vsp in (pseudoRegisters.o (from clib-45gs02-mega65.a) unit 15 section index 2)
        _Zp in (pseudoRegisters.o (from clib-45gs02-mega65.a) unit 15 section index 2)

`?L1432` in section 'code'
 placed at address 00003526-0000352f of size 0000000a
(F:\Entwicklungsprojekte\github-nobru\midnightmega\calypsi\fileio.o unit 2 section index 128)
    References:
        _Vsp in (pseudoRegisters.o (from clib-45gs02-mega65.a) unit 15 section index 2)
        _Zp in (pseudoRegisters.o (from clib-45gs02-mega65.a) unit 15 section index 2)

`?L1434` in section 'code'
 placed at address 00003530-00003539 of size 0000000a
(F:\Entwicklungsprojekte\github-nobru\midnightmega\calypsi\fileio.o unit 2 section index 130)
    References:
        _AllocStackSave in (enter.o (from clib-45gs02-mega65.a) unit 20 section index 2)
        _Zp in (pseudoRegisters.o (from clib-45gs02-mega65.a) unit 15 section index 2)

`?L630` in section 'code'  placed at address 0000353a-00003543 of size 0000000a
(F:\Entwicklungsprojekte\github-nobru\midnightmega\calypsi\conioextensions.o unit 3 section index 59)
    References:
        cputc in (F:\Entwicklungsprojekte\github-nobru\midnightmega\calypsi\conio.o unit 8 section index 39)
        moveleft in (F:\Entwicklungsprojekte\github-nobru\midnightmega\calypsi\conio.o unit 8 section index 43)

`?L633` in section 'code'  placed at address 00003544-0000354d of size 0000000a
(F:\Entwicklungsprojekte\github-nobru\midnightmega\calypsi\conioextensions.o unit 3 section index 61)
    References:
        _Zp in (pseudoRegisters.o (from clib-45gs02-mega65.a) unit 15 section index 2)
        cputcxy in (F:\Entwicklungsprojekte\github-nobru\midnightmega\calypsi\conio.o unit 8 section index 50)

`?L640` in section 'code'  placed at address 0000354e-00003557 of size 0000000a
(F:\Entwicklungsprojekte\github-nobru\midnightmega\calypsi\conioextensions.o unit 3 section index 66)
    References:
        _AllocStackSave in (enter.o (from clib-45gs02-mega65.a) unit 20 section index 2)
        _Zp in (pseudoRegisters.o (from clib-45gs02-mega65.a) unit 15 section index 2)

`?L1976` in section 'code'
 placed at address 00003558-00003561 of size 0000000a
(F:\Entwicklungsprojekte\github-nobru\midnightmega\calypsi\nav.o unit 4 section index 65)
    References:
        _Zp in (pseudoRegisters.o (from clib-45gs02-mega65.a) unit 15 section index 2)

`?L2002` in section 'code'
 placed at address 00003562-0000356b of size 0000000a
(F:\Entwicklungsprojekte\github-nobru\midnightmega\calypsi\nav.o unit 4 section index 83)
    References:
        _Zp in (pseudoRegisters.o (from clib-45gs02-mega65.a) unit 15 section index 2)

`?L2003` in section 'code'
 placed at address 0000356c-00003575 of size 0000000a
(F:\Entwicklungsprojekte\github-nobru\midnightmega\calypsi\nav.o unit 4 section index 84)
    References:
        _Zp in (pseudoRegisters.o (from clib-45gs02-mega65.a) unit 15 section index 2)

`?L2046` in section 'code'
 placed at address 00003576-0000357f of size 0000000a
(F:\Entwicklungsprojekte\github-nobru\midnightmega\calypsi\nav.o unit 4 section index 110)
    References:
        _Zp in (pseudoRegisters.o (from clib-45gs02-mega65.a) unit 15 section index 2)

`?L2047` in section 'code'
 placed at address 00003580-00003589 of size 0000000a
(F:\Entwicklungsprojekte\github-nobru\midnightmega\calypsi\nav.o unit 4 section index 111)
    References:
        _Zp in (pseudoRegisters.o (from clib-45gs02-mega65.a) unit 15 section index 2)

`?L2048` in section 'code'
 placed at address 0000358a-00003593 of size 0000000a
(F:\Entwicklungsprojekte\github-nobru\midnightmega\calypsi\nav.o unit 4 section index 112)
    References:
        _Zp in (pseudoRegisters.o (from clib-45gs02-mega65.a) unit 15 section index 2)
        hyppo_chdir in (F:\Entwicklungsprojekte\github-nobru\midnightmega\calypsi\hyppo.o unit 1 section index 15)

`?L2061` in section 'code'
 placed at address 00003594-0000359d of size 0000000a
(F:\Entwicklungsprojekte\github-nobru\midnightmega\calypsi\nav.o unit 4 section index 121)
    References:
        _Zp in (pseudoRegisters.o (from clib-45gs02-mega65.a) unit 15 section index 2)

cputs in section 'code'  placed at address 0000359e-000035a7 of size 0000000a
(F:\Entwicklungsprojekte\github-nobru\midnightmega\calypsi\conio.o unit 8 section index 48)
    Defines:
        cputs = 0000359e
    References:
        cputsxy in (F:\Entwicklungsprojekte\github-nobru\midnightmega\calypsi\conio.o unit 8 section index 49)
    Referenced from:
        csputdec (F:\Entwicklungsprojekte\github-nobru\midnightmega\calypsi\conioextensions.o unit 3 section index 12)
        (F:\Entwicklungsprojekte\github-nobru\midnightmega\calypsi\conioextensions.o unit 3 section index 49)
        listbox (F:\Entwicklungsprojekte\github-nobru\midnightmega\calypsi\nav.o unit 4 section index 3)
        navi (F:\Entwicklungsprojekte\github-nobru\midnightmega\calypsi\nav.o unit 4 section index 17)

`?L599` in section 'code'  placed at address 000035a8-000035b1 of size 0000000a
(F:\Entwicklungsprojekte\github-nobru\midnightmega\calypsi\conio.o unit 8 section index 76)
    References:
        _Zp in (pseudoRegisters.o (from clib-45gs02-mega65.a) unit 15 section index 2)

`?L620` in section 'code'  placed at address 000035b2-000035bb of size 0000000a
(F:\Entwicklungsprojekte\github-nobru\midnightmega\calypsi\conio.o unit 8 section index 95)
    References:
        _Zp in (pseudoRegisters.o (from clib-45gs02-mega65.a) unit 15 section index 2)
        setcharsetaddr in (F:\Entwicklungsprojekte\github-nobru\midnightmega\calypsi\conio.o unit 8 section index 10)

`?L85` in section 'code'  placed at address 000035bc-000035c5 of size 0000000a
(F:\Entwicklungsprojekte\github-nobru\midnightmega\mega65-libc\src\memory.o unit 9 section index 20)
    References:
        _Zp in (pseudoRegisters.o (from clib-45gs02-mega65.a) unit 15 section index 2)
        dmalist in (F:\Entwicklungsprojekte\github-nobru\midnightmega\mega65-libc\src\memory.o unit 9 section index 24)

hyppo_closedir in section 'code'
 placed at address 000035c6-000035d0 of size 0000000b
(F:\Entwicklungsprojekte\github-nobru\midnightmega\calypsi\hyppo.o unit 1 section index 16)
    Defines:
        hyppo_closedir = 000035c6
    Referenced from:
        getallhyppoentries (F:\Entwicklungsprojekte\github-nobru\midnightmega\calypsi\hyppo.o unit 1 section index 26)
        navi (F:\Entwicklungsprojekte\github-nobru\midnightmega\calypsi\nav.o unit 4 section index 17)

`?L286` in section 'code'  placed at address 000035d1-000035db of size 0000000b
(F:\Entwicklungsprojekte\github-nobru\midnightmega\calypsi\hyppo.o unit 1 section index 34)
    References:
        _Zp in (pseudoRegisters.o (from clib-45gs02-mega65.a) unit 15 section index 2)
        readdir_dirent in (F:\Entwicklungsprojekte\github-nobru\midnightmega\calypsi\hyppo.o unit 1 section index 3)

`?L297` in section 'code'  placed at address 000035dc-000035e6 of size 0000000b
(F:\Entwicklungsprojekte\github-nobru\midnightmega\calypsi\hyppo.o unit 1 section index 43)
    References:
        _Zp in (pseudoRegisters.o (from clib-45gs02-mega65.a) unit 15 section index 2)
        readdir_dirent in (F:\Entwicklungsprojekte\github-nobru\midnightmega\calypsi\hyppo.o unit 1 section index 3)

`?L1355` in section 'code'
 placed at address 000035e7-000035f1 of size 0000000b
(F:\Entwicklungsprojekte\github-nobru\midnightmega\calypsi\fileio.o unit 2 section index 69)
    References:
        _Zp in (pseudoRegisters.o (from clib-45gs02-mega65.a) unit 15 section index 2)

`?L1356` in section 'code'
 placed at address 000035f2-000035fc of size 0000000b
(F:\Entwicklungsprojekte\github-nobru\midnightmega\calypsi\fileio.o unit 2 section index 70)
    References:
        _Zp in (pseudoRegisters.o (from clib-45gs02-mega65.a) unit 15 section index 2)

`?L1381` in section 'code'
 placed at address 000035fd-00003607 of size 0000000b
(F:\Entwicklungsprojekte\github-nobru\midnightmega\calypsi\fileio.o unit 2 section index 89)
    References:
        _Zp in (pseudoRegisters.o (from clib-45gs02-mega65.a) unit 15 section index 2)
        worksector in (F:\Entwicklungsprojekte\github-nobru\midnightmega\calypsi\fileio.o unit 2 section index 3)

`?L1382` in section 'code'
 placed at address 00003608-00003612 of size 0000000b
(F:\Entwicklungsprojekte\github-nobru\midnightmega\calypsi\fileio.o unit 2 section index 90)
    References:
        `_StringLiteral_Writing...` in (F:\Entwicklungsprojekte\github-nobru\midnightmega\calypsi\nav.o unit 4 section index 236)
        _Zp in (pseudoRegisters.o (from clib-45gs02-mega65.a) unit 15 section index 2)

`?L1413` in section 'code'
 placed at address 00003613-0000361d of size 0000000b
(F:\Entwicklungsprojekte\github-nobru\midnightmega\calypsi\fileio.o unit 2 section index 113)
    References:
        _UDivMod16 in (integer.o (from clib-45gs02-mega65.a) unit 25 section index 8)
        _Zp in (pseudoRegisters.o (from clib-45gs02-mega65.a) unit 15 section index 2)

`?L1421` in section 'code'
 placed at address 0000361e-00003628 of size 0000000b
(F:\Entwicklungsprojekte\github-nobru\midnightmega\calypsi\fileio.o unit 2 section index 119)
    References:
        _Zp in (pseudoRegisters.o (from clib-45gs02-mega65.a) unit 15 section index 2)

`?L1422` in section 'code'
 placed at address 00003629-00003633 of size 0000000b
(F:\Entwicklungsprojekte\github-nobru\midnightmega\calypsi\fileio.o unit 2 section index 120)
    References:
        _Zp in (pseudoRegisters.o (from clib-45gs02-mega65.a) unit 15 section index 2)
        lastdrive in (F:\Entwicklungsprojekte\github-nobru\midnightmega\calypsi\fileio.o unit 2 section index 149)

`?L1423` in section 'code'
 placed at address 00003634-0000363e of size 0000000b
(F:\Entwicklungsprojekte\github-nobru\midnightmega\calypsi\fileio.o unit 2 section index 121)
    References:
        BAMsector in (F:\Entwicklungsprojekte\github-nobru\midnightmega\calypsi\fileio.o unit 2 section index 2)
        _Zp in (pseudoRegisters.o (from clib-45gs02-mega65.a) unit 15 section index 2)

`?L1424` in section 'code'
 placed at address 0000363f-00003649 of size 0000000b
(F:\Entwicklungsprojekte\github-nobru\midnightmega\calypsi\fileio.o unit 2 section index 122)
    References:
        _Zp in (pseudoRegisters.o (from clib-45gs02-mega65.a) unit 15 section index 2)
        lastdrive in (F:\Entwicklungsprojekte\github-nobru\midnightmega\calypsi\fileio.o unit 2 section index 149)

`?L1425` in section 'code'
 placed at address 0000364a-00003654 of size 0000000b
(F:\Entwicklungsprojekte\github-nobru\midnightmega\calypsi\fileio.o unit 2 section index 123)
    References:
        _Zp in (pseudoRegisters.o (from clib-45gs02-mega65.a) unit 15 section index 2)

`?L610` in section 'code'  placed at address 00003655-0000365f of size 0000000b
(F:\Entwicklungsprojekte\github-nobru\midnightmega\calypsi\conioextensions.o unit 3 section index 43)
    References:
        _Zp in (pseudoRegisters.o (from clib-45gs02-mega65.a) unit 15 section index 2)

`?L612` in section 'code'  placed at address 00003660-0000366a of size 0000000b
(F:\Entwicklungsprojekte\github-nobru\midnightmega\calypsi\conioextensions.o unit 3 section index 45)
    References:
        _Zp in (pseudoRegisters.o (from clib-45gs02-mega65.a) unit 15 section index 2)

`?L1946` in section 'code'
 placed at address 0000366b-00003675 of size 0000000b
(F:\Entwicklungsprojekte\github-nobru\midnightmega\calypsi\nav.o unit 4 section index 46)
    References:
        `_StringLiteral_Writing...` in (F:\Entwicklungsprojekte\github-nobru\midnightmega\calypsi\nav.o unit 4 section index 236)
        _Zp in (pseudoRegisters.o (from clib-45gs02-mega65.a) unit 15 section index 2)

`?L1947` in section 'code'
 placed at address 00003676-00003680 of size 0000000b
(F:\Entwicklungsprojekte\github-nobru\midnightmega\calypsi\nav.o unit 4 section index 47)
    References:
        _Zp in (pseudoRegisters.o (from clib-45gs02-mega65.a) unit 15 section index 2)

`?L1967` in section 'code'
 placed at address 00003681-0000368b of size 0000000b
(F:\Entwicklungsprojekte\github-nobru\midnightmega\calypsi\nav.o unit 4 section index 59)
    References:
        _Zp in (pseudoRegisters.o (from clib-45gs02-mega65.a) unit 15 section index 2)

`?L1977` in section 'code'
 placed at address 0000368c-00003696 of size 0000000b
(F:\Entwicklungsprojekte\github-nobru\midnightmega\calypsi\nav.o unit 4 section index 66)
    References:
        _Zp in (pseudoRegisters.o (from clib-45gs02-mega65.a) unit 15 section index 2)
        hyppo_setname in (F:\Entwicklungsprojekte\github-nobru\midnightmega\calypsi\hyppo.o unit 1 section index 10)
        lfnname in (F:\Entwicklungsprojekte\github-nobru\midnightmega\calypsi\nav.o unit 4 section index 136)

`?L2041` in section 'code'
 placed at address 00003697-000036a1 of size 0000000b
(F:\Entwicklungsprojekte\github-nobru\midnightmega\calypsi\nav.o unit 4 section index 106)
    References:
        _Zp in (pseudoRegisters.o (from clib-45gs02-mega65.a) unit 15 section index 2)
        disknames in (F:\Entwicklungsprojekte\github-nobru\midnightmega\calypsi\nav.o unit 4 section index 135)

`?L2042` in section 'code'
 placed at address 000036a2-000036ac of size 0000000b
(F:\Entwicklungsprojekte\github-nobru\midnightmega\calypsi\nav.o unit 4 section index 107)
    References:
        _Zp in (pseudoRegisters.o (from clib-45gs02-mega65.a) unit 15 section index 2)

`?L2043` in section 'code'
 placed at address 000036ad-000036b7 of size 0000000b
(F:\Entwicklungsprojekte\github-nobru\midnightmega\calypsi\nav.o unit 4 section index 108)
    References:
        `_StringLiteral_ ` in (F:\Entwicklungsprojekte\github-nobru\midnightmega\calypsi\nav.o unit 4 section index 145)
        _Zp in (pseudoRegisters.o (from clib-45gs02-mega65.a) unit 15 section index 2)

`?L2045` in section 'code'
 placed at address 000036b8-000036c2 of size 0000000b
(F:\Entwicklungsprojekte\github-nobru\midnightmega\calypsi\nav.o unit 4 section index 109)
    References:
        `_StringLiteral_goes nowhere and does nothing` in (F:\Entwicklungsprojekte\github-nobru\midnightmega\calypsi\nav.o unit 4 section index 255)
        _Zp in (pseudoRegisters.o (from clib-45gs02-mega65.a) unit 15 section index 2)

`?L43` in section 'code'  placed at address 000036c3-000036cd of size 0000000b
(F:\Entwicklungsprojekte\github-nobru\midnightmega\calypsi\romlist.o unit 7 section index 3)
    References:
        _Zp in (pseudoRegisters.o (from clib-45gs02-mega65.a) unit 15 section index 2)
        hyppofn in (F:\Entwicklungsprojekte\github-nobru\midnightmega\calypsi\hyppo.o unit 1 section index 2)

moveleft in section 'code'
 placed at address 000036ce-000036d8 of size 0000000b
(F:\Entwicklungsprojekte\github-nobru\midnightmega\calypsi\conio.o unit 8 section index 43)
    Defines:
        moveleft = 000036ce
    References:
        _Zp in (pseudoRegisters.o (from clib-45gs02-mega65.a) unit 15 section index 2)
    Referenced from:
        (F:\Entwicklungsprojekte\github-nobru\midnightmega\calypsi\conioextensions.o unit 3 section index 59)

`?L610` in section 'code'  placed at address 000036d9-000036e3 of size 0000000b
(F:\Entwicklungsprojekte\github-nobru\midnightmega\calypsi\conio.o unit 8 section index 87)
    References:
        _Zp in (pseudoRegisters.o (from clib-45gs02-mega65.a) unit 15 section index 2)

`?L84` in section 'code'  placed at address 000036e4-000036ee of size 0000000b
(F:\Entwicklungsprojekte\github-nobru\midnightmega\mega65-libc\src\memory.o unit 9 section index 19)
    References:
        _Zp in (pseudoRegisters.o (from clib-45gs02-mega65.a) unit 15 section index 2)
        dmalist in (F:\Entwicklungsprojekte\github-nobru\midnightmega\mega65-libc\src\memory.o unit 9 section index 24)

_MoveLong16X in section 'code'
 placed at address 000036ef-000036f9 of size 0000000b
(memory.o (from clib-45gs02-mega65.a) unit 32 section index 2)
    Defines:
        _MoveLong16X = 000036ef
    References:
        _Zp in (pseudoRegisters.o (from clib-45gs02-mega65.a) unit 15 section index 2)
    Referenced from:
        findnextBAMtracksector (F:\Entwicklungsprojekte\github-nobru\midnightmega\calypsi\fileio.o unit 2 section index 28)

`?L39` in section 'code'  placed at address 000036fa-00003704 of size 0000000b
(lib_strtol.o (from clib-45gs02-mega65.a) unit 37 section index 5)
    References:
        errno in (errno.o (from clib-45gs02-mega65.a) unit 38 section index 2)

hyppo_dos_attach in section 'code'
 placed at address 00003705-00003710 of size 0000000c
(F:\Entwicklungsprojekte\github-nobru\midnightmega\calypsi\hyppo.o unit 1 section index 13)
    Defines:
        hyppo_dos_attach = 00003705
    Referenced from:
        navi (F:\Entwicklungsprojekte\github-nobru\midnightmega\calypsi\nav.o unit 4 section index 17)

hyppo_readfile in section 'code'
 placed at address 00003711-0000371c of size 0000000c
(F:\Entwicklungsprojekte\github-nobru\midnightmega\calypsi\hyppo.o unit 1 section index 20)
    Defines:
        hyppo_readfile = 00003711
    Referenced from:
        romlist (F:\Entwicklungsprojekte\github-nobru\midnightmega\calypsi\romlist.o unit 7 section index 2)

hyppo_closefile in section 'code'
 placed at address 0000371d-00003728 of size 0000000c
(F:\Entwicklungsprojekte\github-nobru\midnightmega\calypsi\hyppo.o unit 1 section index 21)
    Defines:
        hyppo_closefile = 0000371d
    Referenced from:
        romlist (F:\Entwicklungsprojekte\github-nobru\midnightmega\calypsi\romlist.o unit 7 section index 2)

hyppo_rmfile in section 'code'
 placed at address 00003729-00003734 of size 0000000c
(F:\Entwicklungsprojekte\github-nobru\midnightmega\calypsi\hyppo.o unit 1 section index 22)
    Defines:
        hyppo_rmfile = 00003729
    Referenced from:
        navi (F:\Entwicklungsprojekte\github-nobru\midnightmega\calypsi\nav.o unit 4 section index 17)

hyppo_rmdir in section 'code'
 placed at address 00003735-00003740 of size 0000000c
(F:\Entwicklungsprojekte\github-nobru\midnightmega\calypsi\hyppo.o unit 1 section index 23)
    Defines:
        hyppo_rmdir = 00003735
    Referenced from:
        navi (F:\Entwicklungsprojekte\github-nobru\midnightmega\calypsi\nav.o unit 4 section index 17)

hyppo_getversion_minorhyppo in section 'code'
 placed at address 00003741-0000374c of size 0000000c
(F:\Entwicklungsprojekte\github-nobru\midnightmega\calypsi\hyppo.o unit 1 section index 31)
    Defines:
        hyppo_getversion_minorhyppo = 00003741
    Referenced from:
        legacyHDOS (F:\Entwicklungsprojekte\github-nobru\midnightmega\calypsi\nav.o unit 4 section index 12)

hyppo_getversion_majorHDOS in section 'code'
 placed at address 0000374d-00003758 of size 0000000c
(F:\Entwicklungsprojekte\github-nobru\midnightmega\calypsi\hyppo.o unit 1 section index 32)
    Defines:
        hyppo_getversion_majorHDOS = 0000374d
    Referenced from:
        legacyHDOS (F:\Entwicklungsprojekte\github-nobru\midnightmega\calypsi\nav.o unit 4 section index 12)

hyppo_getversion_minorHDOS in section 'code'
 placed at address 00003759-00003764 of size 0000000c
(F:\Entwicklungsprojekte\github-nobru\midnightmega\calypsi\hyppo.o unit 1 section index 33)
    Defines:
        hyppo_getversion_minorHDOS = 00003759
    Referenced from:
        legacyHDOS (F:\Entwicklungsprojekte\github-nobru\midnightmega\calypsi\nav.o unit 4 section index 12)

`?L1345` in section 'code'
 placed at address 00003765-00003770 of size 0000000c
(F:\Entwicklungsprojekte\github-nobru\midnightmega\calypsi\fileio.o unit 2 section index 64)
    References:
        _Zp in (pseudoRegisters.o (from clib-45gs02-mega65.a) unit 15 section index 2)

`?L1359` in section 'code'
 placed at address 00003771-0000377c of size 0000000c
(F:\Entwicklungsprojekte\github-nobru\midnightmega\calypsi\fileio.o unit 2 section index 72)
    References:
        _Zp in (pseudoRegisters.o (from clib-45gs02-mega65.a) unit 15 section index 2)

`?L1379` in section 'code'
 placed at address 0000377d-00003788 of size 0000000c
(F:\Entwicklungsprojekte\github-nobru\midnightmega\calypsi\fileio.o unit 2 section index 87)
    References:
        `_StringLiteral_ ` in (F:\Entwicklungsprojekte\github-nobru\midnightmega\calypsi\nav.o unit 4 section index 145)
        _Vsp in (pseudoRegisters.o (from clib-45gs02-mega65.a) unit 15 section index 2)
        _Zp in (pseudoRegisters.o (from clib-45gs02-mega65.a) unit 15 section index 2)

`?L1414` in section 'code'
 placed at address 00003789-00003794 of size 0000000c
(F:\Entwicklungsprojekte\github-nobru\midnightmega\calypsi\fileio.o unit 2 section index 114)
    References:
        _DecVsp in (stack.o (from clib-45gs02-mega65.a) unit 26 section index 2)
        _Vsp in (pseudoRegisters.o (from clib-45gs02-mega65.a) unit 15 section index 2)

`?L1417` in section 'code'
 placed at address 00003795-000037a0 of size 0000000c
(F:\Entwicklungsprojekte\github-nobru\midnightmega\calypsi\fileio.o unit 2 section index 116)
    References:
        _Vsp in (pseudoRegisters.o (from clib-45gs02-mega65.a) unit 15 section index 2)
        _Zp in (pseudoRegisters.o (from clib-45gs02-mega65.a) unit 15 section index 2)

`?L628` in section 'code'  placed at address 000037a1-000037ac of size 0000000c
(F:\Entwicklungsprojekte\github-nobru\midnightmega\calypsi\conioextensions.o unit 3 section index 58)
    References:
        _AllocStackSave in (enter.o (from clib-45gs02-mega65.a) unit 20 section index 2)
        _Zp in (pseudoRegisters.o (from clib-45gs02-mega65.a) unit 15 section index 2)

`?L632` in section 'code'  placed at address 000037ad-000037b8 of size 0000000c
(F:\Entwicklungsprojekte\github-nobru\midnightmega\calypsi\conioextensions.o unit 3 section index 60)
    References:
        _Zp in (pseudoRegisters.o (from clib-45gs02-mega65.a) unit 15 section index 2)

`?L1917` in section 'code'
 placed at address 000037b9-000037c4 of size 0000000c
(F:\Entwicklungsprojekte\github-nobru\midnightmega\calypsi\nav.o unit 4 section index 25)
    References:
        `_StringLiteral_      ` in (F:\Entwicklungsprojekte\github-nobru\midnightmega\calypsi\nav.o unit 4 section index 149)
        _Zp in (pseudoRegisters.o (from clib-45gs02-mega65.a) unit 15 section index 2)
        shortcutprint in (F:\Entwicklungsprojekte\github-nobru\midnightmega\calypsi\nav.o unit 4 section index 5)

`?L1928` in section 'code'
 placed at address 000037c5-000037d0 of size 0000000c
(F:\Entwicklungsprojekte\github-nobru\midnightmega\calypsi\nav.o unit 4 section index 33)
    References:
        _Zp in (pseudoRegisters.o (from clib-45gs02-mega65.a) unit 15 section index 2)

`?L1958` in section 'code'
 placed at address 000037d1-000037dc of size 0000000c
(F:\Entwicklungsprojekte\github-nobru\midnightmega\calypsi\nav.o unit 4 section index 53)
    References:
        _Zp in (pseudoRegisters.o (from clib-45gs02-mega65.a) unit 15 section index 2)

`?L1980` in section 'code'
 placed at address 000037dd-000037e8 of size 0000000c
(F:\Entwicklungsprojekte\github-nobru\midnightmega\calypsi\nav.o unit 4 section index 68)
    References:
        _StringLiteral_Delete in (F:\Entwicklungsprojekte\github-nobru\midnightmega\calypsi\nav.o unit 4 section index 187)
        _Zp in (pseudoRegisters.o (from clib-45gs02-mega65.a) unit 15 section index 2)
        shortcutprint in (F:\Entwicklungsprojekte\github-nobru\midnightmega\calypsi\nav.o unit 4 section index 5)

`?L1982` in section 'code'
 placed at address 000037e9-000037f4 of size 0000000c
(F:\Entwicklungsprojekte\github-nobru\midnightmega\calypsi\nav.o unit 4 section index 69)
    References:
        _StringLiteral_Rename in (F:\Entwicklungsprojekte\github-nobru\midnightmega\calypsi\nav.o unit 4 section index 226)
        _Zp in (pseudoRegisters.o (from clib-45gs02-mega65.a) unit 15 section index 2)
        shortcutprint in (F:\Entwicklungsprojekte\github-nobru\midnightmega\calypsi\nav.o unit 4 section index 5)

`?L1984` in section 'code'
 placed at address 000037f5-00003800 of size 0000000c
(F:\Entwicklungsprojekte\github-nobru\midnightmega\calypsi\nav.o unit 4 section index 70)
    References:
        `_StringLiteral_Edit  ` in (F:\Entwicklungsprojekte\github-nobru\midnightmega\calypsi\nav.o unit 4 section index 198)
        _Zp in (pseudoRegisters.o (from clib-45gs02-mega65.a) unit 15 section index 2)
        shortcutprint in (F:\Entwicklungsprojekte\github-nobru\midnightmega\calypsi\nav.o unit 4 section index 5)

`?L2038` in section 'code'
 placed at address 00003801-0000380c of size 0000000c
(F:\Entwicklungsprojekte\github-nobru\midnightmega\calypsi\nav.o unit 4 section index 104)
    References:
        _Zp in (pseudoRegisters.o (from clib-45gs02-mega65.a) unit 15 section index 2)
        midnight in (F:\Entwicklungsprojekte\github-nobru\midnightmega\calypsi\nav.o unit 4 section index 2)

`?L601` in section 'code'  placed at address 0000380d-00003818 of size 0000000c
(F:\Entwicklungsprojekte\github-nobru\midnightmega\calypsi\conio.o unit 8 section index 78)
    References:
        _DivMod16 in (integer.o (from clib-45gs02-mega65.a) unit 25 section index 7)
        _Zp in (pseudoRegisters.o (from clib-45gs02-mega65.a) unit 15 section index 2)

_LoadVspEA in section 'code'
 placed at address 00003819-00003824 of size 0000000c
(stack.o (from clib-45gs02-mega65.a) unit 26 section index 6)
    Defines:
        _LoadVspEA = 00003819
    References:
        _Vsp in (pseudoRegisters.o (from clib-45gs02-mega65.a) unit 15 section index 2)
    Referenced from:
        writeblockchain (F:\Entwicklungsprojekte\github-nobru\midnightmega\calypsi\fileio.o unit 2 section index 29)
        writenewdirententry (F:\Entwicklungsprojekte\github-nobru\midnightmega\calypsi\fileio.o unit 2 section index 36)
        (F:\Entwicklungsprojekte\github-nobru\midnightmega\calypsi\fileio.o unit 2 section index 67)
        (F:\Entwicklungsprojekte\github-nobru\midnightmega\calypsi\fileio.o unit 2 section index 101)
        mcbox (F:\Entwicklungsprojekte\github-nobru\midnightmega\calypsi\conioextensions.o unit 3 section index 34)
        shortcuts (F:\Entwicklungsprojekte\github-nobru\midnightmega\calypsi\nav.o unit 4 section index 6)
        (F:\Entwicklungsprojekte\github-nobru\midnightmega\calypsi\nav.o unit 4 section index 85)
        (F:\Entwicklungsprojekte\github-nobru\midnightmega\calypsi\nav.o unit 4 section index 98)
        strtoul (lib_strtoul.o (from clib-45gs02-mega65.a) unit 39 section index 2)

hyppo_getcurrentdrive in section 'code'
 placed at address 00003825-00003831 of size 0000000d
(F:\Entwicklungsprojekte\github-nobru\midnightmega\calypsi\hyppo.o unit 1 section index 8)
    Defines:
        hyppo_getcurrentdrive = 00003825
    Referenced from:
        getallhyppoentries (F:\Entwicklungsprojekte\github-nobru\midnightmega\calypsi\hyppo.o unit 1 section index 26)

hyppo_opendir in section 'code'
 placed at address 00003832-0000383e of size 0000000d
(F:\Entwicklungsprojekte\github-nobru\midnightmega\calypsi\hyppo.o unit 1 section index 14)
    Defines:
        hyppo_opendir = 00003832
    Referenced from:
        getallhyppoentries (F:\Entwicklungsprojekte\github-nobru\midnightmega\calypsi\hyppo.o unit 1 section index 26)

`?L1343` in section 'code'
 placed at address 0000383f-0000384b of size 0000000d
(F:\Entwicklungsprojekte\github-nobru\midnightmega\calypsi\fileio.o unit 2 section index 62)
    References:
        _Zp in (pseudoRegisters.o (from clib-45gs02-mega65.a) unit 15 section index 2)

`?L1344` in section 'code'
 placed at address 0000384c-00003858 of size 0000000d
(F:\Entwicklungsprojekte\github-nobru\midnightmega\calypsi\fileio.o unit 2 section index 63)
    References:
        _Zp in (pseudoRegisters.o (from clib-45gs02-mega65.a) unit 15 section index 2)
        worksectorasBAM in (F:\Entwicklungsprojekte\github-nobru\midnightmega\calypsi\fileio.o unit 2 section index 4)

`?L1411` in section 'code'
 placed at address 00003859-00003865 of size 0000000d
(F:\Entwicklungsprojekte\github-nobru\midnightmega\calypsi\fileio.o unit 2 section index 111)
    References:
        _Zp in (pseudoRegisters.o (from clib-45gs02-mega65.a) unit 15 section index 2)

`?L1908` in section 'code'
 placed at address 00003866-00003872 of size 0000000d
(F:\Entwicklungsprojekte\github-nobru\midnightmega\calypsi\nav.o unit 4 section index 18)
    References:
        _Zp in (pseudoRegisters.o (from clib-45gs02-mega65.a) unit 15 section index 2)
        midnight in (F:\Entwicklungsprojekte\github-nobru\midnightmega\calypsi\nav.o unit 4 section index 2)

`?L1914` in section 'code'
 placed at address 00003873-0000387f of size 0000000d
(F:\Entwicklungsprojekte\github-nobru\midnightmega\calypsi\nav.o unit 4 section index 23)
    References:
        _Zp in (pseudoRegisters.o (from clib-45gs02-mega65.a) unit 15 section index 2)
        midnight in (F:\Entwicklungsprojekte\github-nobru\midnightmega\calypsi\nav.o unit 4 section index 2)

`?L1925` in section 'code'
 placed at address 00003880-0000388c of size 0000000d
(F:\Entwicklungsprojekte\github-nobru\midnightmega\calypsi\nav.o unit 4 section index 30)
    References:
        _Zp in (pseudoRegisters.o (from clib-45gs02-mega65.a) unit 15 section index 2)
        midnight in (F:\Entwicklungsprojekte\github-nobru\midnightmega\calypsi\nav.o unit 4 section index 2)

`?L1929` in section 'code'
 placed at address 0000388d-00003899 of size 0000000d
(F:\Entwicklungsprojekte\github-nobru\midnightmega\calypsi\nav.o unit 4 section index 34)
    References:
        _Zp in (pseudoRegisters.o (from clib-45gs02-mega65.a) unit 15 section index 2)
        midnight in (F:\Entwicklungsprojekte\github-nobru\midnightmega\calypsi\nav.o unit 4 section index 2)

`?L1933` in section 'code'
 placed at address 0000389a-000038a6 of size 0000000d
(F:\Entwicklungsprojekte\github-nobru\midnightmega\calypsi\nav.o unit 4 section index 36)
    References:
        _Zp in (pseudoRegisters.o (from clib-45gs02-mega65.a) unit 15 section index 2)
        midnight in (F:\Entwicklungsprojekte\github-nobru\midnightmega\calypsi\nav.o unit 4 section index 2)

`?L2027` in section 'code'
 placed at address 000038a7-000038b3 of size 0000000d
(F:\Entwicklungsprojekte\github-nobru\midnightmega\calypsi\nav.o unit 4 section index 96)
    References:
        _ValueSwitch16 in (vswitch16.o (from clib-45gs02-mega65.a) unit 28 section index 2)
        _Zp in (pseudoRegisters.o (from clib-45gs02-mega65.a) unit 15 section index 2)

`?L2028` in section 'code'
 placed at address 000038b4-000038c0 of size 0000000d
(F:\Entwicklungsprojekte\github-nobru\midnightmega\calypsi\nav.o unit 4 section index 97)
    References:
        `_StringLiteral_storage card` in (F:\Entwicklungsprojekte\github-nobru\midnightmega\calypsi\nav.o unit 4 section index 278)
        _Zp in (pseudoRegisters.o (from clib-45gs02-mega65.a) unit 15 section index 2)
        strcopy in (F:\Entwicklungsprojekte\github-nobru\midnightmega\calypsi\conioextensions.o unit 3 section index 6)

getscreensize in section 'code'
 placed at address 000038c1-000038cd of size 0000000d
(F:\Entwicklungsprojekte\github-nobru\midnightmega\calypsi\conio.o unit 8 section index 15)
    Defines:
        getscreensize = 000038c1
    References:
        _Zp in (pseudoRegisters.o (from clib-45gs02-mega65.a) unit 15 section index 2)
    Referenced from:
        mcbox (F:\Entwicklungsprojekte\github-nobru\midnightmega\calypsi\conioextensions.o unit 3 section index 34)
        shortcuts (F:\Entwicklungsprojekte\github-nobru\midnightmega\calypsi\nav.o unit 4 section index 6)

flushkeybuf in section 'code'
 placed at address 000038ce-000038da of size 0000000d
(F:\Entwicklungsprojekte\github-nobru\midnightmega\calypsi\conio.o unit 8 section index 59)
    Defines:
        flushkeybuf = 000038ce
    Referenced from:
        cinput2 (F:\Entwicklungsprojekte\github-nobru\midnightmega\calypsi\conioextensions.o unit 3 section index 33)
        conioinit (F:\Entwicklungsprojekte\github-nobru\midnightmega\calypsi\conio.o unit 8 section index 5)

hyppo_getversion_majorhyppo in section 'code'
 placed at address 000038db-000038e8 of size 0000000e
(F:\Entwicklungsprojekte\github-nobru\midnightmega\calypsi\hyppo.o unit 1 section index 30)
    Defines:
        hyppo_getversion_majorhyppo = 000038db
    Referenced from:
        legacyHDOS (F:\Entwicklungsprojekte\github-nobru\midnightmega\calypsi\nav.o unit 4 section index 12)

`?L292` in section 'code'  placed at address 000038e9-000038f6 of size 0000000e
(F:\Entwicklungsprojekte\github-nobru\midnightmega\calypsi\hyppo.o unit 1 section index 40)
    References:
        _DecVsp in (stack.o (from clib-45gs02-mega65.a) unit 26 section index 2)
        _Zp in (pseudoRegisters.o (from clib-45gs02-mega65.a) unit 15 section index 2)

`?L1314` in section 'code'
 placed at address 000038f7-00003904 of size 0000000e
(F:\Entwicklungsprojekte\github-nobru\midnightmega\calypsi\fileio.o unit 2 section index 51)
    References:
        _IncVsp in (stack.o (from clib-45gs02-mega65.a) unit 26 section index 3)
        _Zp in (pseudoRegisters.o (from clib-45gs02-mega65.a) unit 15 section index 2)
        lcopy in (F:\Entwicklungsprojekte\github-nobru\midnightmega\mega65-libc\src\memory.o unit 9 section index 8)

`?L1324` in section 'code'
 placed at address 00003905-00003912 of size 0000000e
(F:\Entwicklungsprojekte\github-nobru\midnightmega\calypsi\fileio.o unit 2 section index 56)
    References:
        _Zp in (pseudoRegisters.o (from clib-45gs02-mega65.a) unit 15 section index 2)

`?L1360` in section 'code'
 placed at address 00003913-00003920 of size 0000000e
(F:\Entwicklungsprojekte\github-nobru\midnightmega\calypsi\fileio.o unit 2 section index 73)
    References:
        _Zp in (pseudoRegisters.o (from clib-45gs02-mega65.a) unit 15 section index 2)
        s in (F:\Entwicklungsprojekte\github-nobru\midnightmega\calypsi\nav.o unit 4 section index 137)

`?L1395` in section 'code'
 placed at address 00003921-0000392e of size 0000000e
(F:\Entwicklungsprojekte\github-nobru\midnightmega\calypsi\fileio.o unit 2 section index 100)
    References:
        _AllocStackSave in (enter.o (from clib-45gs02-mega65.a) unit 20 section index 2)
        _Zp in (pseudoRegisters.o (from clib-45gs02-mega65.a) unit 15 section index 2)

`?L1397` in section 'code'
 placed at address 0000392f-0000393c of size 0000000e
(F:\Entwicklungsprojekte\github-nobru\midnightmega\calypsi\fileio.o unit 2 section index 101)
    References:
        _LoadVspEA in (stack.o (from clib-45gs02-mega65.a) unit 26 section index 6)
        _Vsp in (pseudoRegisters.o (from clib-45gs02-mega65.a) unit 15 section index 2)
        _Zp in (pseudoRegisters.o (from clib-45gs02-mega65.a) unit 15 section index 2)

`?L1400` in section 'code'
 placed at address 0000393d-0000394a of size 0000000e
(F:\Entwicklungsprojekte\github-nobru\midnightmega\calypsi\fileio.o unit 2 section index 103)
    References:
        _Zp in (pseudoRegisters.o (from clib-45gs02-mega65.a) unit 15 section index 2)

`?L1401` in section 'code'
 placed at address 0000394b-00003958 of size 0000000e
(F:\Entwicklungsprojekte\github-nobru\midnightmega\calypsi\fileio.o unit 2 section index 104)
    References:
        _Zp in (pseudoRegisters.o (from clib-45gs02-mega65.a) unit 15 section index 2)

`?L1407` in section 'code'
 placed at address 00003959-00003966 of size 0000000e
(F:\Entwicklungsprojekte\github-nobru\midnightmega\calypsi\fileio.o unit 2 section index 107)
    References:
        _Zp in (pseudoRegisters.o (from clib-45gs02-mega65.a) unit 15 section index 2)

`?L604` in section 'code'  placed at address 00003967-00003974 of size 0000000e
(F:\Entwicklungsprojekte\github-nobru\midnightmega\calypsi\conioextensions.o unit 3 section index 39)
    References:
        _Zp in (pseudoRegisters.o (from clib-45gs02-mega65.a) unit 15 section index 2)
        asciitoscreencode_s in (F:\Entwicklungsprojekte\github-nobru\midnightmega\calypsi\conioextensions.o unit 3 section index 14)

`?L621` in section 'code'  placed at address 00003975-00003982 of size 0000000e
(F:\Entwicklungsprojekte\github-nobru\midnightmega\calypsi\conioextensions.o unit 3 section index 52)
    References:
        _Vsp in (pseudoRegisters.o (from clib-45gs02-mega65.a) unit 15 section index 2)
        _Zp in (pseudoRegisters.o (from clib-45gs02-mega65.a) unit 15 section index 2)

`?L1935` in section 'code'
 placed at address 00003983-00003990 of size 0000000e
(F:\Entwicklungsprojekte\github-nobru\midnightmega\calypsi\nav.o unit 4 section index 38)
    References:
        _Zp in (pseudoRegisters.o (from clib-45gs02-mega65.a) unit 15 section index 2)
        getdirententry in (F:\Entwicklungsprojekte\github-nobru\midnightmega\calypsi\fileio.o unit 2 section index 34)

`?L1970` in section 'code'
 placed at address 00003991-0000399e of size 0000000e
(F:\Entwicklungsprojekte\github-nobru\midnightmega\calypsi\nav.o unit 4 section index 61)
    References:
        _Zp in (pseudoRegisters.o (from clib-45gs02-mega65.a) unit 15 section index 2)

`?L2004` in section 'code'
 placed at address 0000399f-000039ac of size 0000000e
(F:\Entwicklungsprojekte\github-nobru\midnightmega\calypsi\nav.o unit 4 section index 85)
    References:
        _LoadVspEA in (stack.o (from clib-45gs02-mega65.a) unit 26 section index 6)
        _Zp in (pseudoRegisters.o (from clib-45gs02-mega65.a) unit 15 section index 2)

`?L2029` in section 'code'
 placed at address 000039ad-000039ba of size 0000000e
(F:\Entwicklungsprojekte\github-nobru\midnightmega\calypsi\nav.o unit 4 section index 98)
    References:
        _LoadVspEA in (stack.o (from clib-45gs02-mega65.a) unit 26 section index 6)
        _Vsp in (pseudoRegisters.o (from clib-45gs02-mega65.a) unit 15 section index 2)
        _Zp in (pseudoRegisters.o (from clib-45gs02-mega65.a) unit 15 section index 2)

`?L2031` in section 'code'
 placed at address 000039bb-000039c8 of size 0000000e
(F:\Entwicklungsprojekte\github-nobru\midnightmega\calypsi\nav.o unit 4 section index 99)
    References:
        _Zp in (pseudoRegisters.o (from clib-45gs02-mega65.a) unit 15 section index 2)

`?L44` in section 'code'  placed at address 000039c9-000039d6 of size 0000000e
(F:\Entwicklungsprojekte\github-nobru\midnightmega\calypsi\romlist.o unit 7 section index 4)
    References:
        _Zp in (pseudoRegisters.o (from clib-45gs02-mega65.a) unit 15 section index 2)

`?L591` in section 'code'  placed at address 000039d7-000039e4 of size 0000000e
(F:\Entwicklungsprojekte\github-nobru\midnightmega\calypsi\conio.o unit 8 section index 70)
    References:
        _Zp in (pseudoRegisters.o (from clib-45gs02-mega65.a) unit 15 section index 2)

`?L58` in section 'code'  placed at address 000039e5-000039f2 of size 0000000e
(lib_strtoul.o (from clib-45gs02-mega65.a) unit 39 section index 6)
    References:
        _Vsp in (pseudoRegisters.o (from clib-45gs02-mega65.a) unit 15 section index 2)
        _Zp in (pseudoRegisters.o (from clib-45gs02-mega65.a) unit 15 section index 2)

`?L1393` in section 'code'
 placed at address 000039f3-00003a01 of size 0000000f
(F:\Entwicklungsprojekte\github-nobru\midnightmega\calypsi\fileio.o unit 2 section index 98)
    References:
        _Zp in (pseudoRegisters.o (from clib-45gs02-mega65.a) unit 15 section index 2)

`?L1394` in section 'code'
 placed at address 00003a02-00003a10 of size 0000000f
(F:\Entwicklungsprojekte\github-nobru\midnightmega\calypsi\fileio.o unit 2 section index 99)
    References:
        _Zp in (pseudoRegisters.o (from clib-45gs02-mega65.a) unit 15 section index 2)

`?L619` in section 'code'  placed at address 00003a11-00003a1f of size 0000000f
(F:\Entwicklungsprojekte\github-nobru\midnightmega\calypsi\conioextensions.o unit 3 section index 50)
    References:
        _Vsp in (pseudoRegisters.o (from clib-45gs02-mega65.a) unit 15 section index 2)
        _Zp in (pseudoRegisters.o (from clib-45gs02-mega65.a) unit 15 section index 2)
        fillrect in (F:\Entwicklungsprojekte\github-nobru\midnightmega\calypsi\conio.o unit 8 section index 52)

`?L1923` in section 'code'
 placed at address 00003a20-00003a2e of size 0000000f
(F:\Entwicklungsprojekte\github-nobru\midnightmega\calypsi\nav.o unit 4 section index 28)
    References:
        _Zp in (pseudoRegisters.o (from clib-45gs02-mega65.a) unit 15 section index 2)
        midnight in (F:\Entwicklungsprojekte\github-nobru\midnightmega\calypsi\nav.o unit 4 section index 2)

`?L1996` in section 'code'
 placed at address 00003a2f-00003a3d of size 0000000f
(F:\Entwicklungsprojekte\github-nobru\midnightmega\calypsi\nav.o unit 4 section index 79)
    References:
        _Zp in (pseudoRegisters.o (from clib-45gs02-mega65.a) unit 15 section index 2)
        mcputsxy in (F:\Entwicklungsprojekte\github-nobru\midnightmega\calypsi\conioextensions.o unit 3 section index 23)

`?L1999` in section 'code'
 placed at address 00003a3e-00003a4c of size 0000000f
(F:\Entwicklungsprojekte\github-nobru\midnightmega\calypsi\nav.o unit 4 section index 81)
    References:
        `_StringLiteral_ 9` in (F:\Entwicklungsprojekte\github-nobru\midnightmega\calypsi\nav.o unit 4 section index 160)
        _Zp in (pseudoRegisters.o (from clib-45gs02-mega65.a) unit 15 section index 2)
        shortcutprint in (F:\Entwicklungsprojekte\github-nobru\midnightmega\calypsi\nav.o unit 4 section index 5)

`?L2025` in section 'code'
 placed at address 00003a4d-00003a5b of size 0000000f
(F:\Entwicklungsprojekte\github-nobru\midnightmega\calypsi\nav.o unit 4 section index 94)
    References:
        _Zp in (pseudoRegisters.o (from clib-45gs02-mega65.a) unit 15 section index 2)

`?L2026` in section 'code'
 placed at address 00003a5c-00003a6a of size 0000000f
(F:\Entwicklungsprojekte\github-nobru\midnightmega\calypsi\nav.o unit 4 section index 95)
    References:
        _Zp in (pseudoRegisters.o (from clib-45gs02-mega65.a) unit 15 section index 2)
        midnight in (F:\Entwicklungsprojekte\github-nobru\midnightmega\calypsi\nav.o unit 4 section index 2)

sethotregs in section 'code'
 placed at address 00003a6b-00003a79 of size 0000000f
(F:\Entwicklungsprojekte\github-nobru\midnightmega\calypsi\conio.o unit 8 section index 17)
    Defines:
        sethotregs = 00003a6b
    Referenced from:
        conioinit (F:\Entwicklungsprojekte\github-nobru\midnightmega\calypsi\conio.o unit 8 section index 5)

revers in section 'code'  placed at address 00003a7a-00003a88 of size 0000000f
(F:\Entwicklungsprojekte\github-nobru\midnightmega\calypsi\conio.o unit 8 section index 27)
    Defines:
        revers = 00003a7a
    Referenced from:
        ShowAccess (F:\Entwicklungsprojekte\github-nobru\midnightmega\calypsi\fileio.o unit 2 section index 5)
        cputcctrl (F:\Entwicklungsprojekte\github-nobru\midnightmega\calypsi\conioextensions.o unit 3 section index 15)
        messagebox (F:\Entwicklungsprojekte\github-nobru\midnightmega\calypsi\conioextensions.o unit 3 section index 35)
        (F:\Entwicklungsprojekte\github-nobru\midnightmega\calypsi\conioextensions.o unit 3 section index 63)
        listbox (F:\Entwicklungsprojekte\github-nobru\midnightmega\calypsi\nav.o unit 4 section index 3)
        shortcutprint (F:\Entwicklungsprojekte\github-nobru\midnightmega\calypsi\nav.o unit 4 section index 5)
        setupbox (F:\Entwicklungsprojekte\github-nobru\midnightmega\calypsi\nav.o unit 4 section index 8)
        rombox (F:\Entwicklungsprojekte\github-nobru\midnightmega\calypsi\nav.o unit 4 section index 13)
        navi (F:\Entwicklungsprojekte\github-nobru\midnightmega\calypsi\nav.o unit 4 section index 17)
        (F:\Entwicklungsprojekte\github-nobru\midnightmega\calypsi\nav.o unit 4 section index 35)
        (F:\Entwicklungsprojekte\github-nobru\midnightmega\calypsi\nav.o unit 4 section index 62)

highlight in section 'code'
 placed at address 00003a89-00003a97 of size 0000000f
(F:\Entwicklungsprojekte\github-nobru\midnightmega\calypsi\conio.o unit 8 section index 28)
    Defines:
        highlight = 00003a89
    Referenced from:
        cputcctrl (F:\Entwicklungsprojekte\github-nobru\midnightmega\calypsi\conioextensions.o unit 3 section index 15)

blink in section 'code'  placed at address 00003a98-00003aa6 of size 0000000f
(F:\Entwicklungsprojekte\github-nobru\midnightmega\calypsi\conio.o unit 8 section index 29)
    Defines:
        blink = 00003a98
    Referenced from:
        cputcctrl (F:\Entwicklungsprojekte\github-nobru\midnightmega\calypsi\conioextensions.o unit 3 section index 15)
        cinput2 (F:\Entwicklungsprojekte\github-nobru\midnightmega\calypsi\conioextensions.o unit 3 section index 33)
        navi (F:\Entwicklungsprojekte\github-nobru\midnightmega\calypsi\nav.o unit 4 section index 17)

underline in section 'code'
 placed at address 00003aa7-00003ab5 of size 0000000f
(F:\Entwicklungsprojekte\github-nobru\midnightmega\calypsi\conio.o unit 8 section index 30)
    Defines:
        underline = 00003aa7
    Referenced from:
        cputcctrl (F:\Entwicklungsprojekte\github-nobru\midnightmega\calypsi\conioextensions.o unit 3 section index 15)

cgetc in section 'code'  placed at address 00003ab6-00003ac4 of size 0000000f
(F:\Entwicklungsprojekte\github-nobru\midnightmega\calypsi\conio.o unit 8 section index 56)
    Defines:
        cgetc = 00003ab6
    References:
        _Zp in (pseudoRegisters.o (from clib-45gs02-mega65.a) unit 15 section index 2)
    Referenced from:
        cinput2 (F:\Entwicklungsprojekte\github-nobru\midnightmega\calypsi\conioextensions.o unit 3 section index 33)
        messagebox (F:\Entwicklungsprojekte\github-nobru\midnightmega\calypsi\conioextensions.o unit 3 section index 35)
        valuesbox (F:\Entwicklungsprojekte\github-nobru\midnightmega\calypsi\conioextensions.o unit 3 section index 36)
        setupbox (F:\Entwicklungsprojekte\github-nobru\midnightmega\calypsi\nav.o unit 4 section index 8)
        menubox (F:\Entwicklungsprojekte\github-nobru\midnightmega\calypsi\nav.o unit 4 section index 9)
        helpbox (F:\Entwicklungsprojekte\github-nobru\midnightmega\calypsi\nav.o unit 4 section index 11)
        rombox (F:\Entwicklungsprojekte\github-nobru\midnightmega\calypsi\nav.o unit 4 section index 13)
        navi (F:\Entwicklungsprojekte\github-nobru\midnightmega\calypsi\nav.o unit 4 section index 17)
        text (F:\Entwicklungsprojekte\github-nobru\midnightmega\calypsi\texts.o unit 5 section index 3)

`?L82` in section 'code'  placed at address 00003ac5-00003ad3 of size 0000000f
(F:\Entwicklungsprojekte\github-nobru\midnightmega\mega65-libc\src\memory.o unit 9 section index 17)
    References:
        _Zp in (pseudoRegisters.o (from clib-45gs02-mega65.a) unit 15 section index 2)
        dmalist in (F:\Entwicklungsprojekte\github-nobru\midnightmega\mega65-libc\src\memory.o unit 9 section index 24)

_DecVspY0 in section 'code'
 placed at address 00003ad4-00003ae2 of size 0000000f
(stack.o (from clib-45gs02-mega65.a) unit 26 section index 2)
    Defines:
        _DecVspY0 = 00003ad4
        _DecVsp = 00003ad6
    References:
        _Vsp in (pseudoRegisters.o (from clib-45gs02-mega65.a) unit 15 section index 2)
    Referenced from:
        (F:\Entwicklungsprojekte\github-nobru\midnightmega\calypsi\hyppo.o unit 1 section index 40)
        FreeTracks (F:\Entwicklungsprojekte\github-nobru\midnightmega\calypsi\fileio.o unit 2 section index 22)
        writeblockchain (F:\Entwicklungsprojekte\github-nobru\midnightmega\calypsi\fileio.o unit 2 section index 29)
        getdirent (F:\Entwicklungsprojekte\github-nobru\midnightmega\calypsi\fileio.o unit 2 section index 35)
        rewritedirent (F:\Entwicklungsprojekte\github-nobru\midnightmega\calypsi\fileio.o unit 2 section index 39)
        (F:\Entwicklungsprojekte\github-nobru\midnightmega\calypsi\fileio.o unit 2 section index 46)
        (F:\Entwicklungsprojekte\github-nobru\midnightmega\calypsi\fileio.o unit 2 section index 49)
        (F:\Entwicklungsprojekte\github-nobru\midnightmega\calypsi\fileio.o unit 2 section index 58)
        ... 10 more

`?L289` in section 'code'  placed at address 00003ae3-00003af2 of size 00000010
(F:\Entwicklungsprojekte\github-nobru\midnightmega\calypsi\hyppo.o unit 1 section index 37)
    References:
        _Zp in (pseudoRegisters.o (from clib-45gs02-mega65.a) unit 15 section index 2)
        hyppofn in (F:\Entwicklungsprojekte\github-nobru\midnightmega\calypsi\hyppo.o unit 1 section index 2)

`?L1348` in section 'code'
 placed at address 00003af3-00003b02 of size 00000010
(F:\Entwicklungsprojekte\github-nobru\midnightmega\calypsi\fileio.o unit 2 section index 65)
    References:
        _Zp in (pseudoRegisters.o (from clib-45gs02-mega65.a) unit 15 section index 2)
        clrhomed in (F:\Entwicklungsprojekte\github-nobru\midnightmega\calypsi\conioextensions.o unit 3 section index 30)

`?L1368` in section 'code'
 placed at address 00003b03-00003b12 of size 00000010
(F:\Entwicklungsprojekte\github-nobru\midnightmega\calypsi\fileio.o unit 2 section index 79)
    References:
        _IncVsp in (stack.o (from clib-45gs02-mega65.a) unit 26 section index 3)
        _Zp in (pseudoRegisters.o (from clib-45gs02-mega65.a) unit 15 section index 2)
        lcopy in (F:\Entwicklungsprojekte\github-nobru\midnightmega\mega65-libc\src\memory.o unit 9 section index 8)

`?L1388` in section 'code'
 placed at address 00003b13-00003b22 of size 00000010
(F:\Entwicklungsprojekte\github-nobru\midnightmega\calypsi\fileio.o unit 2 section index 94)
    References:
        _Zp in (pseudoRegisters.o (from clib-45gs02-mega65.a) unit 15 section index 2)

`?L606` in section 'code'  placed at address 00003b23-00003b32 of size 00000010
(F:\Entwicklungsprojekte\github-nobru\midnightmega\calypsi\conioextensions.o unit 3 section index 40)
    References:
        _Zp in (pseudoRegisters.o (from clib-45gs02-mega65.a) unit 15 section index 2)

`?L607` in section 'code'  placed at address 00003b33-00003b42 of size 00000010
(F:\Entwicklungsprojekte\github-nobru\midnightmega\calypsi\conioextensions.o unit 3 section index 41)
    References:
        _AllocStackSave in (enter.o (from clib-45gs02-mega65.a) unit 20 section index 2)
        _Zp in (pseudoRegisters.o (from clib-45gs02-mega65.a) unit 15 section index 2)

`?L1956` in section 'code'
 placed at address 00003b43-00003b52 of size 00000010
(F:\Entwicklungsprojekte\github-nobru\midnightmega\calypsi\nav.o unit 4 section index 52)
    References:
        `_StringLiteral_ The MEGA65 file commander ` in (F:\Entwicklungsprojekte\github-nobru\midnightmega\calypsi\nav.o unit 4 section index 169)
        _Zp in (pseudoRegisters.o (from clib-45gs02-mega65.a) unit 15 section index 2)
        mcputsxy in (F:\Entwicklungsprojekte\github-nobru\midnightmega\calypsi\conioextensions.o unit 3 section index 23)

`?L1960` in section 'code'
 placed at address 00003b53-00003b62 of size 00000010
(F:\Entwicklungsprojekte\github-nobru\midnightmega\calypsi\nav.o unit 4 section index 55)
    References:
        _Zp in (pseudoRegisters.o (from clib-45gs02-mega65.a) unit 15 section index 2)
        getdirententry in (F:\Entwicklungsprojekte\github-nobru\midnightmega\calypsi\fileio.o unit 2 section index 34)

`?L2006` in section 'code'
 placed at address 00003b63-00003b72 of size 00000010
(F:\Entwicklungsprojekte\github-nobru\midnightmega\calypsi\nav.o unit 4 section index 86)
    References:
        _UDivMod16 in (integer.o (from clib-45gs02-mega65.a) unit 25 section index 8)
        _Zp in (pseudoRegisters.o (from clib-45gs02-mega65.a) unit 15 section index 2)

`?L2010` in section 'code'
 placed at address 00003b73-00003b82 of size 00000010
(F:\Entwicklungsprojekte\github-nobru\midnightmega\calypsi\nav.o unit 4 section index 89)
    References:
        `_StringLiteral_ 2` in (F:\Entwicklungsprojekte\github-nobru\midnightmega\calypsi\nav.o unit 4 section index 153)
        `_StringLiteral_Mount ` in (F:\Entwicklungsprojekte\github-nobru\midnightmega\calypsi\nav.o unit 4 section index 213)
        _Zp in (pseudoRegisters.o (from clib-45gs02-mega65.a) unit 15 section index 2)
        shortcutprint in (F:\Entwicklungsprojekte\github-nobru\midnightmega\calypsi\nav.o unit 4 section index 5)

`?L2013` in section 'code'
 placed at address 00003b83-00003b92 of size 00000010
(F:\Entwicklungsprojekte\github-nobru\midnightmega\calypsi\nav.o unit 4 section index 90)
    References:
        `_StringLiteral_ 3` in (F:\Entwicklungsprojekte\github-nobru\midnightmega\calypsi\nav.o unit 4 section index 154)
        `_StringLiteral_View  ` in (F:\Entwicklungsprojekte\github-nobru\midnightmega\calypsi\nav.o unit 4 section index 235)
        _Zp in (pseudoRegisters.o (from clib-45gs02-mega65.a) unit 15 section index 2)
        shortcutprint in (F:\Entwicklungsprojekte\github-nobru\midnightmega\calypsi\nav.o unit 4 section index 5)

`?L2017` in section 'code'
 placed at address 00003b93-00003ba2 of size 00000010
(F:\Entwicklungsprojekte\github-nobru\midnightmega\calypsi\nav.o unit 4 section index 91)
    References:
        `_StringLiteral_ 7` in (F:\Entwicklungsprojekte\github-nobru\midnightmega\calypsi\nav.o unit 4 section index 158)
        `_StringLiteral_Mkdir ` in (F:\Entwicklungsprojekte\github-nobru\midnightmega\calypsi\nav.o unit 4 section index 212)
        _Zp in (pseudoRegisters.o (from clib-45gs02-mega65.a) unit 15 section index 2)
        shortcutprint in (F:\Entwicklungsprojekte\github-nobru\midnightmega\calypsi\nav.o unit 4 section index 5)

`?L2021` in section 'code'
 placed at address 00003ba3-00003bb2 of size 00000010
(F:\Entwicklungsprojekte\github-nobru\midnightmega\calypsi\nav.o unit 4 section index 92)
    References:
        _Mul8 in (integer.o (from clib-45gs02-mega65.a) unit 25 section index 2)
        _Zp in (pseudoRegisters.o (from clib-45gs02-mega65.a) unit 15 section index 2)

setcharsetaddr in section 'code'
 placed at address 00003bb3-00003bc2 of size 00000010
(F:\Entwicklungsprojekte\github-nobru\midnightmega\calypsi\conio.o unit 8 section index 10)
    Defines:
        setcharsetaddr = 00003bb3
    References:
        _Zp in (pseudoRegisters.o (from clib-45gs02-mega65.a) unit 15 section index 2)
    Referenced from:
        (F:\Entwicklungsprojekte\github-nobru\midnightmega\calypsi\conio.o unit 8 section index 95)

mega65_io_enable in section 'code'
 placed at address 00003bc3-00003bd2 of size 00000010
(F:\Entwicklungsprojekte\github-nobru\midnightmega\mega65-libc\src\memory.o unit 9 section index 11)
    Defines:
        mega65_io_enable = 00003bc3
    Referenced from:
        do_dma (F:\Entwicklungsprojekte\github-nobru\midnightmega\mega65-libc\src\memory.o unit 9 section index 2)

`?L79` in section 'code'  placed at address 00003bd3-00003be2 of size 00000010
(F:\Entwicklungsprojekte\github-nobru\midnightmega\mega65-libc\src\memory.o unit 9 section index 14)
    References:
        dmalist in (F:\Entwicklungsprojekte\github-nobru\midnightmega\mega65-libc\src\memory.o unit 9 section index 24)

`?L81` in section 'code'  placed at address 00003be3-00003bf2 of size 00000010
(F:\Entwicklungsprojekte\github-nobru\midnightmega\mega65-libc\src\memory.o unit 9 section index 16)
    References:
        _Zp in (pseudoRegisters.o (from clib-45gs02-mega65.a) unit 15 section index 2)
        dmalist in (F:\Entwicklungsprojekte\github-nobru\midnightmega\mega65-libc\src\memory.o unit 9 section index 24)

_IncVsp in section 'code'  placed at address 00003bf3-00003c02 of size 00000010
(stack.o (from clib-45gs02-mega65.a) unit 26 section index 3)
    Defines:
        _IncVsp = 00003bf3
    References:
        _Vsp in (pseudoRegisters.o (from clib-45gs02-mega65.a) unit 15 section index 2)
    Referenced from:
        (F:\Entwicklungsprojekte\github-nobru\midnightmega\calypsi\hyppo.o unit 1 section index 44)
        BAM2Attic (F:\Entwicklungsprojekte\github-nobru\midnightmega\calypsi\fileio.o unit 2 section index 16)
        BAMCheckSizeinFilebuffer (F:\Entwicklungsprojekte\github-nobru\midnightmega\calypsi\fileio.o unit 2 section index 20)
        FreeTracks (F:\Entwicklungsprojekte\github-nobru\midnightmega\calypsi\fileio.o unit 2 section index 22)
        FormatPartition (F:\Entwicklungsprojekte\github-nobru\midnightmega\calypsi\fileio.o unit 2 section index 23)
        swapdirententry (F:\Entwicklungsprojekte\github-nobru\midnightmega\calypsi\fileio.o unit 2 section index 38)
        rewritedirent (F:\Entwicklungsprojekte\github-nobru\midnightmega\calypsi\fileio.o unit 2 section index 39)
        (F:\Entwicklungsprojekte\github-nobru\midnightmega\calypsi\fileio.o unit 2 section index 47)
        ... 13 more

atoi in section 'code'  placed at address 00003c03-00003c12 of size 00000010
(lib_atoi.o (from clib-45gs02-mega65.a) unit 36 section index 2)
    Defines:
        atoi = 00003c03
    References:
        _Zp in (pseudoRegisters.o (from clib-45gs02-mega65.a) unit 15 section index 2)
        strtol in (lib_strtol.o (from clib-45gs02-mega65.a) unit 37 section index 2)
    Referenced from:
        navi (F:\Entwicklungsprojekte\github-nobru\midnightmega\calypsi\nav.o unit 4 section index 17)

`?L55` in section 'code'  placed at address 00003c13-00003c22 of size 00000010
(lib_strtoul.o (from clib-45gs02-mega65.a) unit 39 section index 3)
    References:
        _Vsp in (pseudoRegisters.o (from clib-45gs02-mega65.a) unit 15 section index 2)
        _Zp in (pseudoRegisters.o (from clib-45gs02-mega65.a) unit 15 section index 2)

hyppo_d81attach0 in section 'code'
 placed at address 00003c23-00003c33 of size 00000011
(F:\Entwicklungsprojekte\github-nobru\midnightmega\calypsi\hyppo.o unit 1 section index 11)
    Defines:
        hyppo_d81attach0 = 00003c23
    Referenced from:
        navi (F:\Entwicklungsprojekte\github-nobru\midnightmega\calypsi\nav.o unit 4 section index 17)

hyppo_d81attach1 in section 'code'
 placed at address 00003c34-00003c44 of size 00000011
(F:\Entwicklungsprojekte\github-nobru\midnightmega\calypsi\hyppo.o unit 1 section index 12)
    Defines:
        hyppo_d81attach1 = 00003c34
    Referenced from:
        navi (F:\Entwicklungsprojekte\github-nobru\midnightmega\calypsi\nav.o unit 4 section index 17)

`?L287` in section 'code'  placed at address 00003c45-00003c55 of size 00000011
(F:\Entwicklungsprojekte\github-nobru\midnightmega\calypsi\hyppo.o unit 1 section index 35)
    References:
        _Zp in (pseudoRegisters.o (from clib-45gs02-mega65.a) unit 15 section index 2)
        readdir_dirent in (F:\Entwicklungsprojekte\github-nobru\midnightmega\calypsi\hyppo.o unit 1 section index 3)

`?L291` in section 'code'  placed at address 00003c56-00003c66 of size 00000011
(F:\Entwicklungsprojekte\github-nobru\midnightmega\calypsi\hyppo.o unit 1 section index 39)
    References:
        _Zp in (pseudoRegisters.o (from clib-45gs02-mega65.a) unit 15 section index 2)

`?L1303` in section 'code'
 placed at address 00003c67-00003c77 of size 00000011
(F:\Entwicklungsprojekte\github-nobru\midnightmega\calypsi\fileio.o unit 2 section index 46)
    References:
        _DecVsp in (stack.o (from clib-45gs02-mega65.a) unit 26 section index 2)
        _Vsp in (pseudoRegisters.o (from clib-45gs02-mega65.a) unit 15 section index 2)

`?L1305` in section 'code'
 placed at address 00003c78-00003c88 of size 00000011
(F:\Entwicklungsprojekte\github-nobru\midnightmega\calypsi\fileio.o unit 2 section index 47)
    References:
        _IncVsp in (stack.o (from clib-45gs02-mega65.a) unit 26 section index 3)
        _Zp in (pseudoRegisters.o (from clib-45gs02-mega65.a) unit 15 section index 2)
        lcopy in (F:\Entwicklungsprojekte\github-nobru\midnightmega\mega65-libc\src\memory.o unit 9 section index 8)

`?L1332` in section 'code'
 placed at address 00003c89-00003c99 of size 00000011
(F:\Entwicklungsprojekte\github-nobru\midnightmega\calypsi\fileio.o unit 2 section index 58)
    References:
        _DecVsp in (stack.o (from clib-45gs02-mega65.a) unit 26 section index 2)
        _Vsp in (pseudoRegisters.o (from clib-45gs02-mega65.a) unit 15 section index 2)

`?L1937` in section 'code'
 placed at address 00003c9a-00003caa of size 00000011
(F:\Entwicklungsprojekte\github-nobru\midnightmega\calypsi\nav.o unit 4 section index 39)
    References:
        _StringLiteral_BAM in (F:\Entwicklungsprojekte\github-nobru\midnightmega\calypsi\nav.o unit 4 section index 178)
        `_StringLiteral_Reading...` in (F:\Entwicklungsprojekte\github-nobru\midnightmega\calypsi\nav.o unit 4 section index 225)
        _Zp in (pseudoRegisters.o (from clib-45gs02-mega65.a) unit 15 section index 2)

`?L1991` in section 'code'
 placed at address 00003cab-00003cbb of size 00000011
(F:\Entwicklungsprojekte\github-nobru\midnightmega\calypsi\nav.o unit 4 section index 75)
    References:
        _Zp in (pseudoRegisters.o (from clib-45gs02-mega65.a) unit 15 section index 2)

`?L1994` in section 'code'
 placed at address 00003cbc-00003ccc of size 00000011
(F:\Entwicklungsprojekte\github-nobru\midnightmega\calypsi\nav.o unit 4 section index 78)
    References:
        _Mul8 in (integer.o (from clib-45gs02-mega65.a) unit 25 section index 2)
        _Vsp in (pseudoRegisters.o (from clib-45gs02-mega65.a) unit 15 section index 2)
        _Zp in (pseudoRegisters.o (from clib-45gs02-mega65.a) unit 15 section index 2)

`?L1997` in section 'code'
 placed at address 00003ccd-00003cdd of size 00000011
(F:\Entwicklungsprojekte\github-nobru\midnightmega\calypsi\nav.o unit 4 section index 80)
    References:
        _DivMod16 in (integer.o (from clib-45gs02-mega65.a) unit 25 section index 7)
        _Zp in (pseudoRegisters.o (from clib-45gs02-mega65.a) unit 15 section index 2)

`?L2000` in section 'code'
 placed at address 00003cde-00003cee of size 00000011
(F:\Entwicklungsprojekte\github-nobru\midnightmega\calypsi\nav.o unit 4 section index 82)
    References:
        _DecVsp in (stack.o (from clib-45gs02-mega65.a) unit 26 section index 2)
        _Vsp in (pseudoRegisters.o (from clib-45gs02-mega65.a) unit 15 section index 2)
        _Zp in (pseudoRegisters.o (from clib-45gs02-mega65.a) unit 15 section index 2)

`?L52` in section 'code'  placed at address 00003cef-00003cff of size 00000011
(lib_isbasedigit.o (from clib-45gs02-mega65.a) unit 40 section index 3)
    References:
        _Zp in (pseudoRegisters.o (from clib-45gs02-mega65.a) unit 15 section index 2)

_Stub_exit in section 'code'
 placed at address 00003d00-00003d03 of size 00000004
(stub_exit.o (from sdk-45gs02-mega65.a) unit 22 section index 2)
    Defines:
        _Stub_exit = 00003d00
    References:
        _InitialStack in (commodore-startup.o (from sdk-45gs02-mega65.a) unit 13 section index 11)
    Referenced from:
        _Exit (exitC99.o (from clib-45gs02-mega65.a) unit 21 section index 2)

__restore_zp_needed in section 'code'
 placed at address 00003d04-00003d0d of size 0000000a
(stub_exit.o (from sdk-45gs02-mega65.a) unit 22 section index 3)
    Defines:
        __restore_zp_needed = 00003d04
    References:
        .sectionSize(registers)
        .sectionStart(registers)
        .sectionStart(zpsave)

Section 'code'  placed at address 00003d0e-00003d0e of size 00000001
(stub_exit.o (from sdk-45gs02-mega65.a) unit 22 section index 4)

`?L1383` in section 'code'
 placed at address 00003d0f-00003d20 of size 00000012
(F:\Entwicklungsprojekte\github-nobru\midnightmega\calypsi\fileio.o unit 2 section index 91)
    References:
        _Vsp in (pseudoRegisters.o (from clib-45gs02-mega65.a) unit 15 section index 2)
        _Zp in (pseudoRegisters.o (from clib-45gs02-mega65.a) unit 15 section index 2)

`?L1943` in section 'code'
 placed at address 00003d21-00003d32 of size 00000012
(F:\Entwicklungsprojekte\github-nobru\midnightmega\calypsi\nav.o unit 4 section index 43)
    References:
        _Zp in (pseudoRegisters.o (from clib-45gs02-mega65.a) unit 15 section index 2)
        mcputsxy in (F:\Entwicklungsprojekte\github-nobru\midnightmega\calypsi\conioextensions.o unit 3 section index 23)

`?L16` in section 'code'  placed at address 00003d33-00003d44 of size 00000012
(F:\Entwicklungsprojekte\github-nobru\midnightmega\calypsi\sid.o unit 6 section index 5)
    References:
        _Zp in (pseudoRegisters.o (from clib-45gs02-mega65.a) unit 15 section index 2)
        usleep in (F:\Entwicklungsprojekte\github-nobru\midnightmega\mega65-libc\src\hal.o unit 10 section index 2)

`?L592` in section 'code'  placed at address 00003d45-00003d56 of size 00000012
(F:\Entwicklungsprojekte\github-nobru\midnightmega\calypsi\conio.o unit 8 section index 71)
    References:
        _Zp in (pseudoRegisters.o (from clib-45gs02-mega65.a) unit 15 section index 2)

`?L609` in section 'code'  placed at address 00003d57-00003d68 of size 00000012
(F:\Entwicklungsprojekte\github-nobru\midnightmega\calypsi\conio.o unit 8 section index 86)
    References:
        _Zp in (pseudoRegisters.o (from clib-45gs02-mega65.a) unit 15 section index 2)

`?L1361` in section 'code'
 placed at address 00003d69-00003d7b of size 00000013
(F:\Entwicklungsprojekte\github-nobru\midnightmega\calypsi\fileio.o unit 2 section index 74)
    References:
        BAMsector in (F:\Entwicklungsprojekte\github-nobru\midnightmega\calypsi\fileio.o unit 2 section index 2)
        _Zp in (pseudoRegisters.o (from clib-45gs02-mega65.a) unit 15 section index 2)

`?L1362` in section 'code'
 placed at address 00003d7c-00003d8e of size 00000013
(F:\Entwicklungsprojekte\github-nobru\midnightmega\calypsi\fileio.o unit 2 section index 75)
    References:
        BAMsector in (F:\Entwicklungsprojekte\github-nobru\midnightmega\calypsi\fileio.o unit 2 section index 2)
        _Zp in (pseudoRegisters.o (from clib-45gs02-mega65.a) unit 15 section index 2)

`?L1913` in section 'code'
 placed at address 00003d8f-00003da1 of size 00000013
(F:\Entwicklungsprojekte\github-nobru\midnightmega\calypsi\nav.o unit 4 section index 22)
    References:
        UpdateSectors in (F:\Entwicklungsprojekte\github-nobru\midnightmega\calypsi\nav.o unit 4 section index 15)
        _Zp in (pseudoRegisters.o (from clib-45gs02-mega65.a) unit 15 section index 2)
        midnight in (F:\Entwicklungsprojekte\github-nobru\midnightmega\calypsi\nav.o unit 4 section index 2)

`?L1945` in section 'code'
 placed at address 00003da2-00003db4 of size 00000013
(F:\Entwicklungsprojekte\github-nobru\midnightmega\calypsi\nav.o unit 4 section index 45)
    References:
        _Vsp in (pseudoRegisters.o (from clib-45gs02-mega65.a) unit 15 section index 2)
        _Zp in (pseudoRegisters.o (from clib-45gs02-mega65.a) unit 15 section index 2)

`?L588` in section 'code'  placed at address 00003db5-00003dc7 of size 00000013
(F:\Entwicklungsprojekte\github-nobru\midnightmega\calypsi\conio.o unit 8 section index 69)
    References:
        _Zp in (pseudoRegisters.o (from clib-45gs02-mega65.a) unit 15 section index 2)

`?L607` in section 'code'  placed at address 00003dc8-00003dda of size 00000013
(F:\Entwicklungsprojekte\github-nobru\midnightmega\calypsi\conio.o unit 8 section index 84)
    References:
        _Zp in (pseudoRegisters.o (from clib-45gs02-mega65.a) unit 15 section index 2)

`?L608` in section 'code'  placed at address 00003ddb-00003ded of size 00000013
(F:\Entwicklungsprojekte\github-nobru\midnightmega\calypsi\conio.o unit 8 section index 85)
    References:
        _Zp in (pseudoRegisters.o (from clib-45gs02-mega65.a) unit 15 section index 2)

isspace in section 'code'  placed at address 00003dee-00003e00 of size 00000013
(ctype.o (from clib-45gs02-mega65.a) unit 43 section index 10)
    Defines:
        isspace = 00003dee
    References:
        _Zp in (pseudoRegisters.o (from clib-45gs02-mega65.a) unit 15 section index 2)
        __ctype_ in (ctype.o (from clib-45gs02-mega65.a) unit 43 section index 19)
    Referenced from:
        __lib_skipspace (lib_skipspace.o (from clib-45gs02-mega65.a) unit 42 section index 2)

hyppo_chdir in section 'code'
 placed at address 00003e01-00003e14 of size 00000014
(F:\Entwicklungsprojekte\github-nobru\midnightmega\calypsi\hyppo.o unit 1 section index 15)
    Defines:
        hyppo_chdir = 00003e01
    Referenced from:
        (F:\Entwicklungsprojekte\github-nobru\midnightmega\calypsi\nav.o unit 4 section index 112)

`?L1358` in section 'code'
 placed at address 00003e15-00003e28 of size 00000014
(F:\Entwicklungsprojekte\github-nobru\midnightmega\calypsi\fileio.o unit 2 section index 71)
    References:
        _Vsp in (pseudoRegisters.o (from clib-45gs02-mega65.a) unit 15 section index 2)
        _Zp in (pseudoRegisters.o (from clib-45gs02-mega65.a) unit 15 section index 2)

`?L1978` in section 'code'
 placed at address 00003e29-00003e3c of size 00000014
(F:\Entwicklungsprojekte\github-nobru\midnightmega\calypsi\nav.o unit 4 section index 67)
    References:
        _Zp in (pseudoRegisters.o (from clib-45gs02-mega65.a) unit 15 section index 2)
        getdirententry in (F:\Entwicklungsprojekte\github-nobru\midnightmega\calypsi\fileio.o unit 2 section index 34)

`?L1338` in section 'code'
 placed at address 00003e3d-00003e51 of size 00000015
(F:\Entwicklungsprojekte\github-nobru\midnightmega\calypsi\fileio.o unit 2 section index 61)
    References:
        _Zp in (pseudoRegisters.o (from clib-45gs02-mega65.a) unit 15 section index 2)

`?L614` in section 'code'  placed at address 00003e52-00003e66 of size 00000015
(F:\Entwicklungsprojekte\github-nobru\midnightmega\calypsi\conioextensions.o unit 3 section index 47)
    References:
        _DecVsp in (stack.o (from clib-45gs02-mega65.a) unit 26 section index 2)
        _Vsp in (pseudoRegisters.o (from clib-45gs02-mega65.a) unit 15 section index 2)

`?L1909` in section 'code'
 placed at address 00003e67-00003e7b of size 00000015
(F:\Entwicklungsprojekte\github-nobru\midnightmega\calypsi\nav.o unit 4 section index 19)
    References:
        _DecVsp in (stack.o (from clib-45gs02-mega65.a) unit 26 section index 2)
        _Vsp in (pseudoRegisters.o (from clib-45gs02-mega65.a) unit 15 section index 2)

`?L1926` in section 'code'
 placed at address 00003e7c-00003e90 of size 00000015
(F:\Entwicklungsprojekte\github-nobru\midnightmega\calypsi\nav.o unit 4 section index 31)
    References:
        _Zp in (pseudoRegisters.o (from clib-45gs02-mega65.a) unit 15 section index 2)

textcolor in section 'code'
 placed at address 00003e91-00003ea5 of size 00000015
(F:\Entwicklungsprojekte\github-nobru\midnightmega\calypsi\conio.o unit 8 section index 25)
    Defines:
        textcolor = 00003e91
    References:
        _Zp in (pseudoRegisters.o (from clib-45gs02-mega65.a) unit 15 section index 2)
    Referenced from:
        main (F:\Entwicklungsprojekte\github-nobru\midnightmega\calypsi\midnightmega.o unit 0 section index 17)
        ShowAccess (F:\Entwicklungsprojekte\github-nobru\midnightmega\calypsi\fileio.o unit 2 section index 5)
        cputcctrl (F:\Entwicklungsprojekte\github-nobru\midnightmega\calypsi\conioextensions.o unit 3 section index 15)
        mcbox (F:\Entwicklungsprojekte\github-nobru\midnightmega\calypsi\conioextensions.o unit 3 section index 34)
        listbox (F:\Entwicklungsprojekte\github-nobru\midnightmega\calypsi\nav.o unit 4 section index 3)
        shortcutprint (F:\Entwicklungsprojekte\github-nobru\midnightmega\calypsi\nav.o unit 4 section index 5)
        shortcuts (F:\Entwicklungsprojekte\github-nobru\midnightmega\calypsi\nav.o unit 4 section index 6)
        navi (F:\Entwicklungsprojekte\github-nobru\midnightmega\calypsi\nav.o unit 4 section index 17)

hyppo_get_proc_desc in section 'code'
 placed at address 00003ea6-00003ebb of size 00000016
(F:\Entwicklungsprojekte\github-nobru\midnightmega\calypsi\hyppo.o unit 1 section index 7)
    Defines:
        hyppo_get_proc_desc = 00003ea6
    References:
        taskblock in (F:\Entwicklungsprojekte\github-nobru\midnightmega\calypsi\hyppo.o unit 1 section index 4)
    Referenced from:
        UpdateSectors (F:\Entwicklungsprojekte\github-nobru\midnightmega\calypsi\nav.o unit 4 section index 15)

`?L1308` in section 'code'
 placed at address 00003ebc-00003ed1 of size 00000016
(F:\Entwicklungsprojekte\github-nobru\midnightmega\calypsi\fileio.o unit 2 section index 49)
    References:
        _DecVsp in (stack.o (from clib-45gs02-mega65.a) unit 26 section index 2)
        _Vsp in (pseudoRegisters.o (from clib-45gs02-mega65.a) unit 15 section index 2)
        _Zp in (pseudoRegisters.o (from clib-45gs02-mega65.a) unit 15 section index 2)

`?L1376` in section 'code'
 placed at address 00003ed2-00003ee7 of size 00000016
(F:\Entwicklungsprojekte\github-nobru\midnightmega\calypsi\fileio.o unit 2 section index 85)
    References:
        _AllocStackSave in (enter.o (from clib-45gs02-mega65.a) unit 20 section index 2)
        _Zp in (pseudoRegisters.o (from clib-45gs02-mega65.a) unit 15 section index 2)

mh4printf in section 'code'
 placed at address 00003ee8-00003efd of size 00000016
(F:\Entwicklungsprojekte\github-nobru\midnightmega\calypsi\conioextensions.o unit 3 section index 21)
    Defines:
        mh4printf = 00003ee8
    References:
        _Zp in (pseudoRegisters.o (from clib-45gs02-mega65.a) unit 15 section index 2)
        cputhex in (F:\Entwicklungsprojekte\github-nobru\midnightmega\calypsi\conio.o unit 8 section index 46)
    Referenced from:
        messagebox (F:\Entwicklungsprojekte\github-nobru\midnightmega\calypsi\conioextensions.o unit 3 section index 35)

`?L1919` in section 'code'
 placed at address 00003efe-00003f13 of size 00000016
(F:\Entwicklungsprojekte\github-nobru\midnightmega\calypsi\nav.o unit 4 section index 26)
    References:
        _Zp in (pseudoRegisters.o (from clib-45gs02-mega65.a) unit 15 section index 2)
        legacyHDOSstate in (F:\Entwicklungsprojekte\github-nobru\midnightmega\calypsi\nav.o unit 4 section index 138)
        midnight in (F:\Entwicklungsprojekte\github-nobru\midnightmega\calypsi\nav.o unit 4 section index 2)

`?L1971` in section 'code'
 placed at address 00003f14-00003f29 of size 00000016
(F:\Entwicklungsprojekte\github-nobru\midnightmega\calypsi\nav.o unit 4 section index 62)
    References:
        `_StringLiteral_   OK   ` in (F:\Entwicklungsprojekte\github-nobru\midnightmega\calypsi\nav.o unit 4 section index 150)
        _Zp in (pseudoRegisters.o (from clib-45gs02-mega65.a) unit 15 section index 2)
        mcputsxy in (F:\Entwicklungsprojekte\github-nobru\midnightmega\calypsi\conioextensions.o unit 3 section index 23)
        revers in (F:\Entwicklungsprojekte\github-nobru\midnightmega\calypsi\conio.o unit 8 section index 27)

`?L1975` in section 'code'
 placed at address 00003f2a-00003f3f of size 00000016
(F:\Entwicklungsprojekte\github-nobru\midnightmega\calypsi\nav.o unit 4 section index 64)
    References:
        `_StringLiteral_open failed for` in (F:\Entwicklungsprojekte\github-nobru\midnightmega\calypsi\nav.o unit 4 section index 267)
        _Zp in (pseudoRegisters.o (from clib-45gs02-mega65.a) unit 15 section index 2)

do_dma in section 'code'  placed at address 00003f40-00003f55 of size 00000016
(F:\Entwicklungsprojekte\github-nobru\midnightmega\mega65-libc\src\memory.o unit 9 section index 2)
    Defines:
        do_dma = 00003f40
    References:
        dmalist in (F:\Entwicklungsprojekte\github-nobru\midnightmega\mega65-libc\src\memory.o unit 9 section index 24)
        mega65_io_enable in (F:\Entwicklungsprojekte\github-nobru\midnightmega\mega65-libc\src\memory.o unit 9 section index 11)
    Referenced from:
        lfill_skip (F:\Entwicklungsprojekte\github-nobru\midnightmega\mega65-libc\src\memory.o unit 9 section index 10)

`?L1313` in section 'code'
 placed at address 00003f56-00003f6c of size 00000017
(F:\Entwicklungsprojekte\github-nobru\midnightmega\calypsi\fileio.o unit 2 section index 50)
    References:
        BAMsector in (F:\Entwicklungsprojekte\github-nobru\midnightmega\calypsi\fileio.o unit 2 section index 2)
        _Zp in (pseudoRegisters.o (from clib-45gs02-mega65.a) unit 15 section index 2)

`?L609` in section 'code'  placed at address 00003f6d-00003f83 of size 00000017
(F:\Entwicklungsprojekte\github-nobru\midnightmega\calypsi\conioextensions.o unit 3 section index 42)
    References:
        _DivMod32 in (integer.o (from clib-45gs02-mega65.a) unit 25 section index 9)
        _Zp in (pseudoRegisters.o (from clib-45gs02-mega65.a) unit 15 section index 2)

`?L1912` in section 'code'
 placed at address 00003f84-00003f9a of size 00000017
(F:\Entwicklungsprojekte\github-nobru\midnightmega\calypsi\nav.o unit 4 section index 21)
    References:
        _Zp in (pseudoRegisters.o (from clib-45gs02-mega65.a) unit 15 section index 2)

`?L1939` in section 'code'
 placed at address 00003f9b-00003fb1 of size 00000017
(F:\Entwicklungsprojekte\github-nobru\midnightmega\calypsi\nav.o unit 4 section index 40)
    References:
        _Zp in (pseudoRegisters.o (from clib-45gs02-mega65.a) unit 15 section index 2)
        midnight in (F:\Entwicklungsprojekte\github-nobru\midnightmega\calypsi\nav.o unit 4 section index 2)

`?L1974` in section 'code'
 placed at address 00003fb2-00003fc8 of size 00000017
(F:\Entwicklungsprojekte\github-nobru\midnightmega\calypsi\nav.o unit 4 section index 63)
    References:
        _Zp in (pseudoRegisters.o (from clib-45gs02-mega65.a) unit 15 section index 2)
        taskblock in (F:\Entwicklungsprojekte\github-nobru\midnightmega\calypsi\hyppo.o unit 1 section index 4)

_FillQ in section 'code'  placed at address 00003fc9-00003fdf of size 00000017
(spill.o (from clib-45gs02-mega65.a) unit 29 section index 10)
    Defines:
        _FillQ = 00003fc9
    References:
        _Vsp in (pseudoRegisters.o (from clib-45gs02-mega65.a) unit 15 section index 2)
    Referenced from:
        getallhyppoentries (F:\Entwicklungsprojekte\github-nobru\midnightmega\calypsi\hyppo.o unit 1 section index 26)
        getdirententry (F:\Entwicklungsprojekte\github-nobru\midnightmega\calypsi\fileio.o unit 2 section index 34)
        getdirent (F:\Entwicklungsprojekte\github-nobru\midnightmega\calypsi\fileio.o unit 2 section index 35)
        writenewdirententry (F:\Entwicklungsprojekte\github-nobru\midnightmega\calypsi\fileio.o unit 2 section index 36)
        deletedirententry (F:\Entwicklungsprojekte\github-nobru\midnightmega\calypsi\fileio.o unit 2 section index 37)
        swapdirententry (F:\Entwicklungsprojekte\github-nobru\midnightmega\calypsi\fileio.o unit 2 section index 38)
        rewritedirent (F:\Entwicklungsprojekte\github-nobru\midnightmega\calypsi\fileio.o unit 2 section index 39)
        shortcuts (F:\Entwicklungsprojekte\github-nobru\midnightmega\calypsi\nav.o unit 4 section index 6)
        navi (F:\Entwicklungsprojekte\github-nobru\midnightmega\calypsi\nav.o unit 4 section index 17)
        usleep (F:\Entwicklungsprojekte\github-nobru\midnightmega\mega65-libc\src\hal.o unit 10 section index 2)
        strtol (lib_strtol.o (from clib-45gs02-mega65.a) unit 37 section index 2)
        strtoul (lib_strtoul.o (from clib-45gs02-mega65.a) unit 39 section index 2)

isblank in section 'code'  placed at address 00003fe0-00003ff6 of size 00000017
(ctype.o (from clib-45gs02-mega65.a) unit 43 section index 15)
    Defines:
        isblank = 00003fe0
    References:
        _Zp in (pseudoRegisters.o (from clib-45gs02-mega65.a) unit 15 section index 2)
        __ctype_ in (ctype.o (from clib-45gs02-mega65.a) unit 43 section index 19)

`?L57` in section 'code'  placed at address 00003ff7-0000400d of size 00000017
(lib_strtoul.o (from clib-45gs02-mega65.a) unit 39 section index 5)
    References:
        _Zp in (pseudoRegisters.o (from clib-45gs02-mega65.a) unit 15 section index 2)

`?L1375` in section 'code'
 placed at address 0000400e-00004025 of size 00000018
(F:\Entwicklungsprojekte\github-nobru\midnightmega\calypsi\fileio.o unit 2 section index 84)
    References:
        _Zp in (pseudoRegisters.o (from clib-45gs02-mega65.a) unit 15 section index 2)

`?L1924` in section 'code'
 placed at address 00004026-0000403d of size 00000018
(F:\Entwicklungsprojekte\github-nobru\midnightmega\calypsi\nav.o unit 4 section index 29)
    References:
        _Zp in (pseudoRegisters.o (from clib-45gs02-mega65.a) unit 15 section index 2)

`?L56` in section 'code'  placed at address 0000403e-00004055 of size 00000018
(lib_strtoul.o (from clib-45gs02-mega65.a) unit 39 section index 4)
    References:
        _Vsp in (pseudoRegisters.o (from clib-45gs02-mega65.a) unit 15 section index 2)
        _Zp in (pseudoRegisters.o (from clib-45gs02-mega65.a) unit 15 section index 2)

`?L1968` in section 'code'
 placed at address 00004056-0000406e of size 00000019
(F:\Entwicklungsprojekte\github-nobru\midnightmega\calypsi\nav.o unit 4 section index 60)
    References:
        _Vsp in (pseudoRegisters.o (from clib-45gs02-mega65.a) unit 15 section index 2)
        _Zp in (pseudoRegisters.o (from clib-45gs02-mega65.a) unit 15 section index 2)
        wherex in (F:\Entwicklungsprojekte\github-nobru\midnightmega\calypsi\conio.o unit 8 section index 37)

`?L1299` in section 'code'
 placed at address 0000406f-00004088 of size 0000001a
(F:\Entwicklungsprojekte\github-nobru\midnightmega\calypsi\fileio.o unit 2 section index 43)
    References:
        _Zp in (pseudoRegisters.o (from clib-45gs02-mega65.a) unit 15 section index 2)
        s in (F:\Entwicklungsprojekte\github-nobru\midnightmega\calypsi\nav.o unit 4 section index 137)

`?L1911` in section 'code'
 placed at address 00004089-000040a3 of size 0000001b
(F:\Entwicklungsprojekte\github-nobru\midnightmega\calypsi\nav.o unit 4 section index 20)
    References:
        _Zp in (pseudoRegisters.o (from clib-45gs02-mega65.a) unit 15 section index 2)
        direntflags in (F:\Entwicklungsprojekte\github-nobru\midnightmega\calypsi\fileio.o unit 2 section index 152)

`?L1962` in section 'code'
 placed at address 000040a4-000040be of size 0000001b
(F:\Entwicklungsprojekte\github-nobru\midnightmega\calypsi\nav.o unit 4 section index 56)
    References:
        _Zp in (pseudoRegisters.o (from clib-45gs02-mega65.a) unit 15 section index 2)
        hyppo_findfirst in (F:\Entwicklungsprojekte\github-nobru\midnightmega\calypsi\hyppo.o unit 1 section index 18)
        hyppo_setname in (F:\Entwicklungsprojekte\github-nobru\midnightmega\calypsi\hyppo.o unit 1 section index 10)

`?L1965` in section 'code'
 placed at address 000040bf-000040d9 of size 0000001b
(F:\Entwicklungsprojekte\github-nobru\midnightmega\calypsi\nav.o unit 4 section index 57)
    References:
        _Zp in (pseudoRegisters.o (from clib-45gs02-mega65.a) unit 15 section index 2)

`?L76` in section 'code'  placed at address 000040da-000040f4 of size 0000001b
(F:\Entwicklungsprojekte\github-nobru\midnightmega\mega65-libc\src\memory.o unit 9 section index 13)
    References:
        _Zp in (pseudoRegisters.o (from clib-45gs02-mega65.a) unit 15 section index 2)

mprintf in section 'code'  placed at address 000040f5-00004110 of size 0000001c
(F:\Entwicklungsprojekte\github-nobru\midnightmega\calypsi\conioextensions.o unit 3 section index 19)
    Defines:
        mprintf = 000040f5
    References:
        _RestoreRegisters in (enter.o (from clib-45gs02-mega65.a) unit 20 section index 4)
        _Zp in (pseudoRegisters.o (from clib-45gs02-mega65.a) unit 15 section index 2)
        csputdec in (F:\Entwicklungsprojekte\github-nobru\midnightmega\calypsi\conioextensions.o unit 3 section index 12)
    Referenced from:
        (F:\Entwicklungsprojekte\github-nobru\midnightmega\calypsi\conioextensions.o unit 3 section index 73)
        text (F:\Entwicklungsprojekte\github-nobru\midnightmega\calypsi\texts.o unit 5 section index 3)

`?L1959` in section 'code'
 placed at address 00004111-0000412c of size 0000001c
(F:\Entwicklungsprojekte\github-nobru\midnightmega\calypsi\nav.o unit 4 section index 54)
    References:
        _Zp in (pseudoRegisters.o (from clib-45gs02-mega65.a) unit 15 section index 2)
        legacyHDOSstate in (F:\Entwicklungsprojekte\github-nobru\midnightmega\calypsi\nav.o unit 4 section index 138)

mcputsxy in section 'code'
 placed at address 0000412d-00004149 of size 0000001d
(F:\Entwicklungsprojekte\github-nobru\midnightmega\calypsi\conioextensions.o unit 3 section index 23)
    Defines:
        mcputsxy = 0000412d
    References:
        _RestoreRegisters in (enter.o (from clib-45gs02-mega65.a) unit 20 section index 4)
        _Zp in (pseudoRegisters.o (from clib-45gs02-mega65.a) unit 15 section index 2)
        cputsxy in (F:\Entwicklungsprojekte\github-nobru\midnightmega\calypsi\conio.o unit 8 section index 49)
    Referenced from:
        ShowAccess (F:\Entwicklungsprojekte\github-nobru\midnightmega\calypsi\fileio.o unit 2 section index 5)
        optionstring (F:\Entwicklungsprojekte\github-nobru\midnightmega\calypsi\nav.o unit 4 section index 7)
        setupbox (F:\Entwicklungsprojekte\github-nobru\midnightmega\calypsi\nav.o unit 4 section index 8)
        menubox (F:\Entwicklungsprojekte\github-nobru\midnightmega\calypsi\nav.o unit 4 section index 9)
        rombox (F:\Entwicklungsprojekte\github-nobru\midnightmega\calypsi\nav.o unit 4 section index 13)
        navi (F:\Entwicklungsprojekte\github-nobru\midnightmega\calypsi\nav.o unit 4 section index 17)
        (F:\Entwicklungsprojekte\github-nobru\midnightmega\calypsi\nav.o unit 4 section index 35)
        (F:\Entwicklungsprojekte\github-nobru\midnightmega\calypsi\nav.o unit 4 section index 43)
        (F:\Entwicklungsprojekte\github-nobru\midnightmega\calypsi\nav.o unit 4 section index 52)
        (F:\Entwicklungsprojekte\github-nobru\midnightmega\calypsi\nav.o unit 4 section index 62)
        (F:\Entwicklungsprojekte\github-nobru\midnightmega\calypsi\nav.o unit 4 section index 79)
        romlist (F:\Entwicklungsprojekte\github-nobru\midnightmega\calypsi\romlist.o unit 7 section index 2)

helpbegin in section 'code'
 placed at address 0000414a-00004166 of size 0000001d
(F:\Entwicklungsprojekte\github-nobru\midnightmega\calypsi\nav.o unit 4 section index 10)
    Defines:
        helpbegin = 0000414a
    References:
        _Zp in (pseudoRegisters.o (from clib-45gs02-mega65.a) unit 15 section index 2)
        cputcxy in (F:\Entwicklungsprojekte\github-nobru\midnightmega\calypsi\conio.o unit 8 section index 50)
        text in (F:\Entwicklungsprojekte\github-nobru\midnightmega\calypsi\texts.o unit 5 section index 3)
    Referenced from:
        (F:\Entwicklungsprojekte\github-nobru\midnightmega\calypsi\nav.o unit 4 section index 105)

`?L1370` in section 'code'
 placed at address 00004167-00004184 of size 0000001e
(F:\Entwicklungsprojekte\github-nobru\midnightmega\calypsi\fileio.o unit 2 section index 80)
    References:
        ReadSector in (F:\Entwicklungsprojekte\github-nobru\midnightmega\calypsi\fileio.o unit 2 section index 8)
        _Zp in (pseudoRegisters.o (from clib-45gs02-mega65.a) unit 15 section index 2)

`?L602` in section 'code'  placed at address 00004185-000041a2 of size 0000001e
(F:\Entwicklungsprojekte\github-nobru\midnightmega\calypsi\conio.o unit 8 section index 79)
    References:
        _Zp in (pseudoRegisters.o (from clib-45gs02-mega65.a) unit 15 section index 2)

`?L1318` in section 'code'
 placed at address 000041a3-000041c1 of size 0000001f
(F:\Entwicklungsprojekte\github-nobru\midnightmega\calypsi\fileio.o unit 2 section index 53)
    References:
        `_StringLiteral_ Sector=` in (F:\Entwicklungsprojekte\github-nobru\midnightmega\calypsi\fileio.o unit 2 section index 158)
        _Zp in (pseudoRegisters.o (from clib-45gs02-mega65.a) unit 15 section index 2)
        cputlnd in (F:\Entwicklungsprojekte\github-nobru\midnightmega\calypsi\conioextensions.o unit 3 section index 31)
        mprintfd in (F:\Entwicklungsprojekte\github-nobru\midnightmega\calypsi\conioextensions.o unit 3 section index 25)

`?L1321` in section 'code'
 placed at address 000041c2-000041e0 of size 0000001f
(F:\Entwicklungsprojekte\github-nobru\midnightmega\calypsi\fileio.o unit 2 section index 54)
    References:
        _Zp in (pseudoRegisters.o (from clib-45gs02-mega65.a) unit 15 section index 2)

FreeBlocks in section 'code'
 placed at address 000041e1-00004200 of size 00000020
(F:\Entwicklungsprojekte\github-nobru\midnightmega\calypsi\fileio.o unit 2 section index 19)
    Defines:
        FreeBlocks = 000041e1
    References:
        GetBAM in (F:\Entwicklungsprojekte\github-nobru\midnightmega\calypsi\fileio.o unit 2 section index 14)
        _Zp in (pseudoRegisters.o (from clib-45gs02-mega65.a) unit 15 section index 2)
    Referenced from:
        UpdateSectors (F:\Entwicklungsprojekte\github-nobru\midnightmega\calypsi\nav.o unit 4 section index 15)

`?L1296` in section 'code'
 placed at address 00004201-00004220 of size 00000020
(F:\Entwicklungsprojekte\github-nobru\midnightmega\calypsi\fileio.o unit 2 section index 42)
    References:
        _Zp in (pseudoRegisters.o (from clib-45gs02-mega65.a) unit 15 section index 2)

`?L75` in section 'code'  placed at address 00004221-00004240 of size 00000020
(F:\Entwicklungsprojekte\github-nobru\midnightmega\mega65-libc\src\memory.o unit 9 section index 12)
    References:
        _Zp in (pseudoRegisters.o (from clib-45gs02-mega65.a) unit 15 section index 2)
        dmalist in (F:\Entwicklungsprojekte\github-nobru\midnightmega\mega65-libc\src\memory.o unit 9 section index 24)

strlen in section 'code'  placed at address 00004241-00004260 of size 00000020
(lib_strlen.o (from clib-45gs02-mega65.a) unit 27 section index 2)
    Defines:
        strlen = 00004241
    References:
        _Zp in (pseudoRegisters.o (from clib-45gs02-mega65.a) unit 15 section index 2)
    Referenced from:
        cputsxy (F:\Entwicklungsprojekte\github-nobru\midnightmega\calypsi\conio.o unit 8 section index 49)

`?L1364` in section 'code'
 placed at address 00004261-00004281 of size 00000021
(F:\Entwicklungsprojekte\github-nobru\midnightmega\calypsi\fileio.o unit 2 section index 77)
    References:
        _DivMod16 in (integer.o (from clib-45gs02-mega65.a) unit 25 section index 7)
        _Zp in (pseudoRegisters.o (from clib-45gs02-mega65.a) unit 15 section index 2)

`?L1366` in section 'code'
 placed at address 00004282-000042a2 of size 00000021
(F:\Entwicklungsprojekte\github-nobru\midnightmega\calypsi\fileio.o unit 2 section index 78)
    References:
        _DivMod16 in (integer.o (from clib-45gs02-mega65.a) unit 25 section index 7)
        _Zp in (pseudoRegisters.o (from clib-45gs02-mega65.a) unit 15 section index 2)

lfill in section 'code'  placed at address 000042a3-000042c3 of size 00000021
(F:\Entwicklungsprojekte\github-nobru\midnightmega\mega65-libc\src\memory.o unit 9 section index 9)
    Defines:
        lfill = 000042a3
    References:
        _Zp in (pseudoRegisters.o (from clib-45gs02-mega65.a) unit 15 section index 2)
        dmalist in (F:\Entwicklungsprojekte\github-nobru\midnightmega\mega65-libc\src\memory.o unit 9 section index 24)
    Referenced from:
        FormatPartition (F:\Entwicklungsprojekte\github-nobru\midnightmega\calypsi\fileio.o unit 2 section index 23)
        writenewdirententry (F:\Entwicklungsprojekte\github-nobru\midnightmega\calypsi\fileio.o unit 2 section index 36)
        (F:\Entwicklungsprojekte\github-nobru\midnightmega\calypsi\fileio.o unit 2 section index 144)
        mcbox (F:\Entwicklungsprojekte\github-nobru\midnightmega\calypsi\conioextensions.o unit 3 section index 34)
        shortcuts (F:\Entwicklungsprojekte\github-nobru\midnightmega\calypsi\nav.o unit 4 section index 6)
        romlist (F:\Entwicklungsprojekte\github-nobru\midnightmega\calypsi\romlist.o unit 7 section index 2)
        clrscr (F:\Entwicklungsprojekte\github-nobru\midnightmega\calypsi\conio.o unit 8 section index 22)
        cputsxy (F:\Entwicklungsprojekte\github-nobru\midnightmega\calypsi\conio.o unit 8 section index 49)
        cputncxy (F:\Entwicklungsprojekte\github-nobru\midnightmega\calypsi\conio.o unit 8 section index 51)
        fillrect (F:\Entwicklungsprojekte\github-nobru\midnightmega\calypsi\conio.o unit 8 section index 52)

_DeallocStackRestore in section 'code'
 placed at address 000042c4-000042e4 of size 00000021
(enter.o (from clib-45gs02-mega65.a) unit 20 section index 4)
    Defines:
        _RestoreRegisters = 000042c7
        _DeallocStackRestore = 000042c4
        _DeallocStack = 000042d5
    References:
        _DeallocStack in (enter.o (from clib-45gs02-mega65.a) unit 20 section index 4)
        _Vsp in (pseudoRegisters.o (from clib-45gs02-mega65.a) unit 15 section index 2)
        _Zp in (pseudoRegisters.o (from clib-45gs02-mega65.a) unit 15 section index 2)
    Referenced from:
        getallhyppoentries (F:\Entwicklungsprojekte\github-nobru\midnightmega\calypsi\hyppo.o unit 1 section index 26)
        ShowAccess (F:\Entwicklungsprojekte\github-nobru\midnightmega\calypsi\fileio.o unit 2 section index 5)
        WriteSector (F:\Entwicklungsprojekte\github-nobru\midnightmega\calypsi\fileio.o unit 2 section index 9)
        GetWholeSector (F:\Entwicklungsprojekte\github-nobru\midnightmega\calypsi\fileio.o unit 2 section index 10)
        GetOneSector (F:\Entwicklungsprojekte\github-nobru\midnightmega\calypsi\fileio.o unit 2 section index 11)
        PutOneSector (F:\Entwicklungsprojekte\github-nobru\midnightmega\calypsi\fileio.o unit 2 section index 13)
        PutBAM (F:\Entwicklungsprojekte\github-nobru\midnightmega\calypsi\fileio.o unit 2 section index 15)
        BAMCheckSizeinFilebuffer (F:\Entwicklungsprojekte\github-nobru\midnightmega\calypsi\fileio.o unit 2 section index 20)
        ... 53 more

`?L1363` in section 'code'
 placed at address 000042e5-00004306 of size 00000022
(F:\Entwicklungsprojekte\github-nobru\midnightmega\calypsi\fileio.o unit 2 section index 76)
    References:
        _Zp in (pseudoRegisters.o (from clib-45gs02-mega65.a) unit 15 section index 2)

`?L598` in section 'code'  placed at address 00004307-00004329 of size 00000023
(F:\Entwicklungsprojekte\github-nobru\midnightmega\calypsi\conio.o unit 8 section index 75)
    References:
        _Zp in (pseudoRegisters.o (from clib-45gs02-mega65.a) unit 15 section index 2)

`?L1300` in section 'code'
 placed at address 0000432a-0000434e of size 00000025
(F:\Entwicklungsprojekte\github-nobru\midnightmega\calypsi\fileio.o unit 2 section index 44)
    References:
        _Zp in (pseudoRegisters.o (from clib-45gs02-mega65.a) unit 15 section index 2)

`?L1351` in section 'code'
 placed at address 0000434f-00004374 of size 00000026
(F:\Entwicklungsprojekte\github-nobru\midnightmega\calypsi\fileio.o unit 2 section index 67)
    References:
        _LoadVspEA in (stack.o (from clib-45gs02-mega65.a) unit 26 section index 6)
        _Vsp in (pseudoRegisters.o (from clib-45gs02-mega65.a) unit 15 section index 2)
        _Zp in (pseudoRegisters.o (from clib-45gs02-mega65.a) unit 15 section index 2)
        findnextBAMtracksector in (F:\Entwicklungsprojekte\github-nobru\midnightmega\calypsi\fileio.o unit 2 section index 28)

strcopy in section 'code'  placed at address 00004375-0000439a of size 00000026
(F:\Entwicklungsprojekte\github-nobru\midnightmega\calypsi\conioextensions.o unit 3 section index 6)
    Defines:
        strcopy = 00004375
    References:
        _Zp in (pseudoRegisters.o (from clib-45gs02-mega65.a) unit 15 section index 2)
    Referenced from:
        FormatPartition (F:\Entwicklungsprojekte\github-nobru\midnightmega\calypsi\fileio.o unit 2 section index 23)
        getDiskname (F:\Entwicklungsprojekte\github-nobru\midnightmega\calypsi\fileio.o unit 2 section index 25)
        renamedisk (F:\Entwicklungsprojekte\github-nobru\midnightmega\calypsi\fileio.o unit 2 section index 40)
        UpdateSectors (F:\Entwicklungsprojekte\github-nobru\midnightmega\calypsi\nav.o unit 4 section index 15)
        (F:\Entwicklungsprojekte\github-nobru\midnightmega\calypsi\nav.o unit 4 section index 97)

strcpy in section 'code'  placed at address 0000439b-000043c1 of size 00000027
(lib_strcpy.o (from clib-45gs02-mega65.a) unit 31 section index 2)
    Defines:
        strcpy = 0000439b
    References:
        _Zp in (pseudoRegisters.o (from clib-45gs02-mega65.a) unit 15 section index 2)
    Referenced from:
        hyppo_setname (F:\Entwicklungsprojekte\github-nobru\midnightmega\calypsi\hyppo.o unit 1 section index 10)
        getallhyppoentries (F:\Entwicklungsprojekte\github-nobru\midnightmega\calypsi\hyppo.o unit 1 section index 26)
        navi (F:\Entwicklungsprojekte\github-nobru\midnightmega\calypsi\nav.o unit 4 section index 17)
        romlist (F:\Entwicklungsprojekte\github-nobru\midnightmega\calypsi\romlist.o unit 7 section index 2)

petsciitoscreencode in section 'code'
 placed at address 000043c2-000043e9 of size 00000028
(F:\Entwicklungsprojekte\github-nobru\midnightmega\calypsi\conio.o unit 8 section index 6)
    Defines:
        petsciitoscreencode = 000043c2
    Referenced from:
        cputcctrl (F:\Entwicklungsprojekte\github-nobru\midnightmega\calypsi\conioextensions.o unit 3 section index 15)
        petsciitoscreencode_s (F:\Entwicklungsprojekte\github-nobru\midnightmega\calypsi\conio.o unit 8 section index 7)

hyppo_setname in section 'code'
 placed at address 000043ea-00004413 of size 0000002a
(F:\Entwicklungsprojekte\github-nobru\midnightmega\calypsi\hyppo.o unit 1 section index 10)
    Defines:
        hyppo_setname = 000043ea
    References:
        _Zp in (pseudoRegisters.o (from clib-45gs02-mega65.a) unit 15 section index 2)
        hyppofn in (F:\Entwicklungsprojekte\github-nobru\midnightmega\calypsi\hyppo.o unit 1 section index 2)
        strcpy in (lib_strcpy.o (from clib-45gs02-mega65.a) unit 31 section index 2)
    Referenced from:
        navi (F:\Entwicklungsprojekte\github-nobru\midnightmega\calypsi\nav.o unit 4 section index 17)
        (F:\Entwicklungsprojekte\github-nobru\midnightmega\calypsi\nav.o unit 4 section index 56)
        (F:\Entwicklungsprojekte\github-nobru\midnightmega\calypsi\nav.o unit 4 section index 66)
        romlist (F:\Entwicklungsprojekte\github-nobru\midnightmega\calypsi\romlist.o unit 7 section index 2)

_Mul16 in section 'code'  placed at address 00004414-0000443e of size 0000002b
(integer.o (from clib-45gs02-mega65.a) unit 25 section index 3)
    Defines:
        _Mul16 = 00004414
    References:
        _Zp in (pseudoRegisters.o (from clib-45gs02-mega65.a) unit 15 section index 2)
    Referenced from:
        mcbox (F:\Entwicklungsprojekte\github-nobru\midnightmega\calypsi\conioextensions.o unit 3 section index 34)
        clrscr (F:\Entwicklungsprojekte\github-nobru\midnightmega\calypsi\conio.o unit 8 section index 22)

__memset_far in section 'code'
 placed at address 0000443f-00004469 of size 0000002b
(memset_far.o (from clib-45gs02-mega65.a) unit 48 section index 2)
    Defines:
        __memset_far = 0000443f
    References:
        _Zp in (pseudoRegisters.o (from clib-45gs02-mega65.a) unit 15 section index 2)
    Referenced from:
        __initialize_sections (initialize.o (from clib-45gs02-mega65.a) unit 46 section index 2)

GetOneSector in section 'code'
 placed at address 0000446a-00004495 of size 0000002c
(F:\Entwicklungsprojekte\github-nobru\midnightmega\calypsi\fileio.o unit 2 section index 11)
    Defines:
        GetOneSector = 0000446a
    References:
        _RestoreRegisters in (enter.o (from clib-45gs02-mega65.a) unit 20 section index 4)
        _Zp in (pseudoRegisters.o (from clib-45gs02-mega65.a) unit 15 section index 2)
    Referenced from:
        getDiskname (F:\Entwicklungsprojekte\github-nobru\midnightmega\calypsi\fileio.o unit 2 section index 25)
        deleteblockchain (F:\Entwicklungsprojekte\github-nobru\midnightmega\calypsi\fileio.o unit 2 section index 30)
        renamedisk (F:\Entwicklungsprojekte\github-nobru\midnightmega\calypsi\fileio.o unit 2 section index 40)
        (F:\Entwicklungsprojekte\github-nobru\midnightmega\calypsi\fileio.o unit 2 section index 92)

_AllocStackSave in section 'code'
 placed at address 00004496-000044c1 of size 0000002c
(enter.o (from clib-45gs02-mega65.a) unit 20 section index 2)
    Defines:
        _AllocStackSave = 00004496
        _AllocStack = 000044b0
    References:
        _Vsp in (pseudoRegisters.o (from clib-45gs02-mega65.a) unit 15 section index 2)
        _Zp in (pseudoRegisters.o (from clib-45gs02-mega65.a) unit 15 section index 2)
    Referenced from:
        getallhyppoentries (F:\Entwicklungsprojekte\github-nobru\midnightmega\calypsi\hyppo.o unit 1 section index 26)
        ShowAccess (F:\Entwicklungsprojekte\github-nobru\midnightmega\calypsi\fileio.o unit 2 section index 5)
        GetWholeSector (F:\Entwicklungsprojekte\github-nobru\midnightmega\calypsi\fileio.o unit 2 section index 10)
        FreeTracks (F:\Entwicklungsprojekte\github-nobru\midnightmega\calypsi\fileio.o unit 2 section index 22)
        getDiskname (F:\Entwicklungsprojekte\github-nobru\midnightmega\calypsi\fileio.o unit 2 section index 25)
        readblockchain (F:\Entwicklungsprojekte\github-nobru\midnightmega\calypsi\fileio.o unit 2 section index 26)
        findnextBAMtracksector (F:\Entwicklungsprojekte\github-nobru\midnightmega\calypsi\fileio.o unit 2 section index 28)
        writeblockchain (F:\Entwicklungsprojekte\github-nobru\midnightmega\calypsi\fileio.o unit 2 section index 29)
        ... 42 more

`?L587` in section 'code'  placed at address 000044c2-000044ee of size 0000002d
(F:\Entwicklungsprojekte\github-nobru\midnightmega\calypsi\conio.o unit 8 section index 68)
    References:
        _Zp in (pseudoRegisters.o (from clib-45gs02-mega65.a) unit 15 section index 2)

`?L1295` in section 'code'
 placed at address 000044ef-0000451c of size 0000002e
(F:\Entwicklungsprojekte\github-nobru\midnightmega\calypsi\fileio.o unit 2 section index 41)
    References:
        _Zp in (pseudoRegisters.o (from clib-45gs02-mega65.a) unit 15 section index 2)

`?L1307` in section 'code'
 placed at address 0000451d-0000454a of size 0000002e
(F:\Entwicklungsprojekte\github-nobru\midnightmega\calypsi\fileio.o unit 2 section index 48)
    References:
        _Zp in (pseudoRegisters.o (from clib-45gs02-mega65.a) unit 15 section index 2)

strmakefilename in section 'code'
 placed at address 0000454b-00004579 of size 0000002f
(F:\Entwicklungsprojekte\github-nobru\midnightmega\calypsi\conioextensions.o unit 3 section index 7)
    Defines:
        strmakefilename = 0000454b
    References:
        _Zp in (pseudoRegisters.o (from clib-45gs02-mega65.a) unit 15 section index 2)
    Referenced from:
        (F:\Entwicklungsprojekte\github-nobru\midnightmega\calypsi\nav.o unit 4 section index 127)

`?L1930` in section 'code'
 placed at address 0000457a-000045a8 of size 0000002f
(F:\Entwicklungsprojekte\github-nobru\midnightmega\calypsi\nav.o unit 4 section index 35)
    References:
        `_StringLiteral_ Midnight Mega ` in (F:\Entwicklungsprojekte\github-nobru\midnightmega\calypsi\nav.o unit 4 section index 164)
        _Zp in (pseudoRegisters.o (from clib-45gs02-mega65.a) unit 15 section index 2)
        mcbox in (F:\Entwicklungsprojekte\github-nobru\midnightmega\calypsi\conioextensions.o unit 3 section index 34)
        mcputsxy in (F:\Entwicklungsprojekte\github-nobru\midnightmega\calypsi\conioextensions.o unit 3 section index 23)
        revers in (F:\Entwicklungsprojekte\github-nobru\midnightmega\calypsi\conio.o unit 8 section index 27)

usleep in section 'code'  placed at address 000045a9-000045d8 of size 00000030
(F:\Entwicklungsprojekte\github-nobru\midnightmega\mega65-libc\src\hal.o unit 10 section index 2)
    Defines:
        usleep = 000045a9
    References:
        _FillQ in (spill.o (from clib-45gs02-mega65.a) unit 29 section index 10)
        _SpillZP in (spill.o (from clib-45gs02-mega65.a) unit 29 section index 8)
        _Zp in (pseudoRegisters.o (from clib-45gs02-mega65.a) unit 15 section index 2)
    Referenced from:
        navi (F:\Entwicklungsprojekte\github-nobru\midnightmega\calypsi\nav.o unit 4 section index 17)
        (F:\Entwicklungsprojekte\github-nobru\midnightmega\calypsi\sid.o unit 6 section index 5)

`?L1302` in section 'code'
 placed at address 000045d9-0000460a of size 00000032
(F:\Entwicklungsprojekte\github-nobru\midnightmega\calypsi\fileio.o unit 2 section index 45)
    References:
        _Zp in (pseudoRegisters.o (from clib-45gs02-mega65.a) unit 15 section index 2)

cellcolor in section 'code'
 placed at address 0000460b-0000463c of size 00000032
(F:\Entwicklungsprojekte\github-nobru\midnightmega\calypsi\conio.o unit 8 section index 26)
    Defines:
        cellcolor = 0000460b
    References:
        _Mul8 in (integer.o (from clib-45gs02-mega65.a) unit 25 section index 2)
        _Zp in (pseudoRegisters.o (from clib-45gs02-mega65.a) unit 15 section index 2)
        lpoke in (F:\Entwicklungsprojekte\github-nobru\midnightmega\mega65-libc\src\memory.o unit 9 section index 6)
    Referenced from:
        mcbox (F:\Entwicklungsprojekte\github-nobru\midnightmega\calypsi\conioextensions.o unit 3 section index 34)

_Mul8 in section 'code'  placed at address 0000463d-0000466e of size 00000032
(integer.o (from clib-45gs02-mega65.a) unit 25 section index 2)
    Defines:
        _Mul8 = 0000463d
    References:
        _Zp in (pseudoRegisters.o (from clib-45gs02-mega65.a) unit 15 section index 2)
    Referenced from:
        (F:\Entwicklungsprojekte\github-nobru\midnightmega\calypsi\nav.o unit 4 section index 78)
        (F:\Entwicklungsprojekte\github-nobru\midnightmega\calypsi\nav.o unit 4 section index 92)
        clrscr (F:\Entwicklungsprojekte\github-nobru\midnightmega\calypsi\conio.o unit 8 section index 22)
        cellcolor (F:\Entwicklungsprojekte\github-nobru\midnightmega\calypsi\conio.o unit 8 section index 26)
        (F:\Entwicklungsprojekte\github-nobru\midnightmega\calypsi\conio.o unit 8 section index 83)

_UDivMod16 in section 'code'
 placed at address 0000466f-000046a0 of size 00000032
(integer.o (from clib-45gs02-mega65.a) unit 25 section index 8)
    Defines:
        _UDivMod16 = 0000466f
    References:
        _Zp in (pseudoRegisters.o (from clib-45gs02-mega65.a) unit 15 section index 2)
    Referenced from:
        (F:\Entwicklungsprojekte\github-nobru\midnightmega\calypsi\fileio.o unit 2 section index 113)
        (F:\Entwicklungsprojekte\github-nobru\midnightmega\calypsi\nav.o unit 4 section index 86)
        _DivMod16 (integer.o (from clib-45gs02-mega65.a) unit 25 section index 7)

GetBAM in section 'code'  placed at address 000046a1-000046d7 of size 00000037
(F:\Entwicklungsprojekte\github-nobru\midnightmega\calypsi\fileio.o unit 2 section index 14)
    Defines:
        GetBAM = 000046a1
    References:
        BAMsector in (F:\Entwicklungsprojekte\github-nobru\midnightmega\calypsi\fileio.o unit 2 section index 2)
        _Zp in (pseudoRegisters.o (from clib-45gs02-mega65.a) unit 15 section index 2)
        lcopy in (F:\Entwicklungsprojekte\github-nobru\midnightmega\mega65-libc\src\memory.o unit 9 section index 8)
    Referenced from:
        FreeBlocks (F:\Entwicklungsprojekte\github-nobru\midnightmega\calypsi\fileio.o unit 2 section index 19)
        FreeTracks (F:\Entwicklungsprojekte\github-nobru\midnightmega\calypsi\fileio.o unit 2 section index 22)
        BAMAllocateTracks (F:\Entwicklungsprojekte\github-nobru\midnightmega\calypsi\fileio.o unit 2 section index 24)
        navi (F:\Entwicklungsprojekte\github-nobru\midnightmega\calypsi\nav.o unit 4 section index 17)

main in section 'code'  placed at address 000046d8-0000470f of size 00000038
(F:\Entwicklungsprojekte\github-nobru\midnightmega\calypsi\midnightmega.o unit 0 section index 17)
    Defines:
        main = 000046d8
    References:
        `_StringLiteral_Have fun with your MEGA65!` in (F:\Entwicklungsprojekte\github-nobru\midnightmega\calypsi\midnightmega.o unit 0 section index 37)
        _Zp in (pseudoRegisters.o (from clib-45gs02-mega65.a) unit 15 section index 2)
        bgcolor in (F:\Entwicklungsprojekte\github-nobru\midnightmega\calypsi\conio.o unit 8 section index 24)
        bordercolor in (F:\Entwicklungsprojekte\github-nobru\midnightmega\calypsi\conio.o unit 8 section index 23)
        clrhome in (F:\Entwicklungsprojekte\github-nobru\midnightmega\calypsi\conioextensions.o unit 3 section index 16)
        conioinit in (F:\Entwicklungsprojekte\github-nobru\midnightmega\calypsi\conio.o unit 8 section index 5)
        msprintf in (F:\Entwicklungsprojekte\github-nobru\midnightmega\calypsi\conioextensions.o unit 3 section index 18)
        navi in (F:\Entwicklungsprojekte\github-nobru\midnightmega\calypsi\nav.o unit 4 section index 17)
        setscreensize in (F:\Entwicklungsprojekte\github-nobru\midnightmega\calypsi\conio.o unit 8 section index 14)
        textcolor in (F:\Entwicklungsprojekte\github-nobru\midnightmega\calypsi\conio.o unit 8 section index 25)
    Referenced from:
        (commodore-startup.o (from sdk-45gs02-mega65.a) unit 13 section index 10)

BAM2Attic in section 'code'
 placed at address 00004710-00004747 of size 00000038
(F:\Entwicklungsprojekte\github-nobru\midnightmega\calypsi\fileio.o unit 2 section index 16)
    Defines:
        BAM2Attic = 00004710
    References:
        _IncVsp in (stack.o (from clib-45gs02-mega65.a) unit 26 section index 3)
        _Zp in (pseudoRegisters.o (from clib-45gs02-mega65.a) unit 15 section index 2)
        readblockchain in (F:\Entwicklungsprojekte\github-nobru\midnightmega\calypsi\fileio.o unit 2 section index 26)
    Referenced from:
        UpdateSectors (F:\Entwicklungsprojekte\github-nobru\midnightmega\calypsi\nav.o unit 4 section index 15)

BAMAllocateTracks in section 'code'
 placed at address 00004748-00004781 of size 0000003a
(F:\Entwicklungsprojekte\github-nobru\midnightmega\calypsi\fileio.o unit 2 section index 24)
    Defines:
        BAMAllocateTracks = 00004748
    References:
        BAMSectorUpdate in (F:\Entwicklungsprojekte\github-nobru\midnightmega\calypsi\fileio.o unit 2 section index 17)
        GetBAM in (F:\Entwicklungsprojekte\github-nobru\midnightmega\calypsi\fileio.o unit 2 section index 14)
        _RestoreRegisters in (enter.o (from clib-45gs02-mega65.a) unit 20 section index 4)
        _Zp in (pseudoRegisters.o (from clib-45gs02-mega65.a) unit 15 section index 2)
    Referenced from:
        navi (F:\Entwicklungsprojekte\github-nobru\midnightmega\calypsi\nav.o unit 4 section index 17)

asciitoscreencode in section 'code'
 placed at address 00004782-000047bd of size 0000003c
(F:\Entwicklungsprojekte\github-nobru\midnightmega\calypsi\conioextensions.o unit 3 section index 13)
    Defines:
        asciitoscreencode = 00004782
    Referenced from:
        asciitoscreencode_s (F:\Entwicklungsprojekte\github-nobru\midnightmega\calypsi\conioextensions.o unit 3 section index 14)
        mcputc (F:\Entwicklungsprojekte\github-nobru\midnightmega\calypsi\conioextensions.o unit 3 section index 17)

getscreenaddr in section 'code'
 placed at address 000047be-000047fa of size 0000003d
(F:\Entwicklungsprojekte\github-nobru\midnightmega\calypsi\conio.o unit 8 section index 9)
    Defines:
        getscreenaddr = 000047be
    References:
        _Zp in (pseudoRegisters.o (from clib-45gs02-mega65.a) unit 15 section index 2)
    Referenced from:
        shortcuts (F:\Entwicklungsprojekte\github-nobru\midnightmega\calypsi\nav.o unit 4 section index 6)

__memcpy_far in section 'code'
 placed at address 000047fb-00004837 of size 0000003d
(memcpy_far.o (from clib-45gs02-mega65.a) unit 49 section index 2)
    Defines:
        __memcpy_far = 000047fb
    References:
        _Vsp in (pseudoRegisters.o (from clib-45gs02-mega65.a) unit 15 section index 2)
        _Zp in (pseudoRegisters.o (from clib-45gs02-mega65.a) unit 15 section index 2)
    Referenced from:
        __initialize_sections (initialize.o (from clib-45gs02-mega65.a) unit 46 section index 2)

`?L1335` in section 'code'
 placed at address 00004838-00004875 of size 0000003e
(F:\Entwicklungsprojekte\github-nobru\midnightmega\calypsi\fileio.o unit 2 section index 60)
    References:
        _DivMod16 in (integer.o (from clib-45gs02-mega65.a) unit 25 section index 7)
        _Zp in (pseudoRegisters.o (from clib-45gs02-mega65.a) unit 15 section index 2)

conioinit in section 'code'
 placed at address 00004876-000048b5 of size 00000040
(F:\Entwicklungsprojekte\github-nobru\midnightmega\calypsi\conio.o unit 8 section index 5)
    Defines:
        conioinit = 00004876
    References:
        _Zp in (pseudoRegisters.o (from clib-45gs02-mega65.a) unit 15 section index 2)
        flushkeybuf in (F:\Entwicklungsprojekte\github-nobru\midnightmega\calypsi\conio.o unit 8 section index 59)
        sethotregs in (F:\Entwicklungsprojekte\github-nobru\midnightmega\calypsi\conio.o unit 8 section index 17)
    Referenced from:
        main (F:\Entwicklungsprojekte\github-nobru\midnightmega\calypsi\midnightmega.o unit 0 section index 17)

_SpillZP in section 'code'
 placed at address 000048b6-000048f5 of size 00000040
(spill.o (from clib-45gs02-mega65.a) unit 29 section index 8)
    Defines:
        _SpillZP = 000048b6
    References:
        _Temp in (pseudoRegisters.o (from clib-45gs02-mega65.a) unit 15 section index 2)
        _Vsp in (pseudoRegisters.o (from clib-45gs02-mega65.a) unit 15 section index 2)
    Referenced from:
        getallhyppoentries (F:\Entwicklungsprojekte\github-nobru\midnightmega\calypsi\hyppo.o unit 1 section index 26)
        getdirententry (F:\Entwicklungsprojekte\github-nobru\midnightmega\calypsi\fileio.o unit 2 section index 34)
        getdirent (F:\Entwicklungsprojekte\github-nobru\midnightmega\calypsi\fileio.o unit 2 section index 35)
        writenewdirententry (F:\Entwicklungsprojekte\github-nobru\midnightmega\calypsi\fileio.o unit 2 section index 36)
        deletedirententry (F:\Entwicklungsprojekte\github-nobru\midnightmega\calypsi\fileio.o unit 2 section index 37)
        swapdirententry (F:\Entwicklungsprojekte\github-nobru\midnightmega\calypsi\fileio.o unit 2 section index 38)
        rewritedirent (F:\Entwicklungsprojekte\github-nobru\midnightmega\calypsi\fileio.o unit 2 section index 39)
        shortcuts (F:\Entwicklungsprojekte\github-nobru\midnightmega\calypsi\nav.o unit 4 section index 6)
        navi (F:\Entwicklungsprojekte\github-nobru\midnightmega\calypsi\nav.o unit 4 section index 17)
        usleep (F:\Entwicklungsprojekte\github-nobru\midnightmega\mega65-libc\src\hal.o unit 10 section index 2)
        strtol (lib_strtol.o (from clib-45gs02-mega65.a) unit 37 section index 2)
        strtoul (lib_strtoul.o (from clib-45gs02-mega65.a) unit 39 section index 2)

__lib_skipspace in section 'code'
 placed at address 000048f6-00004935 of size 00000040
(lib_skipspace.o (from clib-45gs02-mega65.a) unit 42 section index 2)
    Defines:
        __lib_skipspace = 000048f6
    References:
        _AllocStackSave in (enter.o (from clib-45gs02-mega65.a) unit 20 section index 2)
        _RestoreRegisters in (enter.o (from clib-45gs02-mega65.a) unit 20 section index 4)
        _Zp in (pseudoRegisters.o (from clib-45gs02-mega65.a) unit 15 section index 2)
        isspace in (ctype.o (from clib-45gs02-mega65.a) unit 43 section index 10)
    Referenced from:
        strtol (lib_strtol.o (from clib-45gs02-mega65.a) unit 37 section index 2)
        strtoul (lib_strtoul.o (from clib-45gs02-mega65.a) unit 39 section index 2)

_miniInit in section 'code'
 placed at address 00004936-00004976 of size 00000041
(F:\Entwicklungsprojekte\github-nobru\midnightmega\calypsi\fileio.o unit 2 section index 6)
    Defines:
        _miniInit = 00004936
    References:
        `_StringLiteral_ ` in (F:\Entwicklungsprojekte\github-nobru\midnightmega\calypsi\nav.o unit 4 section index 145)
        `_StringLiteral__miniinit SECTBUF 32addr is: ` in (F:\Entwicklungsprojekte\github-nobru\midnightmega\calypsi\fileio.o unit 2 section index 173)
        _Zp in (pseudoRegisters.o (from clib-45gs02-mega65.a) unit 15 section index 2)
        cputlnd in (F:\Entwicklungsprojekte\github-nobru\midnightmega\calypsi\conioextensions.o unit 3 section index 31)
        mh4printfd in (F:\Entwicklungsprojekte\github-nobru\midnightmega\calypsi\conioextensions.o unit 3 section index 27)
        prevtrack in (F:\Entwicklungsprojekte\github-nobru\midnightmega\calypsi\fileio.o unit 2 section index 150)
    Referenced from:
        navi (F:\Entwicklungsprojekte\github-nobru\midnightmega\calypsi\nav.o unit 4 section index 17)

cgetcalt in section 'code'
 placed at address 00004977-000049b7 of size 00000041
(F:\Entwicklungsprojekte\github-nobru\midnightmega\calypsi\nav.o unit 4 section index 14)
    Defines:
        cgetcalt = 00004977
    References:
        _Zp in (pseudoRegisters.o (from clib-45gs02-mega65.a) unit 15 section index 2)
        getkeymodstate in (F:\Entwicklungsprojekte\github-nobru\midnightmega\calypsi\conio.o unit 8 section index 57)
        shortcuts in (F:\Entwicklungsprojekte\github-nobru\midnightmega\calypsi\nav.o unit 4 section index 6)
    Referenced from:
        navi (F:\Entwicklungsprojekte\github-nobru\midnightmega\calypsi\nav.o unit 4 section index 17)

_FillZP in section 'code'  placed at address 000049b8-000049f9 of size 00000042
(spill.o (from clib-45gs02-mega65.a) unit 29 section index 9)
    Defines:
        _FillZP = 000049b8
    References:
        _Temp in (pseudoRegisters.o (from clib-45gs02-mega65.a) unit 15 section index 2)
        _Vsp in (pseudoRegisters.o (from clib-45gs02-mega65.a) unit 15 section index 2)
    Referenced from:
        deletedirententry (F:\Entwicklungsprojekte\github-nobru\midnightmega\calypsi\fileio.o unit 2 section index 37)

mstrcmp in section 'code'  placed at address 000049fa-00004a3c of size 00000043
(F:\Entwicklungsprojekte\github-nobru\midnightmega\calypsi\conioextensions.o unit 3 section index 8)
    Defines:
        mstrcmp = 000049fa
    References:
        _Zp in (pseudoRegisters.o (from clib-45gs02-mega65.a) unit 15 section index 2)
    Referenced from:
        navi (F:\Entwicklungsprojekte\github-nobru\midnightmega\calypsi\nav.o unit 4 section index 17)

GetWholeSector in section 'code'
 placed at address 00004a3d-00004a81 of size 00000045
(F:\Entwicklungsprojekte\github-nobru\midnightmega\calypsi\fileio.o unit 2 section index 10)
    Defines:
        GetWholeSector = 00004a3d
    References:
        _AllocStackSave in (enter.o (from clib-45gs02-mega65.a) unit 20 section index 2)
        _RestoreRegisters in (enter.o (from clib-45gs02-mega65.a) unit 20 section index 4)
        _Zp in (pseudoRegisters.o (from clib-45gs02-mega65.a) unit 15 section index 2)
    Referenced from:
        copywholedisk (F:\Entwicklungsprojekte\github-nobru\midnightmega\calypsi\fileio.o unit 2 section index 32)

`?L1325` in section 'code'
 placed at address 00004a82-00004ac8 of size 00000047
(F:\Entwicklungsprojekte\github-nobru\midnightmega\calypsi\fileio.o unit 2 section index 57)
    References:
        `_StringLiteral_ $d082U=` in (F:\Entwicklungsprojekte\github-nobru\midnightmega\calypsi\fileio.o unit 2 section index 156)
        `_StringLiteral_ Sector=` in (F:\Entwicklungsprojekte\github-nobru\midnightmega\calypsi\fileio.o unit 2 section index 158)
        _Zp in (pseudoRegisters.o (from clib-45gs02-mega65.a) unit 15 section index 2)
        bordercolor in (F:\Entwicklungsprojekte\github-nobru\midnightmega\calypsi\conio.o unit 8 section index 23)
        cgetcd in (F:\Entwicklungsprojekte\github-nobru\midnightmega\calypsi\conioextensions.o unit 3 section index 32)
        cputlnd in (F:\Entwicklungsprojekte\github-nobru\midnightmega\calypsi\conioextensions.o unit 3 section index 31)
        mhprintfd in (F:\Entwicklungsprojekte\github-nobru\midnightmega\calypsi\conioextensions.o unit 3 section index 26)
        mprintfd in (F:\Entwicklungsprojekte\github-nobru\midnightmega\calypsi\conioextensions.o unit 3 section index 25)

petsciitoscreencode_s in section 'code'
 placed at address 00004ac9-00004b10 of size 00000048
(F:\Entwicklungsprojekte\github-nobru\midnightmega\calypsi\conio.o unit 8 section index 7)
    Defines:
        petsciitoscreencode_s = 00004ac9
    References:
        _AllocStackSave in (enter.o (from clib-45gs02-mega65.a) unit 20 section index 2)
        _RestoreRegisters in (enter.o (from clib-45gs02-mega65.a) unit 20 section index 4)
        _Zp in (pseudoRegisters.o (from clib-45gs02-mega65.a) unit 15 section index 2)
        petsciitoscreencode in (F:\Entwicklungsprojekte\github-nobru\midnightmega\calypsi\conio.o unit 8 section index 6)
    Referenced from:
        navi (F:\Entwicklungsprojekte\github-nobru\midnightmega\calypsi\nav.o unit 4 section index 17)

dma_poke in section 'code'
 placed at address 00004b11-00004b58 of size 00000048
(F:\Entwicklungsprojekte\github-nobru\midnightmega\mega65-libc\src\memory.o unit 9 section index 7)
    Defines:
        dma_poke = 00004b11
    References:
        _Zp in (pseudoRegisters.o (from clib-45gs02-mega65.a) unit 15 section index 2)
        dma_byte in (F:\Entwicklungsprojekte\github-nobru\midnightmega\mega65-libc\src\memory.o unit 9 section index 25)
        dmalist in (F:\Entwicklungsprojekte\github-nobru\midnightmega\mega65-libc\src\memory.o unit 9 section index 24)
    Referenced from:
        lpoke (F:\Entwicklungsprojekte\github-nobru\midnightmega\mega65-libc\src\memory.o unit 9 section index 6)

shortcutprint in section 'code'
 placed at address 00004b59-00004ba1 of size 00000049
(F:\Entwicklungsprojekte\github-nobru\midnightmega\calypsi\nav.o unit 4 section index 5)
    Defines:
        shortcutprint = 00004b59
    References:
        _AllocStackSave in (enter.o (from clib-45gs02-mega65.a) unit 20 section index 2)
        _RestoreRegisters in (enter.o (from clib-45gs02-mega65.a) unit 20 section index 4)
        _Zp in (pseudoRegisters.o (from clib-45gs02-mega65.a) unit 15 section index 2)
        msprintf in (F:\Entwicklungsprojekte\github-nobru\midnightmega\calypsi\conioextensions.o unit 3 section index 18)
        revers in (F:\Entwicklungsprojekte\github-nobru\midnightmega\calypsi\conio.o unit 8 section index 27)
        textcolor in (F:\Entwicklungsprojekte\github-nobru\midnightmega\calypsi\conio.o unit 8 section index 25)
    Referenced from:
        shortcuts (F:\Entwicklungsprojekte\github-nobru\midnightmega\calypsi\nav.o unit 4 section index 6)
        (F:\Entwicklungsprojekte\github-nobru\midnightmega\calypsi\nav.o unit 4 section index 25)
        (F:\Entwicklungsprojekte\github-nobru\midnightmega\calypsi\nav.o unit 4 section index 68)
        (F:\Entwicklungsprojekte\github-nobru\midnightmega\calypsi\nav.o unit 4 section index 69)
        (F:\Entwicklungsprojekte\github-nobru\midnightmega\calypsi\nav.o unit 4 section index 70)
        (F:\Entwicklungsprojekte\github-nobru\midnightmega\calypsi\nav.o unit 4 section index 81)
        (F:\Entwicklungsprojekte\github-nobru\midnightmega\calypsi\nav.o unit 4 section index 89)
        (F:\Entwicklungsprojekte\github-nobru\midnightmega\calypsi\nav.o unit 4 section index 90)
        (F:\Entwicklungsprojekte\github-nobru\midnightmega\calypsi\nav.o unit 4 section index 91)

lfill_skip in section 'code'
 placed at address 00004ba2-00004beb of size 0000004a
(F:\Entwicklungsprojekte\github-nobru\midnightmega\mega65-libc\src\memory.o unit 9 section index 10)
    Defines:
        lfill_skip = 00004ba2
    References:
        _Zp in (pseudoRegisters.o (from clib-45gs02-mega65.a) unit 15 section index 2)
        dmalist in (F:\Entwicklungsprojekte\github-nobru\midnightmega\mega65-libc\src\memory.o unit 9 section index 24)
        do_dma in (F:\Entwicklungsprojekte\github-nobru\midnightmega\mega65-libc\src\memory.o unit 9 section index 2)

_DivMod16 in section 'code'
 placed at address 00004bec-00004c35 of size 0000004a
(integer.o (from clib-45gs02-mega65.a) unit 25 section index 7)
    Defines:
        _DivMod16 = 00004bec
    References:
        _UDivMod16 in (integer.o (from clib-45gs02-mega65.a) unit 25 section index 8)
        _Zp in (pseudoRegisters.o (from clib-45gs02-mega65.a) unit 15 section index 2)
    Referenced from:
        (F:\Entwicklungsprojekte\github-nobru\midnightmega\calypsi\fileio.o unit 2 section index 60)
        (F:\Entwicklungsprojekte\github-nobru\midnightmega\calypsi\fileio.o unit 2 section index 77)
        (F:\Entwicklungsprojekte\github-nobru\midnightmega\calypsi\fileio.o unit 2 section index 78)
        (F:\Entwicklungsprojekte\github-nobru\midnightmega\calypsi\nav.o unit 4 section index 80)
        (F:\Entwicklungsprojekte\github-nobru\midnightmega\calypsi\conio.o unit 8 section index 78)

_Mul32 in section 'code'  placed at address 00004c36-00004c80 of size 0000004b
(integer.o (from clib-45gs02-mega65.a) unit 25 section index 5)
    Defines:
        _Mul32 = 00004c36
    References:
        _Zp in (pseudoRegisters.o (from clib-45gs02-mega65.a) unit 15 section index 2)
    Referenced from:
        strtoul (lib_strtoul.o (from clib-45gs02-mega65.a) unit 39 section index 2)

legacyHDOS in section 'code'
 placed at address 00004c81-00004cce of size 0000004e
(F:\Entwicklungsprojekte\github-nobru\midnightmega\calypsi\nav.o unit 4 section index 12)
    Defines:
        legacyHDOS = 00004c81
    References:
        _AllocStackSave in (enter.o (from clib-45gs02-mega65.a) unit 20 section index 2)
        _RestoreRegisters in (enter.o (from clib-45gs02-mega65.a) unit 20 section index 4)
        _Zp in (pseudoRegisters.o (from clib-45gs02-mega65.a) unit 15 section index 2)
        hyppo_getversion_majorHDOS in (F:\Entwicklungsprojekte\github-nobru\midnightmega\calypsi\hyppo.o unit 1 section index 32)
        hyppo_getversion_majorhyppo in (F:\Entwicklungsprojekte\github-nobru\midnightmega\calypsi\hyppo.o unit 1 section index 30)
        hyppo_getversion_minorHDOS in (F:\Entwicklungsprojekte\github-nobru\midnightmega\calypsi\hyppo.o unit 1 section index 33)
        hyppo_getversion_minorhyppo in (F:\Entwicklungsprojekte\github-nobru\midnightmega\calypsi\hyppo.o unit 1 section index 31)
    Referenced from:
        navi (F:\Entwicklungsprojekte\github-nobru\midnightmega\calypsi\nav.o unit 4 section index 17)

sidbong in section 'code'  placed at address 00004ccf-00004d1c of size 0000004e
(F:\Entwicklungsprojekte\github-nobru\midnightmega\calypsi\sid.o unit 6 section index 4)
    Defines:
        sidbong = 00004ccf
    Referenced from:
        setupbox (F:\Entwicklungsprojekte\github-nobru\midnightmega\calypsi\nav.o unit 4 section index 8)
        menubox (F:\Entwicklungsprojekte\github-nobru\midnightmega\calypsi\nav.o unit 4 section index 9)
        helpbox (F:\Entwicklungsprojekte\github-nobru\midnightmega\calypsi\nav.o unit 4 section index 11)
        rombox (F:\Entwicklungsprojekte\github-nobru\midnightmega\calypsi\nav.o unit 4 section index 13)
        navi (F:\Entwicklungsprojekte\github-nobru\midnightmega\calypsi\nav.o unit 4 section index 17)

hyppo_readdir in section 'code'
 placed at address 00004d1d-00004d6d of size 00000051
(F:\Entwicklungsprojekte\github-nobru\midnightmega\calypsi\hyppo.o unit 1 section index 17)
    Defines:
        hyppo_readdir = 00004d1d
    References:
        _Zp in (pseudoRegisters.o (from clib-45gs02-mega65.a) unit 15 section index 2)
        readdir_dirent in (F:\Entwicklungsprojekte\github-nobru\midnightmega\calypsi\hyppo.o unit 1 section index 3)
    Referenced from:
        getallhyppoentries (F:\Entwicklungsprojekte\github-nobru\midnightmega\calypsi\hyppo.o unit 1 section index 26)

PutBAM in section 'code'  placed at address 00004d6e-00004dbe of size 00000051
(F:\Entwicklungsprojekte\github-nobru\midnightmega\calypsi\fileio.o unit 2 section index 15)
    Defines:
        PutBAM = 00004d6e
    References:
        PutOneSector in (F:\Entwicklungsprojekte\github-nobru\midnightmega\calypsi\fileio.o unit 2 section index 13)
        _RestoreRegisters in (enter.o (from clib-45gs02-mega65.a) unit 20 section index 4)
        _Zp in (pseudoRegisters.o (from clib-45gs02-mega65.a) unit 15 section index 2)
    Referenced from:
        rewritedirent (F:\Entwicklungsprojekte\github-nobru\midnightmega\calypsi\fileio.o unit 2 section index 39)
        navi (F:\Entwicklungsprojekte\github-nobru\midnightmega\calypsi\nav.o unit 4 section index 17)

FreeTracks in section 'code'
 placed at address 00004dbf-00004e14 of size 00000056
(F:\Entwicklungsprojekte\github-nobru\midnightmega\calypsi\fileio.o unit 2 section index 22)
    Defines:
        FreeTracks = 00004dbf
    References:
        BAMFreeTracksinaRow in (F:\Entwicklungsprojekte\github-nobru\midnightmega\calypsi\fileio.o unit 2 section index 21)
        GetBAM in (F:\Entwicklungsprojekte\github-nobru\midnightmega\calypsi\fileio.o unit 2 section index 14)
        _AllocStackSave in (enter.o (from clib-45gs02-mega65.a) unit 20 section index 2)
        _DecVsp in (stack.o (from clib-45gs02-mega65.a) unit 26 section index 2)
        _IncVsp in (stack.o (from clib-45gs02-mega65.a) unit 26 section index 3)
        _RestoreRegisters in (enter.o (from clib-45gs02-mega65.a) unit 20 section index 4)
        _Vsp in (pseudoRegisters.o (from clib-45gs02-mega65.a) unit 15 section index 2)
        _Zp in (pseudoRegisters.o (from clib-45gs02-mega65.a) unit 15 section index 2)
    Referenced from:
        navi (F:\Entwicklungsprojekte\github-nobru\midnightmega\calypsi\nav.o unit 4 section index 17)

exit in section 'code'  placed at address 00004e15-00004e6b of size 00000057
(exit.o (from clib-45gs02-mega65.a) unit 16 section index 2)
    Defines:
        exit = 00004e15
    References:
        _AllocStackSave in (enter.o (from clib-45gs02-mega65.a) unit 20 section index 2)
        _Exit in (exitC99.o (from clib-45gs02-mega65.a) unit 21 section index 2)
        _ExitCloseStreams in (streamlist.o (from clib-45gs02-mega65.a) unit 45 section index 2)
        _JmpInd in (controlFlow.o (from clib-45gs02-mega65.a) unit 18 section index 2)
        _RestoreRegisters in (enter.o (from clib-45gs02-mega65.a) unit 20 section index 4)
        _Zp in (pseudoRegisters.o (from clib-45gs02-mega65.a) unit 15 section index 2)
        __atexit in (atexit.o (from clib-45gs02-mega65.a) unit 19 section index 2)
        __atexit_index in (atexit.o (from clib-45gs02-mega65.a) unit 19 section index 3)
    Referenced from:
        (commodore-startup.o (from sdk-45gs02-mega65.a) unit 13 section index 10)

PutWholeSector in section 'code'
 placed at address 00004e6c-00004ec4 of size 00000059
(F:\Entwicklungsprojekte\github-nobru\midnightmega\calypsi\fileio.o unit 2 section index 12)
    Defines:
        PutWholeSector = 00004e6c
    References:
        ReadSector in (F:\Entwicklungsprojekte\github-nobru\midnightmega\calypsi\fileio.o unit 2 section index 8)
        `_StringLiteral_PutWholeSector before lower buffer. Track=` in (F:\Entwicklungsprojekte\github-nobru\midnightmega\calypsi\fileio.o unit 2 section index 163)
        `_StringLiteral_PutWholeSector before upper buffer. Track=` in (F:\Entwicklungsprojekte\github-nobru\midnightmega\calypsi\fileio.o unit 2 section index 164)
        `_StringLiteral_PutWholeSector done. Returning while WriteSector.` in (F:\Entwicklungsprojekte\github-nobru\midnightmega\calypsi\fileio.o unit 2 section index 165)
        _Zp in (pseudoRegisters.o (from clib-45gs02-mega65.a) unit 15 section index 2)
        cgetcd in (F:\Entwicklungsprojekte\github-nobru\midnightmega\calypsi\conioextensions.o unit 3 section index 32)
    Referenced from:
        writeblockchain (F:\Entwicklungsprojekte\github-nobru\midnightmega\calypsi\fileio.o unit 2 section index 29)
        (F:\Entwicklungsprojekte\github-nobru\midnightmega\calypsi\fileio.o unit 2 section index 139)

asciitoscreencode_s in section 'code'
 placed at address 00004ec5-00004f1d of size 00000059
(F:\Entwicklungsprojekte\github-nobru\midnightmega\calypsi\conioextensions.o unit 3 section index 14)
    Defines:
        asciitoscreencode_s = 00004ec5
    References:
        _AllocStackSave in (enter.o (from clib-45gs02-mega65.a) unit 20 section index 2)
        _RestoreRegisters in (enter.o (from clib-45gs02-mega65.a) unit 20 section index 4)
        _Zp in (pseudoRegisters.o (from clib-45gs02-mega65.a) unit 15 section index 2)
        asciitoscreencode in (F:\Entwicklungsprojekte\github-nobru\midnightmega\calypsi\conioextensions.o unit 3 section index 13)
    Referenced from:
        (F:\Entwicklungsprojekte\github-nobru\midnightmega\calypsi\conioextensions.o unit 3 section index 39)
        (F:\Entwicklungsprojekte\github-nobru\midnightmega\calypsi\conioextensions.o unit 3 section index 49)

cputcctrl in section 'code'
 placed at address 00004f1e-00004f76 of size 00000059
(F:\Entwicklungsprojekte\github-nobru\midnightmega\calypsi\conioextensions.o unit 3 section index 15)
    Defines:
        cputcctrl = 00004f1e
    References:
        _RestoreRegisters in (enter.o (from clib-45gs02-mega65.a) unit 20 section index 4)
        _ValueSwitch16 in (vswitch16.o (from clib-45gs02-mega65.a) unit 28 section index 2)
        _Zp in (pseudoRegisters.o (from clib-45gs02-mega65.a) unit 15 section index 2)
        blink in (F:\Entwicklungsprojekte\github-nobru\midnightmega\calypsi\conio.o unit 8 section index 29)
        cputc in (F:\Entwicklungsprojekte\github-nobru\midnightmega\calypsi\conio.o unit 8 section index 39)
        highlight in (F:\Entwicklungsprojekte\github-nobru\midnightmega\calypsi\conio.o unit 8 section index 28)
        petsciitoscreencode in (F:\Entwicklungsprojekte\github-nobru\midnightmega\calypsi\conio.o unit 8 section index 6)
        revers in (F:\Entwicklungsprojekte\github-nobru\midnightmega\calypsi\conio.o unit 8 section index 27)
        textcolor in (F:\Entwicklungsprojekte\github-nobru\midnightmega\calypsi\conio.o unit 8 section index 25)
        underline in (F:\Entwicklungsprojekte\github-nobru\midnightmega\calypsi\conio.o unit 8 section index 30)
    Referenced from:
        (F:\Entwicklungsprojekte\github-nobru\midnightmega\calypsi\conioextensions.o unit 3 section index 76)
        text (F:\Entwicklungsprojekte\github-nobru\midnightmega\calypsi\texts.o unit 5 section index 3)

inputbox in section 'code'
 placed at address 00004f77-00004fcf of size 00000059
(F:\Entwicklungsprojekte\github-nobru\midnightmega\calypsi\conioextensions.o unit 3 section index 38)
    Defines:
        inputbox = 00004f77
    References:
        _RestoreRegisters in (enter.o (from clib-45gs02-mega65.a) unit 20 section index 4)
        _StringLiteral_ in (F:\Entwicklungsprojekte\github-nobru\midnightmega\calypsi\conioextensions.o unit 3 section index 77)
        _Zp in (pseudoRegisters.o (from clib-45gs02-mega65.a) unit 15 section index 2)
        cinput2 in (F:\Entwicklungsprojekte\github-nobru\midnightmega\calypsi\conioextensions.o unit 3 section index 33)
        gotoxy in (F:\Entwicklungsprojekte\github-nobru\midnightmega\calypsi\conio.o unit 8 section index 34)
    Referenced from:
        navi (F:\Entwicklungsprojekte\github-nobru\midnightmega\calypsi\nav.o unit 4 section index 17)

BAMCheckSizeinFilebuffer in section 'code'
 placed at address 00004fd0-0000502a of size 0000005b
(F:\Entwicklungsprojekte\github-nobru\midnightmega\calypsi\fileio.o unit 2 section index 20)
    Defines:
        BAMCheckSizeinFilebuffer = 00004fd0
    References:
        BAMSectorsFreeBlocks in (F:\Entwicklungsprojekte\github-nobru\midnightmega\calypsi\fileio.o unit 2 section index 18)
        BAMsector in (F:\Entwicklungsprojekte\github-nobru\midnightmega\calypsi\fileio.o unit 2 section index 2)
        _IncVsp in (stack.o (from clib-45gs02-mega65.a) unit 26 section index 3)
        _RestoreRegisters in (enter.o (from clib-45gs02-mega65.a) unit 20 section index 4)
        _Zp in (pseudoRegisters.o (from clib-45gs02-mega65.a) unit 15 section index 2)
        lcopy in (F:\Entwicklungsprojekte\github-nobru\midnightmega\mega65-libc\src\memory.o unit 9 section index 8)
    Referenced from:
        navi (F:\Entwicklungsprojekte\github-nobru\midnightmega\calypsi\nav.o unit 4 section index 17)

setscreensize in section 'code'
 placed at address 0000502b-00005087 of size 0000005d
(F:\Entwicklungsprojekte\github-nobru\midnightmega\calypsi\conio.o unit 8 section index 14)
    Defines:
        setscreensize = 0000502b
    References:
        _Zp in (pseudoRegisters.o (from clib-45gs02-mega65.a) unit 15 section index 2)
    Referenced from:
        main (F:\Entwicklungsprojekte\github-nobru\midnightmega\calypsi\midnightmega.o unit 0 section index 17)

_UDivMod32 in section 'code'
 placed at address 00005088-000050e8 of size 00000061
(integer.o (from clib-45gs02-mega65.a) unit 25 section index 10)
    Defines:
        _UDivMod32 = 00005088
    References:
        _Zp in (pseudoRegisters.o (from clib-45gs02-mega65.a) unit 15 section index 2)
    Referenced from:
        _DivMod32 (integer.o (from clib-45gs02-mega65.a) unit 25 section index 9)
        (lib_strtoul.o (from clib-45gs02-mega65.a) unit 39 section index 8)

helpbox in section 'code'  placed at address 000050e9-0000514b of size 00000063
(F:\Entwicklungsprojekte\github-nobru\midnightmega\calypsi\nav.o unit 4 section index 11)
    Defines:
        helpbox = 000050e9
    References:
        _AllocStackSave in (enter.o (from clib-45gs02-mega65.a) unit 20 section index 2)
        _RestoreRegisters in (enter.o (from clib-45gs02-mega65.a) unit 20 section index 4)
        _Zp in (pseudoRegisters.o (from clib-45gs02-mega65.a) unit 15 section index 2)
        cgetc in (F:\Entwicklungsprojekte\github-nobru\midnightmega\calypsi\conio.o unit 8 section index 56)
        sidbong in (F:\Entwicklungsprojekte\github-nobru\midnightmega\calypsi\sid.o unit 6 section index 4)
        text in (F:\Entwicklungsprojekte\github-nobru\midnightmega\calypsi\texts.o unit 5 section index 3)
    Referenced from:
        navi (F:\Entwicklungsprojekte\github-nobru\midnightmega\calypsi\nav.o unit 4 section index 17)
        (F:\Entwicklungsprojekte\github-nobru\midnightmega\calypsi\nav.o unit 4 section index 141)

valuesbox in section 'code'
 placed at address 0000514c-000051b2 of size 00000067
(F:\Entwicklungsprojekte\github-nobru\midnightmega\calypsi\conioextensions.o unit 3 section index 36)
    Defines:
        valuesbox = 0000514c
    References:
        _RestoreRegisters in (enter.o (from clib-45gs02-mega65.a) unit 20 section index 4)
        `_StringLiteral_ ` in (F:\Entwicklungsprojekte\github-nobru\midnightmega\calypsi\nav.o unit 4 section index 145)
        _Vsp in (pseudoRegisters.o (from clib-45gs02-mega65.a) unit 15 section index 2)
        _Zp in (pseudoRegisters.o (from clib-45gs02-mega65.a) unit 15 section index 2)
        cgetc in (F:\Entwicklungsprojekte\github-nobru\midnightmega\calypsi\conio.o unit 8 section index 56)

Deselect in section 'code'
 placed at address 000051b3-00005219 of size 00000067
(F:\Entwicklungsprojekte\github-nobru\midnightmega\calypsi\nav.o unit 4 section index 4)
    Defines:
        Deselect = 000051b3
    References:
        _Zp in (pseudoRegisters.o (from clib-45gs02-mega65.a) unit 15 section index 2)
        direntflags in (F:\Entwicklungsprojekte\github-nobru\midnightmega\calypsi\fileio.o unit 2 section index 152)
    Referenced from:
        menubox (F:\Entwicklungsprojekte\github-nobru\midnightmega\calypsi\nav.o unit 4 section index 9)
        navi (F:\Entwicklungsprojekte\github-nobru\midnightmega\calypsi\nav.o unit 4 section index 17)
        (F:\Entwicklungsprojekte\github-nobru\midnightmega\calypsi\nav.o unit 4 section index 50)

PutOneSector in section 'code'
 placed at address 0000521a-00005284 of size 0000006b
(F:\Entwicklungsprojekte\github-nobru\midnightmega\calypsi\fileio.o unit 2 section index 13)
    Defines:
        PutOneSector = 0000521a
    References:
        ReadSector in (F:\Entwicklungsprojekte\github-nobru\midnightmega\calypsi\fileio.o unit 2 section index 8)
        WriteSector in (F:\Entwicklungsprojekte\github-nobru\midnightmega\calypsi\fileio.o unit 2 section index 9)
        _RestoreRegisters in (enter.o (from clib-45gs02-mega65.a) unit 20 section index 4)
        `_StringLiteral_PutOneSector before lower buffer. Track=` in (F:\Entwicklungsprojekte\github-nobru\midnightmega\calypsi\fileio.o unit 2 section index 160)
        `_StringLiteral_PutOneSector before upper buffer. Track=` in (F:\Entwicklungsprojekte\github-nobru\midnightmega\calypsi\fileio.o unit 2 section index 161)
        `_StringLiteral_PutOneSector done. Returning while WriteSector.` in (F:\Entwicklungsprojekte\github-nobru\midnightmega\calypsi\fileio.o unit 2 section index 162)
        _Zp in (pseudoRegisters.o (from clib-45gs02-mega65.a) unit 15 section index 2)
        cgetcd in (F:\Entwicklungsprojekte\github-nobru\midnightmega\calypsi\conioextensions.o unit 3 section index 32)
        msprintfd in (F:\Entwicklungsprojekte\github-nobru\midnightmega\calypsi\conioextensions.o unit 3 section index 24)
    Referenced from:
        PutBAM (F:\Entwicklungsprojekte\github-nobru\midnightmega\calypsi\fileio.o unit 2 section index 15)
        writeblockchain (F:\Entwicklungsprojekte\github-nobru\midnightmega\calypsi\fileio.o unit 2 section index 29)
        deleteblockchain (F:\Entwicklungsprojekte\github-nobru\midnightmega\calypsi\fileio.o unit 2 section index 30)
        deletedirententry (F:\Entwicklungsprojekte\github-nobru\midnightmega\calypsi\fileio.o unit 2 section index 37)
        (F:\Entwicklungsprojekte\github-nobru\midnightmega\calypsi\fileio.o unit 2 section index 138)

clrscr in section 'code'  placed at address 00005285-000052f4 of size 00000070
(F:\Entwicklungsprojekte\github-nobru\midnightmega\calypsi\conio.o unit 8 section index 22)
    Defines:
        clrscr = 00005285
    References:
        _AllocStackSave in (enter.o (from clib-45gs02-mega65.a) unit 20 section index 2)
        _Mul16 in (integer.o (from clib-45gs02-mega65.a) unit 25 section index 3)
        _Mul8 in (integer.o (from clib-45gs02-mega65.a) unit 25 section index 2)
        _RestoreRegisters in (enter.o (from clib-45gs02-mega65.a) unit 20 section index 4)
        _Zp in (pseudoRegisters.o (from clib-45gs02-mega65.a) unit 15 section index 2)
        lfill in (F:\Entwicklungsprojekte\github-nobru\midnightmega\mega65-libc\src\memory.o unit 9 section index 9)
    Referenced from:
        clrhome (F:\Entwicklungsprojekte\github-nobru\midnightmega\calypsi\conioextensions.o unit 3 section index 16)

_DivMod32 in section 'code'
 placed at address 000052f5-00005366 of size 00000072
(integer.o (from clib-45gs02-mega65.a) unit 25 section index 9)
    Defines:
        _DivMod32 = 000052f5
    References:
        _UDivMod32 in (integer.o (from clib-45gs02-mega65.a) unit 25 section index 10)
        _Zp in (pseudoRegisters.o (from clib-45gs02-mega65.a) unit 15 section index 2)
    Referenced from:
        (F:\Entwicklungsprojekte\github-nobru\midnightmega\calypsi\conioextensions.o unit 3 section index 42)

getDiskname in section 'code'
 placed at address 00005367-000053e7 of size 00000081
(F:\Entwicklungsprojekte\github-nobru\midnightmega\calypsi\fileio.o unit 2 section index 25)
    Defines:
        getDiskname = 00005367
    References:
        BAMsector in (F:\Entwicklungsprojekte\github-nobru\midnightmega\calypsi\fileio.o unit 2 section index 2)
        GetOneSector in (F:\Entwicklungsprojekte\github-nobru\midnightmega\calypsi\fileio.o unit 2 section index 11)
        _AllocStackSave in (enter.o (from clib-45gs02-mega65.a) unit 20 section index 2)
        _RestoreRegisters in (enter.o (from clib-45gs02-mega65.a) unit 20 section index 4)
        `_StringLiteral_read error` in (F:\Entwicklungsprojekte\github-nobru\midnightmega\calypsi\fileio.o unit 2 section index 178)
        _Zp in (pseudoRegisters.o (from clib-45gs02-mega65.a) unit 15 section index 2)
        strcopy in (F:\Entwicklungsprojekte\github-nobru\midnightmega\calypsi\conioextensions.o unit 3 section index 6)
    Referenced from:
        UpdateSectors (F:\Entwicklungsprojekte\github-nobru\midnightmega\calypsi\nav.o unit 4 section index 15)

blockreadbyte in section 'code'
 placed at address 000053e8-0000546a of size 00000083
(F:\Entwicklungsprojekte\github-nobru\midnightmega\calypsi\texts.o unit 5 section index 2)
    Defines:
        blockreadbyte = 000053e8
    References:
        _AllocStackSave in (enter.o (from clib-45gs02-mega65.a) unit 20 section index 2)
        _DeallocStackRestore in (enter.o (from clib-45gs02-mega65.a) unit 20 section index 4)
        _DecVsp in (stack.o (from clib-45gs02-mega65.a) unit 26 section index 2)
        _IncVsp in (stack.o (from clib-45gs02-mega65.a) unit 26 section index 3)
        _Vsp in (pseudoRegisters.o (from clib-45gs02-mega65.a) unit 15 section index 2)
        _Zp in (pseudoRegisters.o (from clib-45gs02-mega65.a) unit 15 section index 2)
        lcopy in (F:\Entwicklungsprojekte\github-nobru\midnightmega\mega65-libc\src\memory.o unit 9 section index 8)
    Referenced from:
        text (F:\Entwicklungsprojekte\github-nobru\midnightmega\calypsi\texts.o unit 5 section index 3)
        (F:\Entwicklungsprojekte\github-nobru\midnightmega\calypsi\texts.o unit 5 section index 6)

BAMSectorsFreeBlocks in section 'code'
 placed at address 0000546b-000054f3 of size 00000089
(F:\Entwicklungsprojekte\github-nobru\midnightmega\calypsi\fileio.o unit 2 section index 18)
    Defines:
        BAMSectorsFreeBlocks = 0000546b
    References:
        _Zp in (pseudoRegisters.o (from clib-45gs02-mega65.a) unit 15 section index 2)
    Referenced from:
        BAMCheckSizeinFilebuffer (F:\Entwicklungsprojekte\github-nobru\midnightmega\calypsi\fileio.o unit 2 section index 20)

getdirent in section 'code'
 placed at address 000054f4-0000557e of size 0000008b
(F:\Entwicklungsprojekte\github-nobru\midnightmega\calypsi\fileio.o unit 2 section index 35)
    Defines:
        getdirent = 000054f4
    References:
        _DecVsp in (stack.o (from clib-45gs02-mega65.a) unit 26 section index 2)
        _FillQ in (spill.o (from clib-45gs02-mega65.a) unit 29 section index 10)
        _RestoreRegisters in (enter.o (from clib-45gs02-mega65.a) unit 20 section index 4)
        _SpillZP in (spill.o (from clib-45gs02-mega65.a) unit 29 section index 8)
        _Vsp in (pseudoRegisters.o (from clib-45gs02-mega65.a) unit 15 section index 2)
        _Zp in (pseudoRegisters.o (from clib-45gs02-mega65.a) unit 15 section index 2)
        getdirententry in (F:\Entwicklungsprojekte\github-nobru\midnightmega\calypsi\fileio.o unit 2 section index 34)
    Referenced from:
        UpdateSectors (F:\Entwicklungsprojekte\github-nobru\midnightmega\calypsi\nav.o unit 4 section index 15)

renamedisk in section 'code'
 placed at address 0000557f-00005613 of size 00000095
(F:\Entwicklungsprojekte\github-nobru\midnightmega\calypsi\fileio.o unit 2 section index 40)
    Defines:
        renamedisk = 0000557f
    References:
        GetOneSector in (F:\Entwicklungsprojekte\github-nobru\midnightmega\calypsi\fileio.o unit 2 section index 11)
        _RestoreRegisters in (enter.o (from clib-45gs02-mega65.a) unit 20 section index 4)
        `_StringLiteral_Renaming subpartition,` in (F:\Entwicklungsprojekte\github-nobru\midnightmega\calypsi\fileio.o unit 2 section index 168)
        `_StringLiteral_read error` in (F:\Entwicklungsprojekte\github-nobru\midnightmega\calypsi\fileio.o unit 2 section index 178)
        `_StringLiteral_write error` in (F:\Entwicklungsprojekte\github-nobru\midnightmega\calypsi\fileio.o unit 2 section index 179)
        _Vsp in (pseudoRegisters.o (from clib-45gs02-mega65.a) unit 15 section index 2)
        _Zp in (pseudoRegisters.o (from clib-45gs02-mega65.a) unit 15 section index 2)
        strcopy in (F:\Entwicklungsprojekte\github-nobru\midnightmega\calypsi\conioextensions.o unit 3 section index 6)
    Referenced from:
        navi (F:\Entwicklungsprojekte\github-nobru\midnightmega\calypsi\nav.o unit 4 section index 17)

rombox in section 'code'  placed at address 00005614-000056a8 of size 00000095
(F:\Entwicklungsprojekte\github-nobru\midnightmega\calypsi\nav.o unit 4 section index 13)
    Defines:
        rombox = 00005614
    References:
        `_StringLiteral_ ` in (F:\Entwicklungsprojekte\github-nobru\midnightmega\calypsi\nav.o unit 4 section index 145)
        `_StringLiteral_ List of ROM files ` in (F:\Entwicklungsprojekte\github-nobru\midnightmega\calypsi\nav.o unit 4 section index 162)
        `_StringLiteral_ Midnight Mega ` in (F:\Entwicklungsprojekte\github-nobru\midnightmega\calypsi\nav.o unit 4 section index 164)
        `_StringLiteral_ github.com/nobruinfo ` in (F:\Entwicklungsprojekte\github-nobru\midnightmega\calypsi\nav.o unit 4 section index 174)
        _Zp in (pseudoRegisters.o (from clib-45gs02-mega65.a) unit 15 section index 2)
        cgetc in (F:\Entwicklungsprojekte\github-nobru\midnightmega\calypsi\conio.o unit 8 section index 56)
        mcbox in (F:\Entwicklungsprojekte\github-nobru\midnightmega\calypsi\conioextensions.o unit 3 section index 34)
        mcputsxy in (F:\Entwicklungsprojekte\github-nobru\midnightmega\calypsi\conioextensions.o unit 3 section index 23)
        msprintf in (F:\Entwicklungsprojekte\github-nobru\midnightmega\calypsi\conioextensions.o unit 3 section index 18)
        revers in (F:\Entwicklungsprojekte\github-nobru\midnightmega\calypsi\conio.o unit 8 section index 27)
        romlist in (F:\Entwicklungsprojekte\github-nobru\midnightmega\calypsi\romlist.o unit 7 section index 2)
        sidbong in (F:\Entwicklungsprojekte\github-nobru\midnightmega\calypsi\sid.o unit 6 section index 4)
    Referenced from:
        navi (F:\Entwicklungsprojekte\github-nobru\midnightmega\calypsi\nav.o unit 4 section index 17)
        (F:\Entwicklungsprojekte\github-nobru\midnightmega\calypsi\nav.o unit 4 section index 142)

lcopy in section 'code'  placed at address 000056a9-0000573e of size 00000096
(F:\Entwicklungsprojekte\github-nobru\midnightmega\mega65-libc\src\memory.o unit 9 section index 8)
    Defines:
        lcopy = 000056a9
    References:
        _Vsp in (pseudoRegisters.o (from clib-45gs02-mega65.a) unit 15 section index 2)
        _Zp in (pseudoRegisters.o (from clib-45gs02-mega65.a) unit 15 section index 2)
        dmalist in (F:\Entwicklungsprojekte\github-nobru\midnightmega\mega65-libc\src\memory.o unit 9 section index 24)
    Referenced from:
        (F:\Entwicklungsprojekte\github-nobru\midnightmega\calypsi\hyppo.o unit 1 section index 44)
        GetBAM (F:\Entwicklungsprojekte\github-nobru\midnightmega\calypsi\fileio.o unit 2 section index 14)
        BAMCheckSizeinFilebuffer (F:\Entwicklungsprojekte\github-nobru\midnightmega\calypsi\fileio.o unit 2 section index 20)
        FormatPartition (F:\Entwicklungsprojekte\github-nobru\midnightmega\calypsi\fileio.o unit 2 section index 23)
        swapdirententry (F:\Entwicklungsprojekte\github-nobru\midnightmega\calypsi\fileio.o unit 2 section index 38)
        (F:\Entwicklungsprojekte\github-nobru\midnightmega\calypsi\fileio.o unit 2 section index 47)
        (F:\Entwicklungsprojekte\github-nobru\midnightmega\calypsi\fileio.o unit 2 section index 51)
        (F:\Entwicklungsprojekte\github-nobru\midnightmega\calypsi\fileio.o unit 2 section index 79)
        (F:\Entwicklungsprojekte\github-nobru\midnightmega\calypsi\nav.o unit 4 section index 113)
        blockreadbyte (F:\Entwicklungsprojekte\github-nobru\midnightmega\calypsi\texts.o unit 5 section index 2)
        romlist (F:\Entwicklungsprojekte\github-nobru\midnightmega\calypsi\romlist.o unit 7 section index 2)
        cputsxy (F:\Entwicklungsprojekte\github-nobru\midnightmega\calypsi\conio.o unit 8 section index 49)

cputcxy in section 'code'  placed at address 0000573f-000057d5 of size 00000097
(F:\Entwicklungsprojekte\github-nobru\midnightmega\calypsi\conio.o unit 8 section index 50)
    Defines:
        cputcxy = 0000573f
    References:
        _AllocStackSave in (enter.o (from clib-45gs02-mega65.a) unit 20 section index 2)
        _RestoreRegisters in (enter.o (from clib-45gs02-mega65.a) unit 20 section index 4)
        _Zp in (pseudoRegisters.o (from clib-45gs02-mega65.a) unit 15 section index 2)
        lpoke in (F:\Entwicklungsprojekte\github-nobru\midnightmega\mega65-libc\src\memory.o unit 9 section index 6)
    Referenced from:
        mcbox (F:\Entwicklungsprojekte\github-nobru\midnightmega\calypsi\conioextensions.o unit 3 section index 34)
        progress (F:\Entwicklungsprojekte\github-nobru\midnightmega\calypsi\conioextensions.o unit 3 section index 37)
        (F:\Entwicklungsprojekte\github-nobru\midnightmega\calypsi\conioextensions.o unit 3 section index 56)
        (F:\Entwicklungsprojekte\github-nobru\midnightmega\calypsi\conioextensions.o unit 3 section index 61)
        menubox (F:\Entwicklungsprojekte\github-nobru\midnightmega\calypsi\nav.o unit 4 section index 9)
        helpbegin (F:\Entwicklungsprojekte\github-nobru\midnightmega\calypsi\nav.o unit 4 section index 10)
        cputc (F:\Entwicklungsprojekte\github-nobru\midnightmega\calypsi\conio.o unit 8 section index 39)

__initialize_sections in section 'code'
 placed at address 000057d6-0000586c of size 00000097
(initialize.o (from clib-45gs02-mega65.a) unit 46 section index 2)
    Defines:
        __initialize_sections = 000057d6
    References:
        _AllocStackSave in (enter.o (from clib-45gs02-mega65.a) unit 20 section index 2)
        _DecVsp in (stack.o (from clib-45gs02-mega65.a) unit 26 section index 2)
        _IncVsp in (stack.o (from clib-45gs02-mega65.a) unit 26 section index 3)
        _RestoreRegisters in (enter.o (from clib-45gs02-mega65.a) unit 20 section index 4)
        _Vsp in (pseudoRegisters.o (from clib-45gs02-mega65.a) unit 15 section index 2)
        _Zp in (pseudoRegisters.o (from clib-45gs02-mega65.a) unit 15 section index 2)
        __memcpy_far in (memcpy_far.o (from clib-45gs02-mega65.a) unit 49 section index 2)
        __memset_far in (memset_far.o (from clib-45gs02-mega65.a) unit 48 section index 2)
    Referenced from:
        __data_initialization_needed (commodore-startup.o (from sdk-45gs02-mega65.a) unit 13 section index 7)

deleteblockchain in section 'code'
 placed at address 0000586d-00005909 of size 0000009d
(F:\Entwicklungsprojekte\github-nobru\midnightmega\calypsi\fileio.o unit 2 section index 30)
    Defines:
        deleteblockchain = 0000586d
    References:
        BAMSectorUpdate in (F:\Entwicklungsprojekte\github-nobru\midnightmega\calypsi\fileio.o unit 2 section index 17)
        BAMsector in (F:\Entwicklungsprojekte\github-nobru\midnightmega\calypsi\fileio.o unit 2 section index 2)
        GetOneSector in (F:\Entwicklungsprojekte\github-nobru\midnightmega\calypsi\fileio.o unit 2 section index 11)
        PutOneSector in (F:\Entwicklungsprojekte\github-nobru\midnightmega\calypsi\fileio.o unit 2 section index 13)
        _RestoreRegisters in (enter.o (from clib-45gs02-mega65.a) unit 20 section index 4)
        _Zp in (pseudoRegisters.o (from clib-45gs02-mega65.a) unit 15 section index 2)
        worksector in (F:\Entwicklungsprojekte\github-nobru\midnightmega\calypsi\fileio.o unit 2 section index 3)
    Referenced from:
        deletedirententry (F:\Entwicklungsprojekte\github-nobru\midnightmega\calypsi\fileio.o unit 2 section index 37)
        rewritedirent (F:\Entwicklungsprojekte\github-nobru\midnightmega\calypsi\fileio.o unit 2 section index 39)

WriteSector in section 'code'
 placed at address 0000590a-000059a8 of size 0000009f
(F:\Entwicklungsprojekte\github-nobru\midnightmega\calypsi\fileio.o unit 2 section index 9)
    Defines:
        WriteSector = 0000590a
    References:
        ShowAccess in (F:\Entwicklungsprojekte\github-nobru\midnightmega\calypsi\fileio.o unit 2 section index 5)
        _RestoreRegisters in (enter.o (from clib-45gs02-mega65.a) unit 20 section index 4)
        `_StringLiteral_WriteSector. Track=` in (F:\Entwicklungsprojekte\github-nobru\midnightmega\calypsi\fileio.o unit 2 section index 170)
        _Zp in (pseudoRegisters.o (from clib-45gs02-mega65.a) unit 15 section index 2)
        prevtrack in (F:\Entwicklungsprojekte\github-nobru\midnightmega\calypsi\fileio.o unit 2 section index 150)
    Referenced from:
        PutOneSector (F:\Entwicklungsprojekte\github-nobru\midnightmega\calypsi\fileio.o unit 2 section index 13)

cputncxy in section 'code'
 placed at address 000059a9-00005a4f of size 000000a7
(F:\Entwicklungsprojekte\github-nobru\midnightmega\calypsi\conio.o unit 8 section index 51)
    Defines:
        cputncxy = 000059a9
    References:
        _AllocStackSave in (enter.o (from clib-45gs02-mega65.a) unit 20 section index 2)
        _RestoreRegisters in (enter.o (from clib-45gs02-mega65.a) unit 20 section index 4)
        _Zp in (pseudoRegisters.o (from clib-45gs02-mega65.a) unit 15 section index 2)
        lfill in (F:\Entwicklungsprojekte\github-nobru\midnightmega\mega65-libc\src\memory.o unit 9 section index 9)
    Referenced from:
        hline (F:\Entwicklungsprojekte\github-nobru\midnightmega\calypsi\conio.o unit 8 section index 54)

readblockchain in section 'code'
 placed at address 00005a50-00005af8 of size 000000a9
(F:\Entwicklungsprojekte\github-nobru\midnightmega\calypsi\fileio.o unit 2 section index 26)
    Defines:
        readblockchain = 00005a50
    References:
        _AllocStackSave in (enter.o (from clib-45gs02-mega65.a) unit 20 section index 2)
        _RestoreRegisters in (enter.o (from clib-45gs02-mega65.a) unit 20 section index 4)
        _Vsp in (pseudoRegisters.o (from clib-45gs02-mega65.a) unit 15 section index 2)
        _Zp in (pseudoRegisters.o (from clib-45gs02-mega65.a) unit 15 section index 2)
        worksector in (F:\Entwicklungsprojekte\github-nobru\midnightmega\calypsi\fileio.o unit 2 section index 3)
    Referenced from:
        BAM2Attic (F:\Entwicklungsprojekte\github-nobru\midnightmega\calypsi\fileio.o unit 2 section index 16)
        (F:\Entwicklungsprojekte\github-nobru\midnightmega\calypsi\fileio.o unit 2 section index 126)
        (F:\Entwicklungsprojekte\github-nobru\midnightmega\calypsi\nav.o unit 4 section index 115)

csputdec in section 'code'
 placed at address 00005af9-00005ba2 of size 000000aa
(F:\Entwicklungsprojekte\github-nobru\midnightmega\calypsi\conioextensions.o unit 3 section index 12)
    Defines:
        csputdec = 00005af9
    References:
        _AllocStack in (enter.o (from clib-45gs02-mega65.a) unit 20 section index 2)
        _DeallocStack in (enter.o (from clib-45gs02-mega65.a) unit 20 section index 4)
        _Vsp in (pseudoRegisters.o (from clib-45gs02-mega65.a) unit 15 section index 2)
        _Zp in (pseudoRegisters.o (from clib-45gs02-mega65.a) unit 15 section index 2)
        cputs in (F:\Entwicklungsprojekte\github-nobru\midnightmega\calypsi\conio.o unit 8 section index 48)
    Referenced from:
        ShowAccess (F:\Entwicklungsprojekte\github-nobru\midnightmega\calypsi\fileio.o unit 2 section index 5)
        mprintf (F:\Entwicklungsprojekte\github-nobru\midnightmega\calypsi\conioextensions.o unit 3 section index 19)
        listbox (F:\Entwicklungsprojekte\github-nobru\midnightmega\calypsi\nav.o unit 4 section index 3)
        (F:\Entwicklungsprojekte\github-nobru\midnightmega\calypsi\nav.o unit 4 section index 131)

fillrect in section 'code'
 placed at address 00005ba3-00005c51 of size 000000af
(F:\Entwicklungsprojekte\github-nobru\midnightmega\calypsi\conio.o unit 8 section index 52)
    Defines:
        fillrect = 00005ba3
    References:
        _RestoreRegisters in (enter.o (from clib-45gs02-mega65.a) unit 20 section index 4)
        _Zp in (pseudoRegisters.o (from clib-45gs02-mega65.a) unit 15 section index 2)
        lfill in (F:\Entwicklungsprojekte\github-nobru\midnightmega\mega65-libc\src\memory.o unit 9 section index 9)
    Referenced from:
        (F:\Entwicklungsprojekte\github-nobru\midnightmega\calypsi\conioextensions.o unit 3 section index 50)

getdirententry in section 'code'
 placed at address 00005c52-00005d06 of size 000000b5
(F:\Entwicklungsprojekte\github-nobru\midnightmega\calypsi\fileio.o unit 2 section index 34)
    Defines:
        getdirententry = 00005c52
    References:
        _AllocStackSave in (enter.o (from clib-45gs02-mega65.a) unit 20 section index 2)
        _FillQ in (spill.o (from clib-45gs02-mega65.a) unit 29 section index 10)
        _RestoreRegisters in (enter.o (from clib-45gs02-mega65.a) unit 20 section index 4)
        _SpillZP in (spill.o (from clib-45gs02-mega65.a) unit 29 section index 8)
        _Zp in (pseudoRegisters.o (from clib-45gs02-mega65.a) unit 15 section index 2)
        readdir_dirent in (F:\Entwicklungsprojekte\github-nobru\midnightmega\calypsi\hyppo.o unit 1 section index 3)
    Referenced from:
        getdirent (F:\Entwicklungsprojekte\github-nobru\midnightmega\calypsi\fileio.o unit 2 section index 35)
        listbox (F:\Entwicklungsprojekte\github-nobru\midnightmega\calypsi\nav.o unit 4 section index 3)
        (F:\Entwicklungsprojekte\github-nobru\midnightmega\calypsi\nav.o unit 4 section index 38)
        (F:\Entwicklungsprojekte\github-nobru\midnightmega\calypsi\nav.o unit 4 section index 55)
        (F:\Entwicklungsprojekte\github-nobru\midnightmega\calypsi\nav.o unit 4 section index 67)

tracksectorstring in section 'code'
 placed at address 00005d07-00005dc3 of size 000000bd
(F:\Entwicklungsprojekte\github-nobru\midnightmega\calypsi\fileio.o unit 2 section index 31)
    Defines:
        tracksectorstring = 00005d07
    References:
        _Zp in (pseudoRegisters.o (from clib-45gs02-mega65.a) unit 15 section index 2)
        s in (F:\Entwicklungsprojekte\github-nobru\midnightmega\calypsi\nav.o unit 4 section index 137)
    Referenced from:
        copywholedisk (F:\Entwicklungsprojekte\github-nobru\midnightmega\calypsi\fileio.o unit 2 section index 32)

gettype in section 'code'  placed at address 00005dc4-00005e81 of size 000000be
(F:\Entwicklungsprojekte\github-nobru\midnightmega\calypsi\fileio.o unit 2 section index 33)
    Defines:
        gettype = 00005dc4
    References:
        _Zp in (pseudoRegisters.o (from clib-45gs02-mega65.a) unit 15 section index 2)
    Referenced from:
        listbox (F:\Entwicklungsprojekte\github-nobru\midnightmega\calypsi\nav.o unit 4 section index 3)

progress in section 'code'
 placed at address 00005e82-00005f3f of size 000000be
(F:\Entwicklungsprojekte\github-nobru\midnightmega\calypsi\conioextensions.o unit 3 section index 37)
    Defines:
        progress = 00005e82
    References:
        _AllocStackSave in (enter.o (from clib-45gs02-mega65.a) unit 20 section index 2)
        _DeallocStackRestore in (enter.o (from clib-45gs02-mega65.a) unit 20 section index 4)
        `_StringLiteral_ ` in (F:\Entwicklungsprojekte\github-nobru\midnightmega\calypsi\nav.o unit 4 section index 145)
        `_StringLiteral_        ` in (F:\Entwicklungsprojekte\github-nobru\midnightmega\calypsi\conioextensions.o unit 3 section index 79)
        _Vsp in (pseudoRegisters.o (from clib-45gs02-mega65.a) unit 15 section index 2)
        _Zp in (pseudoRegisters.o (from clib-45gs02-mega65.a) unit 15 section index 2)
        cputc in (F:\Entwicklungsprojekte\github-nobru\midnightmega\calypsi\conio.o unit 8 section index 39)
        cputcxy in (F:\Entwicklungsprojekte\github-nobru\midnightmega\calypsi\conio.o unit 8 section index 50)
    Referenced from:
        FormatPartition (F:\Entwicklungsprojekte\github-nobru\midnightmega\calypsi\fileio.o unit 2 section index 23)
        copywholedisk (F:\Entwicklungsprojekte\github-nobru\midnightmega\calypsi\fileio.o unit 2 section index 32)
        navi (F:\Entwicklungsprojekte\github-nobru\midnightmega\calypsi\nav.o unit 4 section index 17)
        (F:\Entwicklungsprojekte\github-nobru\midnightmega\calypsi\nav.o unit 4 section index 114)
        (F:\Entwicklungsprojekte\github-nobru\midnightmega\calypsi\nav.o unit 4 section index 128)

ReadSector in section 'code'
 placed at address 00005f40-00006000 of size 000000c1
(F:\Entwicklungsprojekte\github-nobru\midnightmega\calypsi\fileio.o unit 2 section index 8)
    Defines:
        ReadSector = 00005f40
    References:
        ShowAccess in (F:\Entwicklungsprojekte\github-nobru\midnightmega\calypsi\fileio.o unit 2 section index 5)
        `_StringLiteral_ReadSector. Track=` in (F:\Entwicklungsprojekte\github-nobru\midnightmega\calypsi\fileio.o unit 2 section index 166)
        _Zp in (pseudoRegisters.o (from clib-45gs02-mega65.a) unit 15 section index 2)
        lastdoublesector in (F:\Entwicklungsprojekte\github-nobru\midnightmega\calypsi\fileio.o unit 2 section index 151)
        lastdrive in (F:\Entwicklungsprojekte\github-nobru\midnightmega\calypsi\fileio.o unit 2 section index 149)
        prevtrack in (F:\Entwicklungsprojekte\github-nobru\midnightmega\calypsi\fileio.o unit 2 section index 150)
    Referenced from:
        PutWholeSector (F:\Entwicklungsprojekte\github-nobru\midnightmega\calypsi\fileio.o unit 2 section index 12)
        PutOneSector (F:\Entwicklungsprojekte\github-nobru\midnightmega\calypsi\fileio.o unit 2 section index 13)
        (F:\Entwicklungsprojekte\github-nobru\midnightmega\calypsi\fileio.o unit 2 section index 80)

optionstring in section 'code'
 placed at address 00006001-000060c7 of size 000000c7
(F:\Entwicklungsprojekte\github-nobru\midnightmega\calypsi\nav.o unit 4 section index 7)
    Defines:
        optionstring = 00006001
    References:
        _Zp in (pseudoRegisters.o (from clib-45gs02-mega65.a) unit 15 section index 2)
        mcputsxy in (F:\Entwicklungsprojekte\github-nobru\midnightmega\calypsi\conioextensions.o unit 3 section index 23)
        s in (F:\Entwicklungsprojekte\github-nobru\midnightmega\calypsi\nav.o unit 4 section index 137)
    Referenced from:
        (F:\Entwicklungsprojekte\github-nobru\midnightmega\calypsi\nav.o unit 4 section index 58)

__lib_checkbase in section 'code'
 placed at address 000060c8-0000618e of size 000000c7
(lib_checkbase.o (from clib-45gs02-mega65.a) unit 41 section index 2)
    Defines:
        __lib_checkbase = 000060c8
    References:
        _AllocStackSave in (enter.o (from clib-45gs02-mega65.a) unit 20 section index 2)
        _RestoreRegisters in (enter.o (from clib-45gs02-mega65.a) unit 20 section index 4)
        _Zp in (pseudoRegisters.o (from clib-45gs02-mega65.a) unit 15 section index 2)
        __lib_isbasedigit in (lib_isbasedigit.o (from clib-45gs02-mega65.a) unit 40 section index 2)
    Referenced from:
        strtoul (lib_strtoul.o (from clib-45gs02-mega65.a) unit 39 section index 2)

rewritedirent in section 'code'
 placed at address 0000618f-00006258 of size 000000ca
(F:\Entwicklungsprojekte\github-nobru\midnightmega\calypsi\fileio.o unit 2 section index 39)
    Defines:
        rewritedirent = 0000618f
    References:
        PutBAM in (F:\Entwicklungsprojekte\github-nobru\midnightmega\calypsi\fileio.o unit 2 section index 15)
        _AllocStackSave in (enter.o (from clib-45gs02-mega65.a) unit 20 section index 2)
        _DeallocStackRestore in (enter.o (from clib-45gs02-mega65.a) unit 20 section index 4)
        _DecVsp in (stack.o (from clib-45gs02-mega65.a) unit 26 section index 2)
        _FillQ in (spill.o (from clib-45gs02-mega65.a) unit 29 section index 10)
        _IncVsp in (stack.o (from clib-45gs02-mega65.a) unit 26 section index 3)
        _SpillZP in (spill.o (from clib-45gs02-mega65.a) unit 29 section index 8)
        `_StringLiteral_Updating directory,` in (F:\Entwicklungsprojekte\github-nobru\midnightmega\calypsi\fileio.o unit 2 section index 169)
        ... 5 more
    Referenced from:
        navi (F:\Entwicklungsprojekte\github-nobru\midnightmega\calypsi\nav.o unit 4 section index 17)

sizeselectcurrentifnone in section 'code'
 placed at address 00006259-00006326 of size 000000ce
(F:\Entwicklungsprojekte\github-nobru\midnightmega\calypsi\nav.o unit 4 section index 16)
    Defines:
        sizeselectcurrentifnone = 00006259
    References:
        _AllocStackSave in (enter.o (from clib-45gs02-mega65.a) unit 20 section index 2)
        _RestoreRegisters in (enter.o (from clib-45gs02-mega65.a) unit 20 section index 4)
        `_StringLiteral_Copying subdirectories` in (F:\Entwicklungsprojekte\github-nobru\midnightmega\calypsi\nav.o unit 4 section index 183)
        `_StringLiteral_is not yet implemented.` in (F:\Entwicklungsprojekte\github-nobru\midnightmega\calypsi\nav.o unit 4 section index 258)
        _Zp in (pseudoRegisters.o (from clib-45gs02-mega65.a) unit 15 section index 2)
        direntflags in (F:\Entwicklungsprojekte\github-nobru\midnightmega\calypsi\fileio.o unit 2 section index 152)
    Referenced from:
        navi (F:\Entwicklungsprojekte\github-nobru\midnightmega\calypsi\nav.o unit 4 section index 17)

_ValueSwitch16 in section 'code'
 placed at address 00006327-000063f7 of size 000000d1
(vswitch16.o (from clib-45gs02-mega65.a) unit 28 section index 2)
    Defines:
        _ValueSwitch16 = 00006327
    References:
        _Zp in (pseudoRegisters.o (from clib-45gs02-mega65.a) unit 15 section index 2)
    Referenced from:
        cputcctrl (F:\Entwicklungsprojekte\github-nobru\midnightmega\calypsi\conioextensions.o unit 3 section index 15)
        (F:\Entwicklungsprojekte\github-nobru\midnightmega\calypsi\nav.o unit 4 section index 77)
        (F:\Entwicklungsprojekte\github-nobru\midnightmega\calypsi\nav.o unit 4 section index 96)
        text (F:\Entwicklungsprojekte\github-nobru\midnightmega\calypsi\texts.o unit 5 section index 3)

__lib_isbasedigit in section 'code'
 placed at address 000063f8-000064cc of size 000000d5
(lib_isbasedigit.o (from clib-45gs02-mega65.a) unit 40 section index 2)
    Defines:
        __lib_isbasedigit = 000063f8
    References:
        _Zp in (pseudoRegisters.o (from clib-45gs02-mega65.a) unit 15 section index 2)
    Referenced from:
        strtoul (lib_strtoul.o (from clib-45gs02-mega65.a) unit 39 section index 2)
        __lib_checkbase (lib_checkbase.o (from clib-45gs02-mega65.a) unit 41 section index 2)

ShowAccess in section 'code'
 placed at address 000064cd-000065a2 of size 000000d6
(F:\Entwicklungsprojekte\github-nobru\midnightmega\calypsi\fileio.o unit 2 section index 5)
    Defines:
        ShowAccess = 000064cd
    References:
        _AllocStackSave in (enter.o (from clib-45gs02-mega65.a) unit 20 section index 2)
        _RestoreRegisters in (enter.o (from clib-45gs02-mega65.a) unit 20 section index 4)
        `_StringLiteral_ D` in (F:\Entwicklungsprojekte\github-nobru\midnightmega\calypsi\fileio.o unit 2 section index 157)
        _Zp in (pseudoRegisters.o (from clib-45gs02-mega65.a) unit 15 section index 2)
        cputc in (F:\Entwicklungsprojekte\github-nobru\midnightmega\calypsi\conio.o unit 8 section index 39)
        csputdec in (F:\Entwicklungsprojekte\github-nobru\midnightmega\calypsi\conioextensions.o unit 3 section index 12)
        hline in (F:\Entwicklungsprojekte\github-nobru\midnightmega\calypsi\conio.o unit 8 section index 54)
        mcputsxy in (F:\Entwicklungsprojekte\github-nobru\midnightmega\calypsi\conioextensions.o unit 3 section index 23)
        option in (F:\Entwicklungsprojekte\github-nobru\midnightmega\calypsi\fileio.o unit 2 section index 153)
        revers in (F:\Entwicklungsprojekte\github-nobru\midnightmega\calypsi\conio.o unit 8 section index 27)
        textcolor in (F:\Entwicklungsprojekte\github-nobru\midnightmega\calypsi\conio.o unit 8 section index 25)
    Referenced from:
        ReadSector (F:\Entwicklungsprojekte\github-nobru\midnightmega\calypsi\fileio.o unit 2 section index 8)
        WriteSector (F:\Entwicklungsprojekte\github-nobru\midnightmega\calypsi\fileio.o unit 2 section index 9)

cputsxy in section 'code'  placed at address 000065a3-0000667e of size 000000dc
(F:\Entwicklungsprojekte\github-nobru\midnightmega\calypsi\conio.o unit 8 section index 49)
    Defines:
        cputsxy = 000065a3
    References:
        _DecVsp in (stack.o (from clib-45gs02-mega65.a) unit 26 section index 2)
        _IncVsp in (stack.o (from clib-45gs02-mega65.a) unit 26 section index 3)
        _RestoreRegisters in (enter.o (from clib-45gs02-mega65.a) unit 20 section index 4)
        _Vsp in (pseudoRegisters.o (from clib-45gs02-mega65.a) unit 15 section index 2)
        _Zp in (pseudoRegisters.o (from clib-45gs02-mega65.a) unit 15 section index 2)
        lcopy in (F:\Entwicklungsprojekte\github-nobru\midnightmega\mega65-libc\src\memory.o unit 9 section index 8)
        lfill in (F:\Entwicklungsprojekte\github-nobru\midnightmega\mega65-libc\src\memory.o unit 9 section index 9)
        strlen in (lib_strlen.o (from clib-45gs02-mega65.a) unit 27 section index 2)
    Referenced from:
        mcputsxy (F:\Entwicklungsprojekte\github-nobru\midnightmega\calypsi\conioextensions.o unit 3 section index 23)
        cinput2 (F:\Entwicklungsprojekte\github-nobru\midnightmega\calypsi\conioextensions.o unit 3 section index 33)
        messagebox (F:\Entwicklungsprojekte\github-nobru\midnightmega\calypsi\conioextensions.o unit 3 section index 35)
        (F:\Entwicklungsprojekte\github-nobru\midnightmega\calypsi\conioextensions.o unit 3 section index 44)
        (F:\Entwicklungsprojekte\github-nobru\midnightmega\calypsi\conioextensions.o unit 3 section index 62)
        (F:\Entwicklungsprojekte\github-nobru\midnightmega\calypsi\conioextensions.o unit 3 section index 63)
        listbox (F:\Entwicklungsprojekte\github-nobru\midnightmega\calypsi\nav.o unit 4 section index 3)
        cputhex (F:\Entwicklungsprojekte\github-nobru\midnightmega\calypsi\conio.o unit 8 section index 46)
        cputs (F:\Entwicklungsprojekte\github-nobru\midnightmega\calypsi\conio.o unit 8 section index 48)

isallocatedBAMtracksector in section 'code'
 placed at address 0000667f-00006773 of size 000000f5
(F:\Entwicklungsprojekte\github-nobru\midnightmega\calypsi\fileio.o unit 2 section index 27)
    Defines:
        isallocatedBAMtracksector = 0000667f
    References:
        BAMsector in (F:\Entwicklungsprojekte\github-nobru\midnightmega\calypsi\fileio.o unit 2 section index 2)
        _Zp in (pseudoRegisters.o (from clib-45gs02-mega65.a) unit 15 section index 2)
    Referenced from:
        copywholedisk (F:\Entwicklungsprojekte\github-nobru\midnightmega\calypsi\fileio.o unit 2 section index 32)

getsfn in section 'code'  placed at address 00006774-00006872 of size 000000ff
(F:\Entwicklungsprojekte\github-nobru\midnightmega\calypsi\hyppo.o unit 1 section index 24)
    Defines:
        getsfn = 00006774
    References:
        _Zp in (pseudoRegisters.o (from clib-45gs02-mega65.a) unit 15 section index 2)
        hyppofn in (F:\Entwicklungsprojekte\github-nobru\midnightmega\calypsi\hyppo.o unit 1 section index 2)
    Referenced from:
        getallhyppoentries (F:\Entwicklungsprojekte\github-nobru\midnightmega\calypsi\hyppo.o unit 1 section index 26)

menubox in section 'code'  placed at address 00006873-00006975 of size 00000103
(F:\Entwicklungsprojekte\github-nobru\midnightmega\calypsi\nav.o unit 4 section index 9)
    Defines:
        menubox = 00006873
    References:
        Deselect in (F:\Entwicklungsprojekte\github-nobru\midnightmega\calypsi\nav.o unit 4 section index 4)
        _AllocStackSave in (enter.o (from clib-45gs02-mega65.a) unit 20 section index 2)
        _RestoreRegisters in (enter.o (from clib-45gs02-mega65.a) unit 20 section index 4)
        `_StringLiteral_ Menu ` in (F:\Entwicklungsprojekte\github-nobru\midnightmega\calypsi\nav.o unit 4 section index 163)
        `_StringLiteral_Directory entry sorting,` in (F:\Entwicklungsprojekte\github-nobru\midnightmega\calypsi\nav.o unit 4 section index 190)
        `_StringLiteral_on storage card not possible` in (F:\Entwicklungsprojekte\github-nobru\midnightmega\calypsi\nav.o unit 4 section index 266)
        _Zp in (pseudoRegisters.o (from clib-45gs02-mega65.a) unit 15 section index 2)
        cgetc in (F:\Entwicklungsprojekte\github-nobru\midnightmega\calypsi\conio.o unit 8 section index 56)
        ... 5 more
    Referenced from:
        navi (F:\Entwicklungsprojekte\github-nobru\midnightmega\calypsi\nav.o unit 4 section index 17)
        (F:\Entwicklungsprojekte\github-nobru\midnightmega\calypsi\nav.o unit 4 section index 140)

setupbox in section 'code'
 placed at address 00006976-00006a8b of size 00000116
(F:\Entwicklungsprojekte\github-nobru\midnightmega\calypsi\nav.o unit 4 section index 8)
    Defines:
        setupbox = 00006976
    References:
        _AllocStackSave in (enter.o (from clib-45gs02-mega65.a) unit 20 section index 2)
        _RestoreRegisters in (enter.o (from clib-45gs02-mega65.a) unit 20 section index 4)
        `_StringLiteral_ Setup ` in (F:\Entwicklungsprojekte\github-nobru\midnightmega\calypsi\nav.o unit 4 section index 167)
        `_StringLiteral_Currently this option dialog cannot` in (F:\Entwicklungsprojekte\github-nobru\midnightmega\calypsi\nav.o unit 4 section index 186)
        `_StringLiteral_Use the spacebar to select/unselect.` in (F:\Entwicklungsprojekte\github-nobru\midnightmega\calypsi\nav.o unit 4 section index 234)
        `_StringLiteral_accept.` in (F:\Entwicklungsprojekte\github-nobru\midnightmega\calypsi\nav.o unit 4 section index 239)
        `_StringLiteral_be quit unsaved. So use RETURN to` in (F:\Entwicklungsprojekte\github-nobru\midnightmega\calypsi\nav.o unit 4 section index 242)
        `_StringLiteral_copy allocated BAM blocks only` in (F:\Entwicklungsprojekte\github-nobru\midnightmega\calypsi\nav.o unit 4 section index 243)
        ... 8 more
    Referenced from:
        menubox (F:\Entwicklungsprojekte\github-nobru\midnightmega\calypsi\nav.o unit 4 section index 9)
        (F:\Entwicklungsprojekte\github-nobru\midnightmega\calypsi\nav.o unit 4 section index 139)

cputhex in section 'code'  placed at address 00006a8c-00006ba3 of size 00000118
(F:\Entwicklungsprojekte\github-nobru\midnightmega\calypsi\conio.o unit 8 section index 46)
    Defines:
        cputhex = 00006a8c
    References:
        _AllocStack in (enter.o (from clib-45gs02-mega65.a) unit 20 section index 2)
        _DeallocStack in (enter.o (from clib-45gs02-mega65.a) unit 20 section index 4)
        _Vsp in (pseudoRegisters.o (from clib-45gs02-mega65.a) unit 15 section index 2)
        _Zp in (pseudoRegisters.o (from clib-45gs02-mega65.a) unit 15 section index 2)
        cputsxy in (F:\Entwicklungsprojekte\github-nobru\midnightmega\calypsi\conio.o unit 8 section index 49)
    Referenced from:
        mh4printf (F:\Entwicklungsprojekte\github-nobru\midnightmega\calypsi\conioextensions.o unit 3 section index 21)

BAMFreeTracksinaRow in section 'code'
 placed at address 00006ba4-00006cc0 of size 0000011d
(F:\Entwicklungsprojekte\github-nobru\midnightmega\calypsi\fileio.o unit 2 section index 21)
    Defines:
        BAMFreeTracksinaRow = 00006ba4
    References:
        _Vsp in (pseudoRegisters.o (from clib-45gs02-mega65.a) unit 15 section index 2)
        _Zp in (pseudoRegisters.o (from clib-45gs02-mega65.a) unit 15 section index 2)
    Referenced from:
        FreeTracks (F:\Entwicklungsprojekte\github-nobru\midnightmega\calypsi\fileio.o unit 2 section index 22)

messagebox in section 'code'
 placed at address 00006cc1-00006dde of size 0000011e
(F:\Entwicklungsprojekte\github-nobru\midnightmega\calypsi\conioextensions.o unit 3 section index 35)
    Defines:
        messagebox = 00006cc1
    References:
        `_StringLiteral_   OK   ` in (F:\Entwicklungsprojekte\github-nobru\midnightmega\calypsi\nav.o unit 4 section index 150)
        `_StringLiteral_ Cancel ` in (F:\Entwicklungsprojekte\github-nobru\midnightmega\calypsi\conioextensions.o unit 3 section index 81)
        `_StringLiteral_ Midnight Mega ` in (F:\Entwicklungsprojekte\github-nobru\midnightmega\calypsi\nav.o unit 4 section index 164)
        `_StringLiteral_ The MEGA65 file commander ` in (F:\Entwicklungsprojekte\github-nobru\midnightmega\calypsi\nav.o unit 4 section index 169)
        `_StringLiteral_=` in (F:\Entwicklungsprojekte\github-nobru\midnightmega\calypsi\conioextensions.o unit 3 section index 84)
        `_StringLiteral_github.com/nobruinfo` in (F:\Entwicklungsprojekte\github-nobru\midnightmega\calypsi\conioextensions.o unit 3 section index 85)
        `_StringLiteral_v0.6.7-beta` in (F:\Entwicklungsprojekte\github-nobru\midnightmega\calypsi\nav.o unit 4 section index 285)
        _Vsp in (pseudoRegisters.o (from clib-45gs02-mega65.a) unit 15 section index 2)
        ... 6 more
    Referenced from:
        (F:\Entwicklungsprojekte\github-nobru\midnightmega\calypsi\fileio.o unit 2 section index 97)
        (F:\Entwicklungsprojekte\github-nobru\midnightmega\calypsi\conioextensions.o unit 3 section index 64)
        (F:\Entwicklungsprojekte\github-nobru\midnightmega\calypsi\nav.o unit 4 section index 24)

cinput2 in section 'code'  placed at address 00006ddf-00006f02 of size 00000124
(F:\Entwicklungsprojekte\github-nobru\midnightmega\calypsi\conioextensions.o unit 3 section index 33)
    Defines:
        cinput2 = 00006ddf
    References:
        _RestoreRegisters in (enter.o (from clib-45gs02-mega65.a) unit 20 section index 4)
        _Zp in (pseudoRegisters.o (from clib-45gs02-mega65.a) unit 15 section index 2)
        blink in (F:\Entwicklungsprojekte\github-nobru\midnightmega\calypsi\conio.o unit 8 section index 29)
        cgetc in (F:\Entwicklungsprojekte\github-nobru\midnightmega\calypsi\conio.o unit 8 section index 56)
        cputc in (F:\Entwicklungsprojekte\github-nobru\midnightmega\calypsi\conio.o unit 8 section index 39)
        cputsxy in (F:\Entwicklungsprojekte\github-nobru\midnightmega\calypsi\conio.o unit 8 section index 49)
        flushkeybuf in (F:\Entwicklungsprojekte\github-nobru\midnightmega\calypsi\conio.o unit 8 section index 59)
        gotoxy in (F:\Entwicklungsprojekte\github-nobru\midnightmega\calypsi\conio.o unit 8 section index 34)
        wherex in (F:\Entwicklungsprojekte\github-nobru\midnightmega\calypsi\conio.o unit 8 section index 37)
        wherey in (F:\Entwicklungsprojekte\github-nobru\midnightmega\calypsi\conio.o unit 8 section index 38)
    Referenced from:
        inputbox (F:\Entwicklungsprojekte\github-nobru\midnightmega\calypsi\conioextensions.o unit 3 section index 38)

romlist in section 'code'  placed at address 00006f03-00007028 of size 00000126
(F:\Entwicklungsprojekte\github-nobru\midnightmega\calypsi\romlist.o unit 7 section index 2)
    Defines:
        romlist = 00006f03
    References:
        _AllocStackSave in (enter.o (from clib-45gs02-mega65.a) unit 20 section index 2)
        _DecVsp in (stack.o (from clib-45gs02-mega65.a) unit 26 section index 2)
        _IncVsp in (stack.o (from clib-45gs02-mega65.a) unit 26 section index 3)
        _RestoreRegisters in (enter.o (from clib-45gs02-mega65.a) unit 20 section index 4)
        `_StringLiteral_MEGA65.ROM` in (F:\Entwicklungsprojekte\github-nobru\midnightmega\calypsi\romlist.o unit 7 section index 5)
        `_StringLiteral_MEGA650.ROM` in (F:\Entwicklungsprojekte\github-nobru\midnightmega\calypsi\romlist.o unit 7 section index 6)
        `_StringLiteral_file is a directory.` in (F:\Entwicklungsprojekte\github-nobru\midnightmega\calypsi\romlist.o unit 7 section index 7)
        `_StringLiteral_file not found.` in (F:\Entwicklungsprojekte\github-nobru\midnightmega\calypsi\romlist.o unit 7 section index 8)
        ... 15 more
    Referenced from:
        rombox (F:\Entwicklungsprojekte\github-nobru\midnightmega\calypsi\nav.o unit 4 section index 13)

strtol in section 'code'  placed at address 00007029-00007154 of size 0000012c
(lib_strtol.o (from clib-45gs02-mega65.a) unit 37 section index 2)
    Defines:
        strtol = 00007029
    References:
        _AllocStackSave in (enter.o (from clib-45gs02-mega65.a) unit 20 section index 2)
        _DeallocStackRestore in (enter.o (from clib-45gs02-mega65.a) unit 20 section index 4)
        _FillQ in (spill.o (from clib-45gs02-mega65.a) unit 29 section index 10)
        _SpillZP in (spill.o (from clib-45gs02-mega65.a) unit 29 section index 8)
        _Vsp in (pseudoRegisters.o (from clib-45gs02-mega65.a) unit 15 section index 2)
        _Zp in (pseudoRegisters.o (from clib-45gs02-mega65.a) unit 15 section index 2)
        __lib_skipspace in (lib_skipspace.o (from clib-45gs02-mega65.a) unit 42 section index 2)
        strtoul in (lib_strtoul.o (from clib-45gs02-mega65.a) unit 39 section index 2)
    Referenced from:
        atoi (lib_atoi.o (from clib-45gs02-mega65.a) unit 36 section index 2)

text in section 'code'  placed at address 00007155-000072ab of size 00000157
(F:\Entwicklungsprojekte\github-nobru\midnightmega\calypsi\texts.o unit 5 section index 3)
    Defines:
        text = 00007155
    References:
        _AllocStackSave in (enter.o (from clib-45gs02-mega65.a) unit 20 section index 2)
        _RestoreRegisters in (enter.o (from clib-45gs02-mega65.a) unit 20 section index 4)
        `_StringLiteral_ byte=` in (F:\Entwicklungsprojekte\github-nobru\midnightmega\calypsi\texts.o unit 5 section index 9)
        `_StringLiteral_ERROR text data instance function undefined! ` in (F:\Entwicklungsprojekte\github-nobru\midnightmega\calypsi\texts.o unit 5 section index 10)
        `_StringLiteral_ERROR text data instance not found! ` in (F:\Entwicklungsprojekte\github-nobru\midnightmega\calypsi\texts.o unit 5 section index 11)
        _ValueSwitch16 in (vswitch16.o (from clib-45gs02-mega65.a) unit 28 section index 2)
        _Zp in (pseudoRegisters.o (from clib-45gs02-mega65.a) unit 15 section index 2)
        blockreadbyte in (F:\Entwicklungsprojekte\github-nobru\midnightmega\calypsi\texts.o unit 5 section index 2)
        ... 5 more
    Referenced from:
        menubox (F:\Entwicklungsprojekte\github-nobru\midnightmega\calypsi\nav.o unit 4 section index 9)
        helpbegin (F:\Entwicklungsprojekte\github-nobru\midnightmega\calypsi\nav.o unit 4 section index 10)
        helpbox (F:\Entwicklungsprojekte\github-nobru\midnightmega\calypsi\nav.o unit 4 section index 11)
        navi (F:\Entwicklungsprojekte\github-nobru\midnightmega\calypsi\nav.o unit 4 section index 17)
        (F:\Entwicklungsprojekte\github-nobru\midnightmega\calypsi\texts.o unit 5 section index 8)

copywholedisk in section 'code'
 placed at address 000072ac-00007416 of size 0000016b
(F:\Entwicklungsprojekte\github-nobru\midnightmega\calypsi\fileio.o unit 2 section index 32)
    Defines:
        copywholedisk = 000072ac
    References:
        GetWholeSector in (F:\Entwicklungsprojekte\github-nobru\midnightmega\calypsi\fileio.o unit 2 section index 10)
        _RestoreRegisters in (enter.o (from clib-45gs02-mega65.a) unit 20 section index 4)
        `_StringLiteral_Reading...` in (F:\Entwicklungsprojekte\github-nobru\midnightmega\calypsi\nav.o unit 4 section index 225)
        _Zp in (pseudoRegisters.o (from clib-45gs02-mega65.a) unit 15 section index 2)
        isallocatedBAMtracksector in (F:\Entwicklungsprojekte\github-nobru\midnightmega\calypsi\fileio.o unit 2 section index 27)
        option in (F:\Entwicklungsprojekte\github-nobru\midnightmega\calypsi\fileio.o unit 2 section index 153)
        progress in (F:\Entwicklungsprojekte\github-nobru\midnightmega\calypsi\conioextensions.o unit 3 section index 37)
        tracksectorstring in (F:\Entwicklungsprojekte\github-nobru\midnightmega\calypsi\fileio.o unit 2 section index 31)
    Referenced from:
        navi (F:\Entwicklungsprojekte\github-nobru\midnightmega\calypsi\nav.o unit 4 section index 17)

mcbox in section 'code'  placed at address 00007417-00007581 of size 0000016b
(F:\Entwicklungsprojekte\github-nobru\midnightmega\calypsi\conioextensions.o unit 3 section index 34)
    Defines:
        mcbox = 00007417
    References:
        _DeallocStackRestore in (enter.o (from clib-45gs02-mega65.a) unit 20 section index 4)
        _LoadVspEA in (stack.o (from clib-45gs02-mega65.a) unit 26 section index 6)
        _Mul16 in (integer.o (from clib-45gs02-mega65.a) unit 25 section index 3)
        _Vsp in (pseudoRegisters.o (from clib-45gs02-mega65.a) unit 15 section index 2)
        _Zp in (pseudoRegisters.o (from clib-45gs02-mega65.a) unit 15 section index 2)
        cellcolor in (F:\Entwicklungsprojekte\github-nobru\midnightmega\calypsi\conio.o unit 8 section index 26)
        cputcxy in (F:\Entwicklungsprojekte\github-nobru\midnightmega\calypsi\conio.o unit 8 section index 50)
        getscreensize in (F:\Entwicklungsprojekte\github-nobru\midnightmega\calypsi\conio.o unit 8 section index 15)
        lfill in (F:\Entwicklungsprojekte\github-nobru\midnightmega\mega65-libc\src\memory.o unit 9 section index 9)
        textcolor in (F:\Entwicklungsprojekte\github-nobru\midnightmega\calypsi\conio.o unit 8 section index 25)
    Referenced from:
        messagebox (F:\Entwicklungsprojekte\github-nobru\midnightmega\calypsi\conioextensions.o unit 3 section index 35)
        rombox (F:\Entwicklungsprojekte\github-nobru\midnightmega\calypsi\nav.o unit 4 section index 13)
        navi (F:\Entwicklungsprojekte\github-nobru\midnightmega\calypsi\nav.o unit 4 section index 17)
        (F:\Entwicklungsprojekte\github-nobru\midnightmega\calypsi\nav.o unit 4 section index 35)
        text (F:\Entwicklungsprojekte\github-nobru\midnightmega\calypsi\texts.o unit 5 section index 3)

UpdateSectors in section 'code'
 placed at address 00007582-00007720 of size 0000019f
(F:\Entwicklungsprojekte\github-nobru\midnightmega\calypsi\nav.o unit 4 section index 15)
    Defines:
        UpdateSectors = 00007582
    References:
        BAM2Attic in (F:\Entwicklungsprojekte\github-nobru\midnightmega\calypsi\fileio.o unit 2 section index 16)
        FreeBlocks in (F:\Entwicklungsprojekte\github-nobru\midnightmega\calypsi\fileio.o unit 2 section index 19)
        _RestoreRegisters in (enter.o (from clib-45gs02-mega65.a) unit 20 section index 4)
        `_StringLiteral_real drive` in (F:\Entwicklungsprojekte\github-nobru\midnightmega\calypsi\nav.o unit 4 section index 270)
        _Zp in (pseudoRegisters.o (from clib-45gs02-mega65.a) unit 15 section index 2)
        getDiskname in (F:\Entwicklungsprojekte\github-nobru\midnightmega\calypsi\fileio.o unit 2 section index 25)
        getdirent in (F:\Entwicklungsprojekte\github-nobru\midnightmega\calypsi\fileio.o unit 2 section index 35)
        gethyppodirent in (F:\Entwicklungsprojekte\github-nobru\midnightmega\calypsi\hyppo.o unit 1 section index 27)
        hyppo_get_proc_desc in (F:\Entwicklungsprojekte\github-nobru\midnightmega\calypsi\hyppo.o unit 1 section index 7)
        midnight in (F:\Entwicklungsprojekte\github-nobru\midnightmega\calypsi\nav.o unit 4 section index 2)
        strcopy in (F:\Entwicklungsprojekte\github-nobru\midnightmega\calypsi\conioextensions.o unit 3 section index 6)
    Referenced from:
        (F:\Entwicklungsprojekte\github-nobru\midnightmega\calypsi\nav.o unit 4 section index 22)

BAMSectorUpdate in section 'code'
 placed at address 00007721-000078c9 of size 000001a9
(F:\Entwicklungsprojekte\github-nobru\midnightmega\calypsi\fileio.o unit 2 section index 17)
    Defines:
        BAMSectorUpdate = 00007721
    References:
        _Zp in (pseudoRegisters.o (from clib-45gs02-mega65.a) unit 15 section index 2)
    Referenced from:
        BAMAllocateTracks (F:\Entwicklungsprojekte\github-nobru\midnightmega\calypsi\fileio.o unit 2 section index 24)
        findnextBAMtracksector (F:\Entwicklungsprojekte\github-nobru\midnightmega\calypsi\fileio.o unit 2 section index 28)
        deleteblockchain (F:\Entwicklungsprojekte\github-nobru\midnightmega\calypsi\fileio.o unit 2 section index 30)
        deletedirententry (F:\Entwicklungsprojekte\github-nobru\midnightmega\calypsi\fileio.o unit 2 section index 37)

findnextBAMtracksector in section 'code'
 placed at address 000078ca-00007a9d of size 000001d4
(F:\Entwicklungsprojekte\github-nobru\midnightmega\calypsi\fileio.o unit 2 section index 28)
    Defines:
        findnextBAMtracksector = 000078ca
    References:
        BAMSectorUpdate in (F:\Entwicklungsprojekte\github-nobru\midnightmega\calypsi\fileio.o unit 2 section index 17)
        BAMsector in (F:\Entwicklungsprojekte\github-nobru\midnightmega\calypsi\fileio.o unit 2 section index 2)
        _AllocStackSave in (enter.o (from clib-45gs02-mega65.a) unit 20 section index 2)
        _DeallocStackRestore in (enter.o (from clib-45gs02-mega65.a) unit 20 section index 4)
        _MoveLong16X in (memory.o (from clib-45gs02-mega65.a) unit 32 section index 2)
        _Zp in (pseudoRegisters.o (from clib-45gs02-mega65.a) unit 15 section index 2)
    Referenced from:
        writeblockchain (F:\Entwicklungsprojekte\github-nobru\midnightmega\calypsi\fileio.o unit 2 section index 29)
        writenewdirententry (F:\Entwicklungsprojekte\github-nobru\midnightmega\calypsi\fileio.o unit 2 section index 36)
        (F:\Entwicklungsprojekte\github-nobru\midnightmega\calypsi\fileio.o unit 2 section index 67)

strtoul in section 'code'  placed at address 00007a9e-00007c74 of size 000001d7
(lib_strtoul.o (from clib-45gs02-mega65.a) unit 39 section index 2)
    Defines:
        strtoul = 00007a9e
    References:
        _AllocStackSave in (enter.o (from clib-45gs02-mega65.a) unit 20 section index 2)
        _DeallocStackRestore in (enter.o (from clib-45gs02-mega65.a) unit 20 section index 4)
        _FillQ in (spill.o (from clib-45gs02-mega65.a) unit 29 section index 10)
        _LoadVspEA in (stack.o (from clib-45gs02-mega65.a) unit 26 section index 6)
        _Mul32 in (integer.o (from clib-45gs02-mega65.a) unit 25 section index 5)
        _SpillZP in (spill.o (from clib-45gs02-mega65.a) unit 29 section index 8)
        _Vsp in (pseudoRegisters.o (from clib-45gs02-mega65.a) unit 15 section index 2)
        _Zp in (pseudoRegisters.o (from clib-45gs02-mega65.a) unit 15 section index 2)
        __lib_checkbase in (lib_checkbase.o (from clib-45gs02-mega65.a) unit 41 section index 2)
        __lib_isbasedigit in (lib_isbasedigit.o (from clib-45gs02-mega65.a) unit 40 section index 2)
        __lib_skipspace in (lib_skipspace.o (from clib-45gs02-mega65.a) unit 42 section index 2)
        errno in (errno.o (from clib-45gs02-mega65.a) unit 38 section index 2)
    Referenced from:
        strtol (lib_strtol.o (from clib-45gs02-mega65.a) unit 37 section index 2)

writeblockchain in section 'code'
 placed at address 00007c75-00007e7d of size 00000209
(F:\Entwicklungsprojekte\github-nobru\midnightmega\calypsi\fileio.o unit 2 section index 29)
    Defines:
        writeblockchain = 00007c75
    References:
        PutOneSector in (F:\Entwicklungsprojekte\github-nobru\midnightmega\calypsi\fileio.o unit 2 section index 13)
        PutWholeSector in (F:\Entwicklungsprojekte\github-nobru\midnightmega\calypsi\fileio.o unit 2 section index 12)
        _AllocStackSave in (enter.o (from clib-45gs02-mega65.a) unit 20 section index 2)
        _DeallocStackRestore in (enter.o (from clib-45gs02-mega65.a) unit 20 section index 4)
        _DecVsp in (stack.o (from clib-45gs02-mega65.a) unit 26 section index 2)
        _LoadVspEA in (stack.o (from clib-45gs02-mega65.a) unit 26 section index 6)
        `_StringLiteral_Writing file,` in (F:\Entwicklungsprojekte\github-nobru\midnightmega\calypsi\fileio.o unit 2 section index 171)
        _StringLiteral_max in (F:\Entwicklungsprojekte\github-nobru\midnightmega\calypsi\fileio.o unit 2 section index 176)
        ... 5 more
    Referenced from:
        rewritedirent (F:\Entwicklungsprojekte\github-nobru\midnightmega\calypsi\fileio.o unit 2 section index 39)
        navi (F:\Entwicklungsprojekte\github-nobru\midnightmega\calypsi\nav.o unit 4 section index 17)

listbox in section 'code'  placed at address 00007e7e-000080a8 of size 0000022b
(F:\Entwicklungsprojekte\github-nobru\midnightmega\calypsi\nav.o unit 4 section index 3)
    Defines:
        listbox = 00007e7e
    References:
        _AllocStackSave in (enter.o (from clib-45gs02-mega65.a) unit 20 section index 2)
        _RestoreRegisters in (enter.o (from clib-45gs02-mega65.a) unit 20 section index 4)
        `_StringLiteral_    ` in (F:\Entwicklungsprojekte\github-nobru\midnightmega\calypsi\nav.o unit 4 section index 147)
        _Zp in (pseudoRegisters.o (from clib-45gs02-mega65.a) unit 15 section index 2)
        cputc in (F:\Entwicklungsprojekte\github-nobru\midnightmega\calypsi\conio.o unit 8 section index 39)
        cputs in (F:\Entwicklungsprojekte\github-nobru\midnightmega\calypsi\conio.o unit 8 section index 48)
        cputsxy in (F:\Entwicklungsprojekte\github-nobru\midnightmega\calypsi\conio.o unit 8 section index 49)
        csputdec in (F:\Entwicklungsprojekte\github-nobru\midnightmega\calypsi\conioextensions.o unit 3 section index 12)
        ... 6 more
    Referenced from:
        navi (F:\Entwicklungsprojekte\github-nobru\midnightmega\calypsi\nav.o unit 4 section index 17)

FormatPartition in section 'code'
 placed at address 000080a9-0000830b of size 00000263
(F:\Entwicklungsprojekte\github-nobru\midnightmega\calypsi\fileio.o unit 2 section index 23)
    Defines:
        FormatPartition = 000080a9
    References:
        BAMsector in (F:\Entwicklungsprojekte\github-nobru\midnightmega\calypsi\fileio.o unit 2 section index 2)
        _IncVsp in (stack.o (from clib-45gs02-mega65.a) unit 26 section index 3)
        _RestoreRegisters in (enter.o (from clib-45gs02-mega65.a) unit 20 section index 4)
        `_StringLiteral_BAM/header` in (F:\Entwicklungsprojekte\github-nobru\midnightmega\calypsi\fileio.o unit 2 section index 159)
        `_StringLiteral_directory/BAM` in (F:\Entwicklungsprojekte\github-nobru\midnightmega\calypsi\fileio.o unit 2 section index 174)
        _Zp in (pseudoRegisters.o (from clib-45gs02-mega65.a) unit 15 section index 2)
        lcopy in (F:\Entwicklungsprojekte\github-nobru\midnightmega\mega65-libc\src\memory.o unit 9 section index 8)
        lfill in (F:\Entwicklungsprojekte\github-nobru\midnightmega\mega65-libc\src\memory.o unit 9 section index 9)
        progress in (F:\Entwicklungsprojekte\github-nobru\midnightmega\calypsi\conioextensions.o unit 3 section index 37)
        strcopy in (F:\Entwicklungsprojekte\github-nobru\midnightmega\calypsi\conioextensions.o unit 3 section index 6)
    Referenced from:
        navi (F:\Entwicklungsprojekte\github-nobru\midnightmega\calypsi\nav.o unit 4 section index 17)

deletedirententry in section 'code'
 placed at address 0000830c-0000856e of size 00000263
(F:\Entwicklungsprojekte\github-nobru\midnightmega\calypsi\fileio.o unit 2 section index 37)
    Defines:
        deletedirententry = 0000830c
    References:
        BAMSectorUpdate in (F:\Entwicklungsprojekte\github-nobru\midnightmega\calypsi\fileio.o unit 2 section index 17)
        PutOneSector in (F:\Entwicklungsprojekte\github-nobru\midnightmega\calypsi\fileio.o unit 2 section index 13)
        _AllocStackSave in (enter.o (from clib-45gs02-mega65.a) unit 20 section index 2)
        _DeallocStackRestore in (enter.o (from clib-45gs02-mega65.a) unit 20 section index 4)
        _FillQ in (spill.o (from clib-45gs02-mega65.a) unit 29 section index 10)
        _FillZP in (spill.o (from clib-45gs02-mega65.a) unit 29 section index 9)
        _SpillZP in (spill.o (from clib-45gs02-mega65.a) unit 29 section index 8)
        _Vsp in (pseudoRegisters.o (from clib-45gs02-mega65.a) unit 15 section index 2)
        _Zp in (pseudoRegisters.o (from clib-45gs02-mega65.a) unit 15 section index 2)
        deleteblockchain in (F:\Entwicklungsprojekte\github-nobru\midnightmega\calypsi\fileio.o unit 2 section index 30)
        readdir_dirent in (F:\Entwicklungsprojekte\github-nobru\midnightmega\calypsi\hyppo.o unit 1 section index 3)
    Referenced from:
        navi (F:\Entwicklungsprojekte\github-nobru\midnightmega\calypsi\nav.o unit 4 section index 17)

getallhyppoentries in section 'code'
 placed at address 0000856f-00008801 of size 00000293
(F:\Entwicklungsprojekte\github-nobru\midnightmega\calypsi\hyppo.o unit 1 section index 26)
    Defines:
        getallhyppoentries = 0000856f
    References:
        _AllocStackSave in (enter.o (from clib-45gs02-mega65.a) unit 20 section index 2)
        _FillQ in (spill.o (from clib-45gs02-mega65.a) unit 29 section index 10)
        _RestoreRegisters in (enter.o (from clib-45gs02-mega65.a) unit 20 section index 4)
        _SpillZP in (spill.o (from clib-45gs02-mega65.a) unit 29 section index 8)
        `_StringLiteral_filename is: ` in (F:\Entwicklungsprojekte\github-nobru\midnightmega\calypsi\hyppo.o unit 1 section index 5)
        _Vsp in (pseudoRegisters.o (from clib-45gs02-mega65.a) unit 15 section index 2)
        _Zp in (pseudoRegisters.o (from clib-45gs02-mega65.a) unit 15 section index 2)
        cgetcd in (F:\Entwicklungsprojekte\github-nobru\midnightmega\calypsi\conioextensions.o unit 3 section index 32)
        ... 9 more
    Referenced from:
        gethyppodirent (F:\Entwicklungsprojekte\github-nobru\midnightmega\calypsi\hyppo.o unit 1 section index 27)

swapdirententry in section 'code'
 placed at address 00008802-00008adf of size 000002de
(F:\Entwicklungsprojekte\github-nobru\midnightmega\calypsi\fileio.o unit 2 section index 38)
    Defines:
        swapdirententry = 00008802
    References:
        _AllocStackSave in (enter.o (from clib-45gs02-mega65.a) unit 20 section index 2)
        _FillQ in (spill.o (from clib-45gs02-mega65.a) unit 29 section index 10)
        _IncVsp in (stack.o (from clib-45gs02-mega65.a) unit 26 section index 3)
        _RestoreRegisters in (enter.o (from clib-45gs02-mega65.a) unit 20 section index 4)
        _SpillZP in (spill.o (from clib-45gs02-mega65.a) unit 29 section index 8)
        _Vsp in (pseudoRegisters.o (from clib-45gs02-mega65.a) unit 15 section index 2)
        _Zp in (pseudoRegisters.o (from clib-45gs02-mega65.a) unit 15 section index 2)
        lcopy in (F:\Entwicklungsprojekte\github-nobru\midnightmega\mega65-libc\src\memory.o unit 9 section index 8)
        readdir_dirent in (F:\Entwicklungsprojekte\github-nobru\midnightmega\calypsi\hyppo.o unit 1 section index 3)
    Referenced from:
        navi (F:\Entwicklungsprojekte\github-nobru\midnightmega\calypsi\nav.o unit 4 section index 17)

writenewdirententry in section 'code'
 placed at address 00008ae0-00008ef2 of size 00000413
(F:\Entwicklungsprojekte\github-nobru\midnightmega\calypsi\fileio.o unit 2 section index 36)
    Defines:
        writenewdirententry = 00008ae0
    References:
        _DeallocStackRestore in (enter.o (from clib-45gs02-mega65.a) unit 20 section index 4)
        _FillQ in (spill.o (from clib-45gs02-mega65.a) unit 29 section index 10)
        _LoadVspEA in (stack.o (from clib-45gs02-mega65.a) unit 26 section index 6)
        _SpillZP in (spill.o (from clib-45gs02-mega65.a) unit 29 section index 8)
        _Vsp in (pseudoRegisters.o (from clib-45gs02-mega65.a) unit 15 section index 2)
        _Zp in (pseudoRegisters.o (from clib-45gs02-mega65.a) unit 15 section index 2)
        findnextBAMtracksector in (F:\Entwicklungsprojekte\github-nobru\midnightmega\calypsi\fileio.o unit 2 section index 28)
        lfill in (F:\Entwicklungsprojekte\github-nobru\midnightmega\mega65-libc\src\memory.o unit 9 section index 9)
        readdir_dirent in (F:\Entwicklungsprojekte\github-nobru\midnightmega\calypsi\hyppo.o unit 1 section index 3)
    Referenced from:
        navi (F:\Entwicklungsprojekte\github-nobru\midnightmega\calypsi\nav.o unit 4 section index 17)

shortcuts in section 'code'
 placed at address 00008ef3-0000931c of size 0000042a
(F:\Entwicklungsprojekte\github-nobru\midnightmega\calypsi\nav.o unit 4 section index 6)
    Defines:
        shortcuts = 00008ef3
    References:
        _AllocStackSave in (enter.o (from clib-45gs02-mega65.a) unit 20 section index 2)
        _DeallocStackRestore in (enter.o (from clib-45gs02-mega65.a) unit 20 section index 4)
        _FillQ in (spill.o (from clib-45gs02-mega65.a) unit 29 section index 10)
        _LoadVspEA in (stack.o (from clib-45gs02-mega65.a) unit 26 section index 6)
        _SpillZP in (spill.o (from clib-45gs02-mega65.a) unit 29 section index 8)
        `_StringLiteral_     ` in (F:\Entwicklungsprojekte\github-nobru\midnightmega\calypsi\nav.o unit 4 section index 148)
        `_StringLiteral_      ` in (F:\Entwicklungsprojekte\github-nobru\midnightmega\calypsi\nav.o unit 4 section index 149)
        `_StringLiteral_ 1` in (F:\Entwicklungsprojekte\github-nobru\midnightmega\calypsi\nav.o unit 4 section index 151)
        ... 40 more
    Referenced from:
        cgetcalt (F:\Entwicklungsprojekte\github-nobru\midnightmega\calypsi\nav.o unit 4 section index 14)
        (F:\Entwicklungsprojekte\github-nobru\midnightmega\calypsi\nav.o unit 4 section index 76)

navi in section 'code'  placed at address 0000931d-0000a9fc of size 000016e0
(F:\Entwicklungsprojekte\github-nobru\midnightmega\calypsi\nav.o unit 4 section index 17)
    Defines:
        navi = 0000931d
    References:
        BAMAllocateTracks in (F:\Entwicklungsprojekte\github-nobru\midnightmega\calypsi\fileio.o unit 2 section index 24)
        BAMCheckSizeinFilebuffer in (F:\Entwicklungsprojekte\github-nobru\midnightmega\calypsi\fileio.o unit 2 section index 20)
        Deselect in (F:\Entwicklungsprojekte\github-nobru\midnightmega\calypsi\nav.o unit 4 section index 4)
        FormatPartition in (F:\Entwicklungsprojekte\github-nobru\midnightmega\calypsi\fileio.o unit 2 section index 23)
        FreeTracks in (F:\Entwicklungsprojekte\github-nobru\midnightmega\calypsi\fileio.o unit 2 section index 22)
        GetBAM in (F:\Entwicklungsprojekte\github-nobru\midnightmega\calypsi\fileio.o unit 2 section index 14)
        PutBAM in (F:\Entwicklungsprojekte\github-nobru\midnightmega\calypsi\fileio.o unit 2 section index 15)
        _AllocStackSave in (enter.o (from clib-45gs02-mega65.a) unit 20 section index 2)
        ... 132 more
    Referenced from:
        main (F:\Entwicklungsprojekte\github-nobru\midnightmega\calypsi\midnightmega.o unit 0 section index 17)
        (F:\Entwicklungsprojekte\github-nobru\midnightmega\calypsi\nav.o unit 4 section index 143)
        (F:\Entwicklungsprojekte\github-nobru\midnightmega\calypsi\nav.o unit 4 section index 144)

g_curTextColor in section 'data'
 placed at address 0000a9fd-0000a9fd of size 00000001
(F:\Entwicklungsprojekte\github-nobru\midnightmega\calypsi\conio.o unit 8 section index 3)

p2sbuf in section 'data'  placed at address 0000a9fe-0000a9ff of size 00000002
(F:\Entwicklungsprojekte\github-nobru\midnightmega\calypsi\conioextensions.o unit 3 section index 75)
    References:
        sbuf in (F:\Entwicklungsprojekte\github-nobru\midnightmega\calypsi\conioextensions.o unit 3 section index 2)

p2sbuf in section 'data'  placed at address 0000aa00-0000aa01 of size 00000002
(F:\Entwicklungsprojekte\github-nobru\midnightmega\calypsi\conio.o unit 8 section index 2)

BAMsector in section 'data'
 placed at address 0000aa02-0000aa05 of size 00000004
(F:\Entwicklungsprojekte\github-nobru\midnightmega\calypsi\fileio.o unit 2 section index 2)
    Defines:
        BAMsector = 0000aa02
    Referenced from:
        GetBAM (F:\Entwicklungsprojekte\github-nobru\midnightmega\calypsi\fileio.o unit 2 section index 14)
        BAMCheckSizeinFilebuffer (F:\Entwicklungsprojekte\github-nobru\midnightmega\calypsi\fileio.o unit 2 section index 20)
        FormatPartition (F:\Entwicklungsprojekte\github-nobru\midnightmega\calypsi\fileio.o unit 2 section index 23)
        getDiskname (F:\Entwicklungsprojekte\github-nobru\midnightmega\calypsi\fileio.o unit 2 section index 25)
        isallocatedBAMtracksector (F:\Entwicklungsprojekte\github-nobru\midnightmega\calypsi\fileio.o unit 2 section index 27)
        findnextBAMtracksector (F:\Entwicklungsprojekte\github-nobru\midnightmega\calypsi\fileio.o unit 2 section index 28)
        deleteblockchain (F:\Entwicklungsprojekte\github-nobru\midnightmega\calypsi\fileio.o unit 2 section index 30)
        (F:\Entwicklungsprojekte\github-nobru\midnightmega\calypsi\fileio.o unit 2 section index 50)
        (F:\Entwicklungsprojekte\github-nobru\midnightmega\calypsi\fileio.o unit 2 section index 74)
        (F:\Entwicklungsprojekte\github-nobru\midnightmega\calypsi\fileio.o unit 2 section index 75)
        (F:\Entwicklungsprojekte\github-nobru\midnightmega\calypsi\fileio.o unit 2 section index 121)

worksector in section 'data'
 placed at address 0000aa06-0000aa09 of size 00000004
(F:\Entwicklungsprojekte\github-nobru\midnightmega\calypsi\fileio.o unit 2 section index 3)
    Defines:
        worksector = 0000aa06
    Referenced from:
        readblockchain (F:\Entwicklungsprojekte\github-nobru\midnightmega\calypsi\fileio.o unit 2 section index 26)
        writeblockchain (F:\Entwicklungsprojekte\github-nobru\midnightmega\calypsi\fileio.o unit 2 section index 29)
        deleteblockchain (F:\Entwicklungsprojekte\github-nobru\midnightmega\calypsi\fileio.o unit 2 section index 30)
        (F:\Entwicklungsprojekte\github-nobru\midnightmega\calypsi\fileio.o unit 2 section index 89)
        romlist (F:\Entwicklungsprojekte\github-nobru\midnightmega\calypsi\romlist.o unit 7 section index 2)

worksectorasBAM in section 'data'
 placed at address 0000aa0a-0000aa0d of size 00000004
(F:\Entwicklungsprojekte\github-nobru\midnightmega\calypsi\fileio.o unit 2 section index 4)
    Defines:
        worksectorasBAM = 0000aa0a
    Referenced from:
        (F:\Entwicklungsprojekte\github-nobru\midnightmega\calypsi\fileio.o unit 2 section index 63)

midnight in section 'data'
 placed at address 0000aa0e-0000aa11 of size 00000004
(F:\Entwicklungsprojekte\github-nobru\midnightmega\calypsi\nav.o unit 4 section index 2)
    Defines:
        midnight = 0000aa0e
    Referenced from:
        UpdateSectors (F:\Entwicklungsprojekte\github-nobru\midnightmega\calypsi\nav.o unit 4 section index 15)
        navi (F:\Entwicklungsprojekte\github-nobru\midnightmega\calypsi\nav.o unit 4 section index 17)
        (F:\Entwicklungsprojekte\github-nobru\midnightmega\calypsi\nav.o unit 4 section index 18)
        (F:\Entwicklungsprojekte\github-nobru\midnightmega\calypsi\nav.o unit 4 section index 22)
        (F:\Entwicklungsprojekte\github-nobru\midnightmega\calypsi\nav.o unit 4 section index 23)
        (F:\Entwicklungsprojekte\github-nobru\midnightmega\calypsi\nav.o unit 4 section index 26)
        (F:\Entwicklungsprojekte\github-nobru\midnightmega\calypsi\nav.o unit 4 section index 28)
        (F:\Entwicklungsprojekte\github-nobru\midnightmega\calypsi\nav.o unit 4 section index 30)
        ... 6 more

hexDigits in section 'data'
 placed at address 0000aa12-0000aa21 of size 00000010
(F:\Entwicklungsprojekte\github-nobru\midnightmega\calypsi\conio.o unit 8 section index 4)

__preserve_zp in section 'zpsave'
 placed at address 0000aa22-0000aa59 of size 00000038
(preserve_zero_page.o (from sdk-45gs02-mega65.a) unit 44 section index 2)
    Defines:
        __preserve_zp = 0000aa22

Section 'cstack'  placed at address 0000aa5a-0000ab58 of size 000000ff
(linker generated)

_InitialStack in section 'zdata'
 placed at address 0000ab59-0000ab59 of size 00000001
(commodore-startup.o (from sdk-45gs02-mega65.a) unit 13 section index 11)
    Defines:
        _InitialStack = 0000ab59
    Referenced from:
        (commodore-startup.o (from sdk-45gs02-mega65.a) unit 13 section index 10)
        _Stub_exit (stub_exit.o (from sdk-45gs02-mega65.a) unit 22 section index 2)

__atexit_index in section 'zdata'
 placed at address 0000ab5a-0000ab5b of size 00000002
(atexit.o (from clib-45gs02-mega65.a) unit 19 section index 3)
    Defines:
        __atexit_index = 0000ab5a
    Referenced from:
        exit (exit.o (from clib-45gs02-mega65.a) unit 16 section index 2)

__atexit in section 'zdata'
 placed at address 0000ab5c-0000ab9b of size 00000040
(atexit.o (from clib-45gs02-mega65.a) unit 19 section index 2)
    Defines:
        __atexit = 0000ab5c
    Referenced from:
        exit (exit.o (from clib-45gs02-mega65.a) unit 16 section index 2)

_ExitCloseStreams in section 'zdata'
 placed at address 0000ab9c-0000ab9d of size 00000002
(streamlist.o (from clib-45gs02-mega65.a) unit 45 section index 2)
    Defines:
        _ExitCloseStreams = 0000ab9c
    Referenced from:
        exit (exit.o (from clib-45gs02-mega65.a) unit 16 section index 2)

errno in section 'zdata'  placed at address 0000ab9e-0000ab9f of size 00000002
(errno.o (from clib-45gs02-mega65.a) unit 38 section index 2)
    Defines:
        errno = 0000ab9e
    Referenced from:
        (lib_strtol.o (from clib-45gs02-mega65.a) unit 37 section index 5)
        strtoul (lib_strtoul.o (from clib-45gs02-mega65.a) unit 39 section index 2)

dma_byte in section 'zdata'
 placed at address 0000aba0-0000aba0 of size 00000001
(F:\Entwicklungsprojekte\github-nobru\midnightmega\mega65-libc\src\memory.o unit 9 section index 25)
    Defines:
        dma_byte = 0000aba0
    Referenced from:
        dma_poke (F:\Entwicklungsprojekte\github-nobru\midnightmega\mega65-libc\src\memory.o unit 9 section index 7)

dmalist in section 'zdata'
 placed at address 0000aba1-0000abb4 of size 00000014
(F:\Entwicklungsprojekte\github-nobru\midnightmega\mega65-libc\src\memory.o unit 9 section index 24)
    Defines:
        dmalist = 0000aba1
    Referenced from:
        do_dma (F:\Entwicklungsprojekte\github-nobru\midnightmega\mega65-libc\src\memory.o unit 9 section index 2)
        dma_poke (F:\Entwicklungsprojekte\github-nobru\midnightmega\mega65-libc\src\memory.o unit 9 section index 7)
        lcopy (F:\Entwicklungsprojekte\github-nobru\midnightmega\mega65-libc\src\memory.o unit 9 section index 8)
        lfill (F:\Entwicklungsprojekte\github-nobru\midnightmega\mega65-libc\src\memory.o unit 9 section index 9)
        lfill_skip (F:\Entwicklungsprojekte\github-nobru\midnightmega\mega65-libc\src\memory.o unit 9 section index 10)
        (F:\Entwicklungsprojekte\github-nobru\midnightmega\mega65-libc\src\memory.o unit 9 section index 12)
        (F:\Entwicklungsprojekte\github-nobru\midnightmega\mega65-libc\src\memory.o unit 9 section index 14)
        (F:\Entwicklungsprojekte\github-nobru\midnightmega\mega65-libc\src\memory.o unit 9 section index 16)
        (F:\Entwicklungsprojekte\github-nobru\midnightmega\mega65-libc\src\memory.o unit 9 section index 17)
        (F:\Entwicklungsprojekte\github-nobru\midnightmega\mega65-libc\src\memory.o unit 9 section index 19)
        (F:\Entwicklungsprojekte\github-nobru\midnightmega\mega65-libc\src\memory.o unit 9 section index 20)

g_curScreenH in section 'zdata'
 placed at address 0000abb5-0000abb5 of size 00000001
(F:\Entwicklungsprojekte\github-nobru\midnightmega\calypsi\conio.o unit 8 section index 110)

g_curScreenW in section 'zdata'
 placed at address 0000abb6-0000abb6 of size 00000001
(F:\Entwicklungsprojekte\github-nobru\midnightmega\calypsi\conio.o unit 8 section index 109)

g_curY in section 'zdata'  placed at address 0000abb7-0000abb7 of size 00000001
(F:\Entwicklungsprojekte\github-nobru\midnightmega\calypsi\conio.o unit 8 section index 108)

g_curX in section 'zdata'  placed at address 0000abb8-0000abb8 of size 00000001
(F:\Entwicklungsprojekte\github-nobru\midnightmega\calypsi\conio.o unit 8 section index 107)

legacyHDOSstate in section 'zdata'
 placed at address 0000abb9-0000abb9 of size 00000001
(F:\Entwicklungsprojekte\github-nobru\midnightmega\calypsi\nav.o unit 4 section index 138)
    Defines:
        legacyHDOSstate = 0000abb9
    Referenced from:
        navi (F:\Entwicklungsprojekte\github-nobru\midnightmega\calypsi\nav.o unit 4 section index 17)
        (F:\Entwicklungsprojekte\github-nobru\midnightmega\calypsi\nav.o unit 4 section index 26)
        (F:\Entwicklungsprojekte\github-nobru\midnightmega\calypsi\nav.o unit 4 section index 54)

s in section 'zdata'  placed at address 0000abba-0000ac09 of size 00000050
(F:\Entwicklungsprojekte\github-nobru\midnightmega\calypsi\nav.o unit 4 section index 137)
    Defines:
        s = 0000abba
    Referenced from:
        tracksectorstring (F:\Entwicklungsprojekte\github-nobru\midnightmega\calypsi\fileio.o unit 2 section index 31)
        (F:\Entwicklungsprojekte\github-nobru\midnightmega\calypsi\fileio.o unit 2 section index 43)
        (F:\Entwicklungsprojekte\github-nobru\midnightmega\calypsi\fileio.o unit 2 section index 73)
        listbox (F:\Entwicklungsprojekte\github-nobru\midnightmega\calypsi\nav.o unit 4 section index 3)
        optionstring (F:\Entwicklungsprojekte\github-nobru\midnightmega\calypsi\nav.o unit 4 section index 7)
        (F:\Entwicklungsprojekte\github-nobru\midnightmega\calypsi\nav.o unit 4 section index 48)
        (F:\Entwicklungsprojekte\github-nobru\midnightmega\calypsi\nav.o unit 4 section index 134)

lfnname in section 'zdata'
 placed at address 0000ac0a-0000ac49 of size 00000040
(F:\Entwicklungsprojekte\github-nobru\midnightmega\calypsi\nav.o unit 4 section index 136)
    Defines:
        lfnname = 0000ac0a
    Referenced from:
        navi (F:\Entwicklungsprojekte\github-nobru\midnightmega\calypsi\nav.o unit 4 section index 17)
        (F:\Entwicklungsprojekte\github-nobru\midnightmega\calypsi\nav.o unit 4 section index 66)

disknames in section 'zdata'
 placed at address 0000ac4a-0000ac6b of size 00000022
(F:\Entwicklungsprojekte\github-nobru\midnightmega\calypsi\nav.o unit 4 section index 135)
    Defines:
        disknames = 0000ac4a
    Referenced from:
        navi (F:\Entwicklungsprojekte\github-nobru\midnightmega\calypsi\nav.o unit 4 section index 17)
        (F:\Entwicklungsprojekte\github-nobru\midnightmega\calypsi\nav.o unit 4 section index 106)

sbuf in section 'zdata'  placed at address 0000ac6c-0000acbb of size 00000050
(F:\Entwicklungsprojekte\github-nobru\midnightmega\calypsi\conioextensions.o unit 3 section index 2)
    Defines:
        sbuf = 0000ac6c
    Referenced from:
        (F:\Entwicklungsprojekte\github-nobru\midnightmega\calypsi\conioextensions.o unit 3 section index 75)

option in section 'zdata'  placed at address 0000acbc-0000acbc of size 00000001
(F:\Entwicklungsprojekte\github-nobru\midnightmega\calypsi\fileio.o unit 2 section index 153)
    Defines:
        option = 0000acbc
    Referenced from:
        ShowAccess (F:\Entwicklungsprojekte\github-nobru\midnightmega\calypsi\fileio.o unit 2 section index 5)
        copywholedisk (F:\Entwicklungsprojekte\github-nobru\midnightmega\calypsi\fileio.o unit 2 section index 32)
        (F:\Entwicklungsprojekte\github-nobru\midnightmega\calypsi\fileio.o unit 2 section index 129)
        setupbox (F:\Entwicklungsprojekte\github-nobru\midnightmega\calypsi\nav.o unit 4 section index 8)
        navi (F:\Entwicklungsprojekte\github-nobru\midnightmega\calypsi\nav.o unit 4 section index 17)
        (F:\Entwicklungsprojekte\github-nobru\midnightmega\calypsi\nav.o unit 4 section index 58)

direntflags in section 'zdata'
 placed at address 0000acbd-0000aeac of size 000001f0
(F:\Entwicklungsprojekte\github-nobru\midnightmega\calypsi\fileio.o unit 2 section index 152)
    Defines:
        direntflags = 0000acbd
    Referenced from:
        Deselect (F:\Entwicklungsprojekte\github-nobru\midnightmega\calypsi\nav.o unit 4 section index 4)
        sizeselectcurrentifnone (F:\Entwicklungsprojekte\github-nobru\midnightmega\calypsi\nav.o unit 4 section index 16)
        navi (F:\Entwicklungsprojekte\github-nobru\midnightmega\calypsi\nav.o unit 4 section index 17)
        (F:\Entwicklungsprojekte\github-nobru\midnightmega\calypsi\nav.o unit 4 section index 20)
        (F:\Entwicklungsprojekte\github-nobru\midnightmega\calypsi\nav.o unit 4 section index 124)

lastdoublesector in section 'zdata'
 placed at address 0000aead-0000aead of size 00000001
(F:\Entwicklungsprojekte\github-nobru\midnightmega\calypsi\fileio.o unit 2 section index 151)
    Defines:
        lastdoublesector = 0000aead
    Referenced from:
        ReadSector (F:\Entwicklungsprojekte\github-nobru\midnightmega\calypsi\fileio.o unit 2 section index 8)

prevtrack in section 'zdata'
 placed at address 0000aeae-0000aeae of size 00000001
(F:\Entwicklungsprojekte\github-nobru\midnightmega\calypsi\fileio.o unit 2 section index 150)
    Defines:
        prevtrack = 0000aeae
    Referenced from:
        _miniInit (F:\Entwicklungsprojekte\github-nobru\midnightmega\calypsi\fileio.o unit 2 section index 6)
        ReadSector (F:\Entwicklungsprojekte\github-nobru\midnightmega\calypsi\fileio.o unit 2 section index 8)
        WriteSector (F:\Entwicklungsprojekte\github-nobru\midnightmega\calypsi\fileio.o unit 2 section index 9)

lastdrive in section 'zdata'
 placed at address 0000aeaf-0000aeaf of size 00000001
(F:\Entwicklungsprojekte\github-nobru\midnightmega\calypsi\fileio.o unit 2 section index 149)
    Defines:
        lastdrive = 0000aeaf
    Referenced from:
        ReadSector (F:\Entwicklungsprojekte\github-nobru\midnightmega\calypsi\fileio.o unit 2 section index 8)
        (F:\Entwicklungsprojekte\github-nobru\midnightmega\calypsi\fileio.o unit 2 section index 120)
        (F:\Entwicklungsprojekte\github-nobru\midnightmega\calypsi\fileio.o unit 2 section index 122)

direntryblock2 in section 'zdata'
 placed at address 0000aeb0-0000aecf of size 00000020
(F:\Entwicklungsprojekte\github-nobru\midnightmega\calypsi\hyppo.o unit 1 section index 47)
    Defines:
        direntryblock2 = 0000aeb0
    Referenced from:
        getallhyppoentries (F:\Entwicklungsprojekte\github-nobru\midnightmega\calypsi\hyppo.o unit 1 section index 26)

fnamehi in section 'zdata'
 placed at address 0000aed0-0000aed0 of size 00000001
(F:\Entwicklungsprojekte\github-nobru\midnightmega\calypsi\hyppo.o unit 1 section index 46)

##########################
#                        #
# Memory sizes (decimal) #
#                        #
##########################

Executable       (Text): 35361 bytes
Data                   :   888 bytes
Non-initialized        :   367 bytes
