###############################################################################
#                                                                             #
# Calypsi ISO C compiler for 6502                                version 5.13 #
#                                                       29/Nov/2025  19:46:23 #
# Command line:                                                               #
#               --list-file=F:\Entwicklungsprojekte\github-nobru\midnightmega\calypsi\nav.lst #
#               -D asm=__asm -I calypsi.h -D VERSION="v0.6.7-beta" -I         #
#               ..\mega65-libc\include -O 2 --core 45gs02 --target MEGA65     #
#               -D FULLFEATURES -o                                            #
#               F:\Entwicklungsprojekte\github-nobru\midnightmega\calypsi\nav.o #
#               nav.c                                                         #
#                                                                             #
###############################################################################

    \ 0000                      .rtmodel version,"1"
    \ 0000                      .rtmodel codeModel,"plain"
    \ 0000                      .rtmodel core,"45gs02"
    \ 0000                      .rtmodel doubleSize,"32"
    \ 0000                      .rtmodel target,"mega65"
    \ 0000                      .extern BAM2Attic
    \ 0000                      .extern BAMAllocateTracks
    \ 0000                      .extern BAMCheckSizeinFilebuffer
    \ 0000                      .extern FormatPartition
    \ 0000                      .extern FreeBlocks
    \ 0000                      .extern FreeTracks
    \ 0000                      .extern GetBAM
    \ 0000                      .extern PutBAM
    \ 0000                      .extern _AllocStackSave
    \ 0000                      .extern _DeallocStackRestore
    \ 0000                      .extern _DecVsp
    \ 0000                      .extern _DivMod16
    \ 0000                      .extern _FillQ
    \ 0000                      .extern _IncVsp
    \ 0000                      .extern _LoadVspEA
    \ 0000                      .extern _Mul8
    \ 0000                      .extern _RestoreRegisters
    \ 0000                      .extern _SpillZP
    \ 0000                      .extern _UDivMod16
    \ 0000                      .extern _ValueSwitch16
    \ 0000                      .extern _Vfp
    \ 0000                      .extern _Vsp
    \ 0000                      .extern _Zp
    \ 0000                      .extern _miniInit
    \ 0000                      .extern atoi
    \ 0000                      .extern blink
    \ 0000                      .extern bordercolor
    \ 0000                      .extern cgetc
    \ 0000                      .extern copywholedisk
    \ 0000                      .extern cputc
    \ 0000                      .extern cputcxy
    \ 0000                      .extern cputs
    \ 0000                      .extern cputsxy
    \ 0000                      .extern csputdec
    \ 0000                      .extern deletedirententry
    \ 0000                      .extern direntflags
    \ 0000                      .extern getDiskname
    \ 0000                      .extern getdirent
    \ 0000                      .extern getdirententry
    \ 0000                      .extern gethyppodirent
    \ 0000                      .extern getkeymodstate
    \ 0000                      .extern getscreenaddr
    \ 0000                      .extern getscreensize
    \ 0000                      .extern gettype
    \ 0000                      .extern gotoxy
    \ 0000                      .extern hyppo_chdir
    \ 0000                      .extern hyppo_closedir
    \ 0000                      .extern hyppo_d81attach0
    \ 0000                      .extern hyppo_d81attach1
    \ 0000                      .extern hyppo_dos_attach
    \ 0000                      .extern hyppo_findfirst
    \ 0000                      .extern hyppo_freeze_self
    \ 0000                      .extern hyppo_get_proc_desc
    \ 0000                      .extern hyppo_getversion_majorHDOS
    \ 0000                      .extern hyppo_getversion_majorhyppo
    \ 0000                      .extern hyppo_getversion_minorHDOS
    \ 0000                      .extern hyppo_getversion_minorhyppo
    \ 0000                      .extern hyppo_rmdir
    \ 0000                      .extern hyppo_rmfile
    \ 0000                      .extern hyppo_setname
    \ 0000                      .extern inputbox
    \ 0000                      .extern lcopy
    \ 0000                      .extern lfill
    \ 0000                      .extern mcbox
    \ 0000                      .extern mcputc
    \ 0000                      .extern mcputsxy
    \ 0000                      .extern messagebox
    \ 0000                      .extern msprintf
    \ 0000                      .extern mstrcmp
    \ 0000                      .extern option
    \ 0000                      .extern petsciitoscreencode_s
    \ 0000                      .extern progress
    \ 0000                      .extern readblockchain
    \ 0000                      .extern renamedisk
    \ 0000                      .extern revers
    \ 0000                      .extern rewritedirent
    \ 0000                      .extern romlist
    \ 0000                      .extern sidbong
    \ 0000                      .extern strcopy
    \ 0000                      .extern strcpy
    \ 0000                      .extern strmakefilename
    \ 0000                      .extern swapdirententry
    \ 0000                      .extern taskblock
    \ 0000                      .extern text
    \ 0000                      .extern textcolor
    \ 0000                      .extern usleep
    \ 0000                      .extern wherex
    \ 0000                      .extern writeblockchain
    \ 0000                      .extern writenewdirententry
0001                #include <stdlib.h>
0002                #include <stdint.h>
0003                #include <stdio.h>
0004                #include <string.h>
0005                #include <limits.h>
0006                #include <mega65/conio.h>  // llvm instead of <printf.h>
0007                #include <mega65/memory.h>  // mega65-libc
0008                #include <mega65/hal.h>  // mega65-libc
0009                #include "regions.h"
0010                #include "conioextensions.h"
0011                #include "hyppo.h"
0012                #include "fileio.h"
0013                #include "texts.h"
0014                #include "romlist.h"
0015                #include "nav.h"
0016                #include "sid.h"
0017
0018                // *********************************************************
0019                // ***  nav.c Midnight Mega's window mgmt                ***
0020                // *********************************************************
0021
0022                // flags and stuff:
0023                // __attribute__((section(".data")))
0024                MIDNIGHT* midnight[2] = { (MIDNIGHT*) MIDNIGHTLEFTPAGE,
    \ 0000                      .section data,data
    \ 0000                      .public midnight
    \ 0000 001d001e midnight:   .word   0x1d00,0x1e00
0025                                          (MIDNIGHT*) MIDNIGHTRIGHTPAGE };
0026                unsigned char disknames[2][DOSFILENAMELEN + 1]; // @@ change for pointer
    \ 0000                      .section zdata,bss
    \ 0000                      .public disknames
    \ 0000          disknames:  .space  34
0027                unsigned char lfnname[LFNFILENAMELEN];         // @@ change for pointer
    \ 0000                      .section zdata,bss
    \ 0000                      .public lfnname
    \ 0000          lfnname:    .space  64
0028
0029                #define DIRENTPERSCREEN 22
0030                // @@ The in here present recognition of 0xa0 is also in conioextensions.c
0031                // @@ string build-up may be used elsewhere
0032                unsigned char s[2 * DOSFILENAMEANDTYPELEN]; // @@@@
    \ 0000                      .section zdata,bss
    \ 0000                      .public s
    \ 0000          s:          .space  80
0033                void listbox(unsigned char iscurrent, unsigned char side,
0034                             unsigned char x, unsigned char y,
0035                             unsigned char currentitem, unsigned char nbritems)  {
    \ 0000                      .section code,text
    \ 0000                      .public listbox
    \ 0000 a200     listbox:    ldx     #0
    \ 0002 a00b                 ldy     #11
    \ 0004 20....               jsr     _AllocStackSave
    \ 0007 85..                 sta     zp:_Zp+27
    \ 0009 a5..                 lda     zp:_Zp
    \ 000b 85..                 sta     zp:_Zp+32
    \ 000d a5..                 lda     zp:_Zp+1
    \ 000f 85..                 sta     zp:_Zp+33
    \ 0011 a5..                 lda     zp:_Zp+2
    \ 0013 85..                 sta     zp:_Zp+34
    \ 0015 a5..                 lda     zp:_Zp+3
    \ 0017 85..                 sta     zp:_Zp+35
    \ 0019 a5..                 lda     zp:_Zp+4
    \ 001b 85..                 sta     zp:_Zp+26
0036                  unsigned int n;
0037                  unsigned char i;
0038                  unsigned char j;
0039                  unsigned int ofs = 0;
    \ 001d 8a                   txa
    \ 001e 85..                 sta     zp:_Zp+30
    \ 0020 85..                 sta     zp:_Zp+31
0040                  DIRENT* ds;
0041
0042                  if (currentitem + 1 >= DIRENTPERSCREEN)  ofs = currentitem + 1 - DIRENTPERSCREEN;
    \ 0022 a6..                 ldx     zp:_Zp+35
    \ 0024 86..                 stx     zp:_Zp
    \ 0026 85..                 sta     zp:_Zp+1
    \ 0028 e3..                 inw     zp:_Zp
    \ 002a a5..                 lda     zp:_Zp
    \ 002c c916                 cmp     #22
    \ 002e a5..                 lda     zp:_Zp+1
    \ 0030 e900                 sbc     #0
    \ 0032 5002                 bvc     `?L833`
    \ 0034 4980                 eor     #-128
    \ 0036 300d     `?L833`:    bmi     `?L5`
    \ 0038 a5..                 lda     zp:_Zp+35
    \ 003a 18                   clc
    \ 003b 69eb                 adc     #235
    \ 003d 85..                 sta     zp:_Zp+30
    \ 003f a900                 lda     #0
    \ 0041 69ff                 adc     #255
    \ 0043 85..                 sta     zp:_Zp+31
    \ 0045          `?L5`:
0043
0044                  for (n = 0 ; n < DIRENTPERSCREEN; n++)  {
    \ 0045 20....               jsr     `?L2066`
    \ 0048          `?L8`:
    \ 0048 a5..                 lda     zp:_Zp+28
    \ 004a c916                 cmp     #22
    \ 004c a5..                 lda     zp:_Zp+29
    \ 004e e900                 sbc     #0
    \ 0050 b3d101               lbcs    `?L10`
0045                    ds = getdirententry(side, n + ofs);
    \ 0053 a5..                 lda     zp:_Zp+30
    \ 0055 18                   clc
    \ 0056 65..                 adc     zp:_Zp+28
    \ 0058 85..                 sta     zp:_Zp
    \ 005a a5..                 lda     zp:_Zp+31
    \ 005c 65..                 adc     zp:_Zp+29
    \ 005e 85..                 sta     zp:_Zp+1
    \ 0060 a5..                 lda     zp:_Zp+32
    \ 0062 20....               jsr     getdirententry
0046                    if (ds == NULL || (n + ofs) > nbritems)  break;
    \ 0065 20....               jsr     `?L2030`
    \ 0068 a5..                 lda     zp:_Zp+24
    \ 006a 05..                 ora     zp:_Zp+25
    \ 006c f3b501               lbeq    `?L10`
    \ 006f a6..                 ldx     zp:_Zp+26
    \ 0071 20....               jsr     `?L1960`
    \ 0074 85..                 sta     zp:_Zp+1
    \ 0076 a5..                 lda     zp:_Zp+30
    \ 0078 18                   clc
    \ 0079 65..                 adc     zp:_Zp+28
    \ 007b 85..                 sta     zp:_Zp+2
    \ 007d a5..                 lda     zp:_Zp+31
    \ 007f 65..                 adc     zp:_Zp+29
    \ 0081 20....               jsr     `?L2049`
    \ 0084 939d01               lbcc    `?L10`
0047
0048                    i = 0;
    \ 0087 a900                 lda     #0
    \ 0089 85..                 sta     zp:_Zp+2
0049                    if (n + ofs == currentitem)  s[i++] = '>';
    \ 008b 20....               jsr     `?L1933`
    \ 008e d009                 bne     `?L15`
    \ 0090 a5..                 lda     zp:_Zp+2
    \ 0092 e6..                 inc     zp:_Zp+2
    \ 0094 aa                   tax
    \ 0095 a93e                 lda     #62
    \ 0097 8007                 bra     `?L1818`
    \ 0099          `?L15`:
0050                    else                   s[i++] = ' ';
    \ 0099 a5..                 lda     zp:_Zp+2
    \ 009b e6..                 inc     zp:_Zp+2
    \ 009d aa                   tax
    \ 009e a920                 lda     #32
    \ 00a0          `?L1818`:
    \ 00a0 9d....               sta     s,x
0051                    s[i++] = ' ';
    \ 00a3 a5..                 lda     zp:_Zp+2
    \ 00a5 e6..                 inc     zp:_Zp+2
0052                    j = 0;
    \ 00a7 20....               jsr     `?L1958`
    \ 00aa a900                 lda     #0
    \ 00ac 85..                 sta     zp:_Zp
    \ 00ae          `?L18`:
0053                    while (ds->name[j] != 0xa0 && ds->name[j] != 0 && j < DOSFILENAMELEN)  {
    \ 00ae 20....               jsr     `?L1977`
    \ 00b1 18                   clc
    \ 00b2 a5..                 lda     zp:_Zp+4
    \ 00b4 65..                 adc     zp:_Zp
    \ 00b6 85..                 sta     zp:_Zp+4
    \ 00b8 9002                 bcc     `?L836`
    \ 00ba e6..                 inc     zp:_Zp+5
    \ 00bc a000     `?L836`:    ldy     #0
    \ 00be b1..                 lda     (_Zp+4),y
    \ 00c0 c9a0                 cmp     #-96
    \ 00c2 f02f                 beq     `?L22`
    \ 00c4 20....               jsr     `?L1977`
    \ 00c7 ab....               ldz     _Zp
    \ 00ca b2..                 lda     (_Zp+4),z
    \ 00cc f025                 beq     `?L22`
    \ 00ce ab....               ldz     _Zp
    \ 00d1 c210                 cpz     #16
    \ 00d3 b01e                 bcs     `?L22`
0054                      s[i++] = ds->name[j];
    \ 00d5 20....               jsr     `?L1977`
    \ 00d8 18                   clc
    \ 00d9 a5..                 lda     zp:_Zp+4
    \ 00db 65..                 adc     zp:_Zp
    \ 00dd 85..                 sta     zp:_Zp+4
    \ 00df 9002                 bcc     `?L838`
    \ 00e1 e6..                 inc     zp:_Zp+5
    \ 00e3          `?L838`:
    \ 00e3 a5..                 lda     zp:_Zp+2
    \ 00e5 e6..                 inc     zp:_Zp+2
    \ 00e7 aa                   tax
    \ 00e8 a300                 ldz     #0
    \ 00ea b2..                 lda     (_Zp+4),z
    \ 00ec 9d....               sta     s,x
0055                      j++;
    \ 00ef e6..                 inc     zp:_Zp
    \ 00f1 80bb                 bra     `?L18`
    \ 00f3          `?L22`:
0056                    }
0057                    for ( ; j < DOSFILENAMELEN; j++)  s[i++] = ' ';
    \ 00f3 ab....               ldz     _Zp
    \ 00f6 c210                 cpz     #16
    \ 00f8 931d01               lbcc    `?L21`
0058                    s[i++] = ' ';
    \ 00fb a5..                 lda     zp:_Zp+2
    \ 00fd e6..                 inc     zp:_Zp+2
0059                    s[i++] = 93; // '|';
0060                    s[i++] = ' ';
0061                    i = gettype(ds->type, s, i);
    \ 00ff 20....               jsr     `?L1958`
    \ 0102 a5..                 lda     zp:_Zp+2
    \ 0104 e6..                 inc     zp:_Zp+2
    \ 0106 aa                   tax
    \ 0107 a95d                 lda     #93
    \ 0109 9d....               sta     s,x
    \ 010c a5..                 lda     zp:_Zp+2
    \ 010e e6..                 inc     zp:_Zp+2
    \ 0110 20....               jsr     `?L1958`
    \ 0113 a9..                 lda     #.byte0 s
    \ 0115 85..                 sta     zp:_Zp
    \ 0117 a9..                 lda     #.byte1 s
    \ 0119 85..                 sta     zp:_Zp+1
    \ 011b a002                 ldy     #2
    \ 011d b1..                 lda     (_Zp+24),y
    \ 011f 20....               jsr     gettype
    \ 0122 85..                 sta     zp:_Zp
0062                    s[i++] = ' ';
    \ 0124 e6..                 inc     zp:_Zp
0063                    s[i++] = 93; // '|';
0064                    s[i++] = ' ';
0065                    
0066                    s[i++] = 0;
0067                    if (direntflags[side][n + ofs].flags & DIRFLAGSisselected)  textcolor(COLOUR_YELLOW);
    \ 0126 20....               jsr     `?L1958`
    \ 0129 a5..                 lda     zp:_Zp
    \ 012b e6..                 inc     zp:_Zp
    \ 012d aa                   tax
    \ 012e a95d                 lda     #93
    \ 0130 9d....               sta     s,x
    \ 0133 a5..                 lda     zp:_Zp
    \ 0135 e6..                 inc     zp:_Zp
    \ 0137 20....               jsr     `?L1958`
    \ 013a a5..                 lda     zp:_Zp
    \ 013c aa                   tax
    \ 013d a900                 lda     #0
    \ 013f 9d....               sta     s,x
    \ 0142 a6..                 ldx     zp:_Zp+32
    \ 0144 86..                 stx     zp:_Zp
    \ 0146 20....               jsr     `?L1919`
    \ 0149 f005                 beq     `?L841`
    \ 014b          `?L842`:
    \ 014b 20....               jsr     `?L1998`
    \ 014e d0fb                 bne     `?L842`
    \ 0150          `?L841`:
    \ 0150 20....               jsr     `?L1918`
    \ 0153 20....               jsr     `?L2033`
    \ 0156 f004                 beq     `?L25`
    \ 0158 a907                 lda     #7
    \ 015a 800c                 bra     `?L1817`
    \ 015c          `?L25`:
0068                    else if (ds->type == VAL_DOSFTYPE_DEL)  textcolor(COLOUR_GREY2);
    \ 015c a002                 ldy     #2
    \ 015e b1..                 lda     (_Zp+24),y
    \ 0160 d004                 bne     `?L28`
    \ 0162 a90c                 lda     #12
    \ 0164 8002                 bra     `?L1817`
    \ 0166          `?L28`:
0069                    else                                    textcolor(COLOUR_CYAN);
    \ 0166 a903                 lda     #3
    \ 0168          `?L1817`:
    \ 0168 20....               jsr     textcolor
0070                    if ((n + ofs == currentitem) && iscurrent)  revers(1);
    \ 016b 20....               jsr     `?L1933`
    \ 016e d008                 bne     `?L31`
    \ 0170 a5..                 lda     zp:_Zp+27
    \ 0172 f004                 beq     `?L31`
    \ 0174 a901                 lda     #1
    \ 0176 8002                 bra     `?L1815`
    \ 0178          `?L31`:
0071                    else  revers(0);
    \ 0178 a900                 lda     #0
    \ 017a          `?L1815`:
    \ 017a 20....               jsr     revers
0072                    /* new colour scheme for Deft's can't del DEL:
0073                    if ((direntflags[side][n + ofs].flags & DIRFLAGSisselected) ||
0074                        ((n + ofs == currentitem) && iscurrent))  {
0075                      revers(1);
0076                    } else {
0077                      revers(0);
0078                    }
0079                    if (direntflags[side][n + ofs].flags & DIRFLAGSisselected)  {
0080                      if ((n + ofs == currentitem) && iscurrent)  textcolor(COLOUR_GREY2);
0081                      else                                        textcolor(COLOUR_YELLOW);
0082                    } else if (ds->type == VAL_DOSFTYPE_DEL)  textcolor(COLOUR_GREY2);
0083                    else                                      textcolor(COLOUR_CYAN);
0084                    */
0085                    cputsxy(x, y + n, s);  // print what we've got so far
    \ 017d 20....               jsr     `?L2080`
    \ 0180 a5..                 lda     zp:_Zp+28
    \ 0182 18                   clc
    \ 0183 65..                 adc     zp:_Zp+34
    \ 0185 85..                 sta     zp:_Zp
    \ 0187 a5..                 lda     zp:_Zp+33
    \ 0189 20....               jsr     cputsxy
0086                    // i = i + sprintf((char*) &s[i], "%4d", ds->size);
0087                    if (ds->size > 0)  {
    \ 018c a31e                 ldz     #30
    \ 018e b2..                 lda     (_Zp+24),z
    \ 0190 1b                   inz
    \ 0191 12..                 ora     (_Zp+24),z
    \ 0193 f01a                 beq     `?L34`
0088                      csputdec(ds->size, 5, 0);
    \ 0195 a900                 lda     #0
    \ 0197 85..                 sta     zp:_Zp+4
    \ 0199 3b                   dez
    \ 019a b2..                 lda     (_Zp+24),z
    \ 019c 85..                 sta     zp:_Zp
    \ 019e 1b                   inz
    \ 019f b2..                 lda     (_Zp+24),z
    \ 01a1 20....               jsr     `?L1941`
    \ 01a4 85..                 sta     zp:_Zp+2
    \ 01a6 85..                 sta     zp:_Zp+3
    \ 01a8 a905                 lda     #5
    \ 01aa 20....               jsr     csputdec
    \ 01ad 800b                 bra     `?L35`
    \ 01af          `?L34`:
0089                    } else {
0090                      cputs((unsigned char*) "    ");
    \ 01af a9..                 lda     #.byte0 `_StringLiteral_    `
    \ 01b1 85..                 sta     zp:_Zp
    \ 01b3 a9..                 lda     #.byte1 `_StringLiteral_    `
    \ 01b5 85..                 sta     zp:_Zp+1
    \ 01b7 20....               jsr     cputs
    \ 01ba          `?L35`:
0091                    }
0092                    cputc(' '); // s[i++] = ' ';
    \ 01ba a920                 lda     #32
    \ 01bc 20....               jsr     cputc
0093                    if (n + ofs == currentitem)  cputc('<'); // s[i++] = '<';
    \ 01bf 20....               jsr     `?L1933`
    \ 01c2 d004                 bne     `?L37`
    \ 01c4 a93c                 lda     #60
    \ 01c6 8002                 bra     `?L1813`
    \ 01c8          `?L37`:
0094                    else                   cputc(' '); // s[i++] = ' ';
    \ 01c8 a920                 lda     #32
    \ 01ca          `?L1813`:
    \ 01ca 20....               jsr     cputc
0095                //    s[i++] = 0;
0096
0097                //    if (n + ofs == currentitem)  revers(1);
0098                //    else                   revers(0);
0099                //    cputsxy(x, y + n, s);
0100                    textcolor(COLOUR_CYAN);
    \ 01cd a903                 lda     #3
    \ 01cf 20....               jsr     textcolor
0101                    if ((midnight[side]->flags & MIDNIGHTFLAGdirsortactive) &&
0102                        (direntflags[side][n + ofs].flags & DIRFLAGSisselected) &&
0103                        (n + ofs == currentitem))  {
    \ 01d2 a5..                 lda     zp:_Zp+32
    \ 01d4 20....               jsr     `?L1915`
    \ 01d7 20....               jsr     `?L1995`
    \ 01da f036                 beq     `?L9`
    \ 01dc a6..                 ldx     zp:_Zp+32
    \ 01de 20....               jsr     `?L1960`
    \ 01e1 20....               jsr     `?L1919`
    \ 01e4 f005                 beq     `?L856`
    \ 01e6          `?L857`:
    \ 01e6 20....               jsr     `?L1998`
    \ 01e9 d0fb                 bne     `?L857`
    \ 01eb          `?L856`:
    \ 01eb 20....               jsr     `?L1918`
    \ 01ee 20....               jsr     `?L2033`
    \ 01f1 f01f                 beq     `?L9`
    \ 01f3 20....               jsr     `?L1933`
    \ 01f6 d01a                 bne     `?L9`
0104                      cputc(' ');
    \ 01f8 a920                 lda     #32
    \ 01fa 20....               jsr     cputc
0105                      if (currentitem > 0)         cputc(0x1e);
    \ 01fd a5..                 lda     zp:_Zp+35
    \ 01ff f005                 beq     `?L44`
    \ 0201 a91e                 lda     #30
    \ 0203 20....               jsr     cputc
    \ 0206          `?L44`:
0106                      if (currentitem < nbritems)  mcputc('v');
    \ 0206 ab....               ldz     _Zp+35
    \ 0209 d4..                 cpz     zp:_Zp+26
    \ 020b b005                 bcs     `?L9`
    \ 020d a976                 lda     #118
    \ 020f 20....               jsr     mcputc
    \ 0212          `?L9`:
    \ 0212 e3..                 inw     zp:_Zp+28
    \ 0214 4c....               jmp     `?L8`
    \ 0217          `?L21`:
    \ 0217 a5..                 lda     zp:_Zp+2
    \ 0219 e6..                 inc     zp:_Zp+2
    \ 021b 20....               jsr     `?L1958`
    \ 021e e6..                 inc     zp:_Zp
    \ 0220 4c....               jmp     `?L22`
    \ 0223          `?L10`:
0107                //      msprintf(" \x1ev");
0108                    }
0109                  }
0110                  revers(0);  // otherwise last entry selected makes neighbouring frame reversed
    \ 0223 20....               jsr     `?L1980`
0111                //  cputln();
0112                }
    \ 0226 a00b                 ldy     #11
    \ 0228 4c....               jmp     _RestoreRegisters
0113
0114                void Deselect(unsigned char side)  {
    \ 0000                      .section code,text
    \ 0000                      .public Deselect
    \ 0000          Deselect:
    \ 0000 85..                 sta     zp:_Zp+6
0115                  unsigned int i;
0116
0117                  // deselect all entries:
0118                  for (i = 0; i < NBRENTRIES; i++)  {
    \ 0002 a900                 lda     #0
    \ 0004 85..                 sta     zp:_Zp
    \ 0006 85..                 sta     zp:_Zp+1
    \ 0008          `?L53`:
    \ 0008 a5..                 lda     zp:_Zp
    \ 000a c9f8                 cmp     #248
    \ 000c a5..                 lda     zp:_Zp+1
    \ 000e e900                 sbc     #0
    \ 0010 9001                 bcc     `?L52`
0119                    direntflags[side][i].flags &= ~(DIRFLAGSisselected);
0120                  }
0121                }
    \ 0012 60                   rts
    \ 0013          `?L52`:
    \ 0013 a6..                 ldx     zp:_Zp+6
    \ 0015 86..                 stx     zp:_Zp+2
    \ 0017 a900                 lda     #0
    \ 0019 85..                 sta     zp:_Zp+3
    \ 001b cb....               asw     _Zp+2
    \ 001e cb....               asw     _Zp+2
    \ 0021 cb....               asw     _Zp+2
    \ 0024 a5..                 lda     zp:_Zp+2
    \ 0026 85..                 sta     zp:_Zp+4
    \ 0028 a5..                 lda     zp:_Zp+3
    \ 002a 85..                 sta     zp:_Zp+5
    \ 002c a905                 lda     #5
    \ 002e aa                   tax
    \ 002f f006                 beq     `?L863`
    \ 0031          `?L864`:
    \ 0031 cb....               asw     _Zp+4
    \ 0034 ca                   dex
    \ 0035 d0fa                 bne     `?L864`
    \ 0037          `?L863`:
    \ 0037 a5..                 lda     zp:_Zp+4
    \ 0039 38                   sec
    \ 003a e5..                 sbc     zp:_Zp+2
    \ 003c 85..                 sta     zp:_Zp+2
    \ 003e a5..                 lda     zp:_Zp+5
    \ 0040 e5..                 sbc     zp:_Zp+3
    \ 0042 85..                 sta     zp:_Zp+3
    \ 0044 18                   clc
    \ 0045 a5..                 lda     zp:_Zp+2
    \ 0047 69..                 adc     #.byte0 direntflags
    \ 0049 85..                 sta     zp:_Zp+4
    \ 004b a5..                 lda     zp:_Zp+3
    \ 004d 20....               jsr     `?L2070`
    \ 0050 18                   clc
    \ 0051 a5..                 lda     zp:_Zp+4
    \ 0053 65..                 adc     zp:_Zp+2
    \ 0055 85..                 sta     zp:_Zp+4
    \ 0057 9002                 bcc     `?L866`
    \ 0059 e6..                 inc     zp:_Zp+5
    \ 005b a9fe     `?L866`:    lda     #-2
    \ 005d a300                 ldz     #0
    \ 005f 32..                 and     (_Zp+4),z
    \ 0061 92..                 sta     (_Zp+4),z
    \ 0063 e3..                 inw     zp:_Zp
    \ 0065 80a1                 bra     `?L53`
0122
0123                void shortcutprint(unsigned char active, char* textbefore, char* textafter)  {
    \ 0000                      .section code,text
    \ 0000                      .public shortcutprint
    \ 0000          shortcutprint:
    \ 0000 a200                 ldx     #0
    \ 0002 a004                 ldy     #4
    \ 0004 20....               jsr     _AllocStackSave
    \ 0007 85..                 sta     zp:_Zp+28
    \ 0009 a5..                 lda     zp:_Zp
    \ 000b 85..                 sta     zp:_Zp+26
    \ 000d a5..                 lda     zp:_Zp+1
    \ 000f 85..                 sta     zp:_Zp+27
    \ 0011 a5..                 lda     zp:_Zp+2
    \ 0013 85..                 sta     zp:_Zp+24
    \ 0015 a5..                 lda     zp:_Zp+3
    \ 0017 85..                 sta     zp:_Zp+25
0124                  textcolor(COLOUR_WHITE);
    \ 0019 a901                 lda     #1
    \ 001b 20....               jsr     textcolor
0125                  msprintf(textbefore);
    \ 001e 20....               jsr     `?L1951`
    \ 0021 20....               jsr     msprintf
0126                  if (active)  textcolor(COLOUR_CYAN);
    \ 0024 a5..                 lda     zp:_Zp+28
    \ 0026 f004                 beq     `?L59`
    \ 0028 a903                 lda     #3
    \ 002a 8002                 bra     `?L1820`
    \ 002c          `?L59`:
0127                  else         textcolor(COLOUR_GREY);
    \ 002c a90c                 lda     #12
    \ 002e          `?L1820`:
    \ 002e 20....               jsr     textcolor
0128                  revers(1);
    \ 0031 a901                 lda     #1
    \ 0033 20....               jsr     revers
0129                  msprintf(textafter);
    \ 0036 a5..                 lda     zp:_Zp+24
    \ 0038 85..                 sta     zp:_Zp
    \ 003a a5..                 lda     zp:_Zp+25
    \ 003c 85..                 sta     zp:_Zp+1
    \ 003e 20....               jsr     msprintf
0130                  revers(0);
    \ 0041 20....               jsr     `?L1980`
0131                }
    \ 0044 a004                 ldy     #4
    \ 0046 4c....               jmp     _RestoreRegisters
0132
0133                void shortcuts(unsigned char mod, unsigned char side)  {
    \ 0000                      .section code,text
    \ 0000                      .public shortcuts
    \ 0000 a2fe     shortcuts:  ldx     #254
    \ 0002 a005                 ldy     #5
    \ 0004 20....               jsr     _AllocStackSave
    \ 0007 85..                 sta     zp:_Zp+25
    \ 0009 a5..                 lda     zp:_Zp
    \ 000b 85..                 sta     zp:_Zp+24
0134                  unsigned char width;
0135                  unsigned char height;
0136
0137                  gotoxy(0, 24);
    \ 000d a918                 lda     #24
    \ 000f 85..                 sta     zp:_Zp
    \ 0011 a900                 lda     #0
    \ 0013 20....               jsr     gotoxy
0138                  if (midnight[side]->flags & MIDNIGHTFLAGdirsortactive)  {
    \ 0016 a5..                 lda     zp:_Zp+24
    \ 0018 20....               jsr     `?L1915`
    \ 001b 20....               jsr     `?L1995`
    \ 001e f33401               lbeq    `?L65`
0139                    textcolor(COLOUR_YELLOW);
    \ 0021 a907                 lda     #7
    \ 0023 20....               jsr     textcolor
0140                    msprintf("Arrange entries:");
    \ 0026 a9..                 lda     #.byte0 `_StringLiteral_Arrange entries:`
    \ 0028 85..                 sta     zp:_Zp
    \ 002a a9..                 lda     #.byte1 `_StringLiteral_Arrange entries:`
    \ 002c 85..                 sta     zp:_Zp+1
    \ 002e 20....               jsr     msprintf
0141                    shortcutprint(TRUE, " \x1e",  "Crsr up");
    \ 0031 a9..                 lda     #.byte0 `_StringLiteral_Crsr up`
    \ 0033 85..                 sta     zp:_Zp+2
    \ 0035 a9..                 lda     #.byte1 `_StringLiteral_Crsr up`
    \ 0037 85..                 sta     zp:_Zp+3
    \ 0039 a9..                 lda     #.byte0 `_StringLiteral_[32,30]`
    \ 003b 85..                 sta     zp:_Zp
    \ 003d a9..                 lda     #.byte1 `_StringLiteral_[32,30]`
    \ 003f 85..                 sta     zp:_Zp+1
    \ 0041 a901                 lda     #1
    \ 0043 20....               jsr     shortcutprint
0142                    shortcutprint(TRUE, " v",  "Crsr down");
    \ 0046 a9..                 lda     #.byte0 `_StringLiteral_Crsr down`
    \ 0048 85..                 sta     zp:_Zp+2
    \ 004a a9..                 lda     #.byte1 `_StringLiteral_Crsr down`
    \ 004c 85..                 sta     zp:_Zp+3
    \ 004e a9..                 lda     #.byte0 `_StringLiteral_ v`
    \ 0050 85..                 sta     zp:_Zp
    \ 0052 a9..                 lda     #.byte1 `_StringLiteral_ v`
    \ 0054 85..                 sta     zp:_Zp+1
    \ 0056 a901                 lda     #1
    \ 0058 20....               jsr     shortcutprint
0143                    shortcutprint(TRUE, " Space",  "select");
    \ 005b a9..                 lda     #.byte0 _StringLiteral_select
    \ 005d 85..                 sta     zp:_Zp+2
    \ 005f a9..                 lda     #.byte1 _StringLiteral_select
    \ 0061 85..                 sta     zp:_Zp+3
    \ 0063 a9..                 lda     #.byte0 `_StringLiteral_ Space`
    \ 0065 85..                 sta     zp:_Zp
    \ 0067 a9..                 lda     #.byte1 `_StringLiteral_ Space`
    \ 0069 85..                 sta     zp:_Zp+1
    \ 006b a901                 lda     #1
    \ 006d 20....               jsr     shortcutprint
0144                    shortcutprint(TRUE, " STOP",  "abort");
    \ 0070 a9..                 lda     #.byte0 _StringLiteral_abort
    \ 0072 85..                 sta     zp:_Zp+2
    \ 0074 a9..                 lda     #.byte1 _StringLiteral_abort
    \ 0076 85..                 sta     zp:_Zp+3
    \ 0078 a9..                 lda     #.byte0 `_StringLiteral_ STOP`
    \ 007a 85..                 sta     zp:_Zp
    \ 007c a9..                 lda     #.byte1 `_StringLiteral_ STOP`
    \ 007e 85..                 sta     zp:_Zp+1
    \ 0080 a901                 lda     #1
    \ 0082 20....               jsr     shortcutprint
0145                    shortcutprint(TRUE, " RETURN",  "save");
    \ 0085 a9..                 lda     #.byte0 _StringLiteral_save
    \ 0087 85..                 sta     zp:_Zp+2
    \ 0089 a9..                 lda     #.byte1 _StringLiteral_save
    \ 008b 85..                 sta     zp:_Zp+3
    \ 008d a9..                 lda     #.byte0 `_StringLiteral_ RETURN`
    \ 008f 85..                 sta     zp:_Zp
    \ 0091 a9..                 lda     #.byte1 `_StringLiteral_ RETURN`
    \ 0093 85..                 sta     zp:_Zp+1
    \ 0095 a901                 lda     #1
    \ 0097 20....               jsr     shortcutprint
0146
0147                    getscreensize(&width, &height);
    \ 009a a5..                 lda     zp:_Vsp
    \ 009c 85..                 sta     zp:_Zp+2
    \ 009e a5..                 lda     zp:_Vsp+1
    \ 00a0 85..                 sta     zp:_Zp+3
    \ 00a2 a2..                 ldx     #_Zp
    \ 00a4 a901                 lda     #1
    \ 00a6 20....               jsr     _LoadVspEA
    \ 00a9 20....               jsr     getscreensize
0148                //    while (wherex() + 1 < width)  { cputc(' '); }
0149                    lfill(getscreenaddr() + (width * height) - width + wherex(),
    \ 00ac 20....               jsr     getscreenaddr
    \ 00af 4242a5..             ldq     zp:_Zp
    \ 00b3 424285..             stq     zp:_Zp+4
    \ 00b7 20....               jsr     `?L2002`
    \ 00ba 3002                 bmi     `?L889`
    \ 00bc a900                 lda     #0
    \ 00be          `?L889`:
    \ 00be 85..                 sta     zp:_Zp+2
    \ 00c0 85..                 sta     zp:_Zp+3
    \ 00c2 4242a5..             ldq     zp:_Zp
    \ 00c6 18                   clc
    \ 00c7 424265..             adcq    zp:_Zp+4
    \ 00cb 48                   pha
    \ 00cc da                   phx
    \ 00cd 5a                   phy
    \ 00ce db                   phz
    \ 00cf a001                 ldy     #1
    \ 00d1 b1..                 lda     (_Vsp),y
    \ 00d3 20....               jsr     `?L1974`
    \ 00d6 fb                   plz
    \ 00d7 7a                   ply
    \ 00d8 fa                   plx
    \ 00d9 68                   pla
    \ 00da 38                   sec
    \ 00db 4242e5..             sbcq    zp:_Zp
    \ 00df 48                   pha
    \ 00e0 da                   phx
    \ 00e1 5a                   phy
    \ 00e2 db                   phz
    \ 00e3 20....               jsr     wherex
    \ 00e6 20....               jsr     `?L1974`
    \ 00e9 fb                   plz
    \ 00ea 7a                   ply
    \ 00eb fa                   plx
    \ 00ec 68                   pla
    \ 00ed 20....               jsr     `?L2016`
    \ 00f0 20....               jsr     `?L1975`
    \ 00f3 85..                 sta     zp:_Zp+28
    \ 00f5 b002                 bcs     `?L893`
    \ 00f7 c6..                 dec     zp:_Zp+29
    \ 00f9          `?L893`:
    \ 00f9 20....               jsr     `?L1999`
    \ 00fc a920                 lda     #32
    \ 00fe 20....               jsr     lfill
0150                          ' ', width - wherex());
0151                    lfill(COLOR_RAM_BASE + + (width * height) - width + wherex(),
    \ 0101 20....               jsr     `?L2002`
    \ 0104 3002                 bmi     `?L897`
    \ 0106 a900                 lda     #0
    \ 0108          `?L897`:
    \ 0108 85..                 sta     zp:_Zp+2
    \ 010a 20....               jsr     `?L2051`
    \ 010d aa                   tax
    \ 010e a0f8                 ldy     #248
    \ 0110 a30f                 ldz     #15
    \ 0112 20....               jsr     `?L2016`
    \ 0115 424285..             stq     zp:_Zp
    \ 0119 20....               jsr     _SpillZP
    \ 011c 04..                 .byte   4,_Zp
    \ 011e a005                 ldy     #5
    \ 0120 b1..                 lda     (_Vsp),y
    \ 0122 20....               jsr     `?L1974`
    \ 0125 20....               jsr     _FillQ
    \ 0128 38                   sec
    \ 0129 4242e5..             sbcq    zp:_Zp
    \ 012d 424285..             stq     zp:_Zp+24
    \ 0131 20....               jsr     wherex
    \ 0134 20....               jsr     `?L1974`
    \ 0137 4242a5..             ldq     zp:_Zp
    \ 013b 18                   clc
    \ 013c 424265..             adcq    zp:_Zp+24
    \ 0140 20....               jsr     `?L1975`
    \ 0143 85..                 sta     zp:_Zp+28
    \ 0145 b002                 bcs     `?L901`
    \ 0147 c6..                 dec     zp:_Zp+29
    \ 0149          `?L901`:
    \ 0149 20....               jsr     `?L1999`
    \ 014c a903                 lda     #3
    \ 014e 20....               jsr     lfill
    \ 0151 4c....               jmp     `?L66`
    \ 0154          `?L65`:
0152                          COLOUR_CYAN, width - wherex());
0153                  } else {
0154                    // MODKEY, with 1 meaning the key was held during the event:
0155                    // Bit 6 Bit 5 Bit 4 Bit 3 Bit 2 Bit 1 Bit 0
0156                    // CAPS  NO    ALT   C=    CTRL  SHIFT SHIFT
0157                    // LOCK  SCROLL                  right left
0158                    if (mod & 20)  {  // Alt or ctrl are masked
    \ 0154 a914                 lda     #20
    \ 0156 24..                 bit     zp:_Zp+25
    \ 0158 f07e                 beq     `?L68`
0159                      shortcutprint(FALSE, " 1",  "Help  ");
    \ 015a a9..                 lda     #.byte0 `_StringLiteral_Help  `
    \ 015c 85..                 sta     zp:_Zp+2
    \ 015e a9..                 lda     #.byte1 `_StringLiteral_Help  `
    \ 0160 20....               jsr     `?L2017`
    \ 0163 a9..                 lda     #.byte1 `_StringLiteral_ 1`
    \ 0165 20....               jsr     `?L1941`
    \ 0168 20....               jsr     `?L2018`
0160                      shortcutprint(FALSE, " 2",  "Mount ");
    \ 016b a9..                 lda     #.byte1 `_StringLiteral_ 2`
    \ 016d 20....               jsr     `?L1941`
    \ 0170 20....               jsr     `?L2021`
0161                      shortcutprint(FALSE, " 3",  "View  ");
    \ 0173 a9..                 lda     #.byte1 `_StringLiteral_ 3`
    \ 0175 20....               jsr     `?L1941`
    \ 0178 20....               jsr     `?L1992`
0162                      shortcutprint(FALSE, " 4",  "Edit  ");
    \ 017b a9..                 lda     #.byte0 `_StringLiteral_ 4`
    \ 017d 85..                 sta     zp:_Zp
    \ 017f a9..                 lda     #.byte1 `_StringLiteral_ 4`
    \ 0181 20....               jsr     `?L1941`
    \ 0184 20....               jsr     shortcutprint
0163                      shortcutprint(FALSE, " 5",  "Copy  ");
    \ 0187 a9..                 lda     #.byte0 `_StringLiteral_Copy  `
    \ 0189 85..                 sta     zp:_Zp+2
    \ 018b a9..                 lda     #.byte1 `_StringLiteral_Copy  `
    \ 018d 85..                 sta     zp:_Zp+3
    \ 018f a9..                 lda     #.byte0 `_StringLiteral_ 5`
    \ 0191 85..                 sta     zp:_Zp
    \ 0193 a9..                 lda     #.byte1 `_StringLiteral_ 5`
    \ 0195 20....               jsr     `?L1941`
    \ 0198 20....               jsr     `?L1990`
0164                      shortcutprint(FALSE, " 6",  "Rename"); // "RenMov");
    \ 019b a9..                 lda     #.byte0 `_StringLiteral_ 6`
    \ 019d 85..                 sta     zp:_Zp
    \ 019f a9..                 lda     #.byte1 `_StringLiteral_ 6`
    \ 01a1 20....               jsr     `?L1941`
    \ 01a4 20....               jsr     `?L2025`
0165                      shortcutprint(FALSE, " 7",  "Mkdir ");
    \ 01a7 a9..                 lda     #.byte1 `_StringLiteral_ 7`
    \ 01a9 20....               jsr     `?L1941`
    \ 01ac 20....               jsr     `?L1988`
0166                      shortcutprint(FALSE, " 8",  "Delete");
    \ 01af a9..                 lda     #.byte0 `_StringLiteral_ 8`
    \ 01b1 85..                 sta     zp:_Zp
    \ 01b3 a9..                 lda     #.byte1 `_StringLiteral_ 8`
    \ 01b5 20....               jsr     `?L1941`
    \ 01b8 20....               jsr     shortcutprint
0167                      shortcutprint(FALSE, " 9",  "Menu  ");
    \ 01bb a9..                 lda     #.byte0 `_StringLiteral_Menu  `
    \ 01bd 85..                 sta     zp:_Zp+2
    \ 01bf a9..                 lda     #.byte1 `_StringLiteral_Menu  `
    \ 01c1 85..                 sta     zp:_Zp+3
    \ 01c3 a9..                 lda     #.byte0 `_StringLiteral_ 9`
    \ 01c5 85..                 sta     zp:_Zp
    \ 01c7 a9..                 lda     #.byte1 `_StringLiteral_ 9`
    \ 01c9 20....               jsr     `?L1941`
    \ 01cc 20....               jsr     shortcutprint
0168                      shortcutprint(FALSE, " 10", "Quit ");
    \ 01cf a9..                 lda     #.byte0 `_StringLiteral_Quit `
    \ 01d1 85..                 sta     zp:_Zp+2
    \ 01d3 a9..                 lda     #.byte1 `_StringLiteral_Quit `
    \ 01d5 4c....               jmp     `?L1825`
    \ 01d8          `?L68`:
0169                    } else if (((mod & 9) == 9) ||
0170                               ((mod & 10) == 10)) {  // MEGA key, C= and any of the shift keys
    \ 01d8 a909                 lda     #9
    \ 01da 25..                 and     zp:_Zp+25
    \ 01dc c909                 cmp     #9
    \ 01de f3bc01               lbeq    `?L73`
    \ 01e1 a90a                 lda     #10
    \ 01e3 25..                 and     zp:_Zp+25
    \ 01e5 c90a                 cmp     #10
    \ 01e7 f3b301               lbeq    `?L73`
0171                      shortcutprint(FALSE, " 1",  "      ");
0172                      shortcutprint(FALSE, " 2",  "      ");
0173                      shortcutprint(FALSE, " 3",  "      ");
0174                      shortcutprint(FALSE, " 4",  "      ");
0175                      shortcutprint(FALSE, " 5",  "      ");
0176                      shortcutprint(FALSE, " 6",  "      ");
0177                      shortcutprint(FALSE, " 7",  "      ");
0178                      shortcutprint(FALSE, " 8",  "      ");
0179                      shortcutprint(FALSE, " 9",  "      ");
0180                      shortcutprint(FALSE, " 10", "     ");
0181                    } else if (mod & 8)  {  // MEGA key, C=
    \ 01ea bf..03               bbs3    zp:_Zp+25,`?L2667`
    \ 01ed 4c....               jmp     `?L74`
    \ 01f0          `?L2667`:
0182                      shortcutprint(FALSE, " 1",  "      ");
    \ 01f0 a9..                 lda     #.byte0 `_StringLiteral_      `
    \ 01f2 85..                 sta     zp:_Zp+2
    \ 01f4 a9..                 lda     #.byte1 `_StringLiteral_      `
    \ 01f6 20....               jsr     `?L2017`
    \ 01f9 a9..                 lda     #.byte1 `_StringLiteral_ 1`
    \ 01fb 20....               jsr     `?L1941`
    \ 01fe 20....               jsr     `?L1924`
0183                      shortcutprint(FALSE, " 2",  "      ");
    \ 0201 20....               jsr     `?L2020`
    \ 0204 a9..                 lda     #.byte1 `_StringLiteral_ 2`
    \ 0206 20....               jsr     `?L1941`
    \ 0209 20....               jsr     shortcutprint
0184                      shortcutprint( TRUE, " 3",  "Freezr");
    \ 020c a9..                 lda     #.byte0 _StringLiteral_Freezr
    \ 020e 85..                 sta     zp:_Zp+2
    \ 0210 a9..                 lda     #.byte1 _StringLiteral_Freezr
    \ 0212 20....               jsr     `?L2023`
    \ 0215 a9..                 lda     #.byte1 `_StringLiteral_ 3`
    \ 0217 85..                 sta     zp:_Zp+1
    \ 0219 a901                 lda     #1
    \ 021b 20....               jsr     `?L1924`
0185                      shortcutprint(FALSE, " 4",  "      ");
    \ 021e a9..                 lda     #.byte0 `_StringLiteral_ 4`
    \ 0220 85..                 sta     zp:_Zp
    \ 0222 a9..                 lda     #.byte1 `_StringLiteral_ 4`
    \ 0224 20....               jsr     `?L1941`
    \ 0227 20....               jsr     shortcutprint
0186                      shortcutprint((midnight[side]->dirtrack == HEADERTRACK),
    \ 022a a5..                 lda     zp:_Zp+24
    \ 022c 20....               jsr     `?L1915`
    \ 022f a047                 ldy     #71
    \ 0231 b1..                 lda     (_Zp),y
    \ 0233 c928                 cmp     #40
    \ 0235 f004                 beq     `?L672`
    \ 0237 a900                 lda     #0
    \ 0239 8002                 bra     `?L1822`
    \ 023b a901     `?L672`:    lda     #1
    \ 023d          `?L1822`:
    \ 023d 85..                 sta     zp:_Zp+4
    \ 023f a9..                 lda     #.byte0 _StringLiteral_DskCpy
    \ 0241 85..                 sta     zp:_Zp+2
    \ 0243 a9..                 lda     #.byte1 _StringLiteral_DskCpy
    \ 0245 85..                 sta     zp:_Zp+3
    \ 0247 a9..                 lda     #.byte0 `_StringLiteral_ 5`
    \ 0249 85..                 sta     zp:_Zp
    \ 024b a9..                 lda     #.byte1 `_StringLiteral_ 5`
    \ 024d 85..                 sta     zp:_Zp+1
    \ 024f a5..                 lda     zp:_Zp+4
    \ 0251 20....               jsr     `?L1924`
0187                                           " 5",  "DskCpy");
0188                      shortcutprint(FALSE, " 6",  "      ");
    \ 0254 a9..                 lda     #.byte0 `_StringLiteral_ 6`
    \ 0256 85..                 sta     zp:_Zp
    \ 0258 a9..                 lda     #.byte1 `_StringLiteral_ 6`
    \ 025a 20....               jsr     `?L1941`
    \ 025d 20....               jsr     shortcutprint
0189                      shortcutprint((midnight[side]->dirtrack == HEADERTRACK),
    \ 0260 a5..                 lda     zp:_Zp+24
    \ 0262 20....               jsr     `?L1915`
    \ 0265 a047                 ldy     #71
    \ 0267 b1..                 lda     (_Zp),y
    \ 0269 c928                 cmp     #40
    \ 026b f004                 beq     `?L675`
    \ 026d a900                 lda     #0
    \ 026f 8002                 bra     `?L1821`
    \ 0271 a901     `?L675`:    lda     #1
    \ 0273          `?L1821`:
    \ 0273 85..                 sta     zp:_Zp+4
    \ 0275 a9..                 lda     #.byte0 _StringLiteral_Format
    \ 0277 85..                 sta     zp:_Zp+2
    \ 0279 a9..                 lda     #.byte1 _StringLiteral_Format
    \ 027b 20....               jsr     `?L2027`
    \ 027e a9..                 lda     #.byte1 `_StringLiteral_ 7`
    \ 0280 85..                 sta     zp:_Zp+1
    \ 0282 a5..                 lda     zp:_Zp+4
    \ 0284 20....               jsr     `?L1924`
0190                                           " 7",  "Format");
0191                      shortcutprint(FALSE, " 8",  "      ");
    \ 0287 a9..                 lda     #.byte0 `_StringLiteral_ 8`
    \ 0289 85..                 sta     zp:_Zp
    \ 028b a9..                 lda     #.byte1 `_StringLiteral_ 8`
    \ 028d 20....               jsr     `?L1941`
    \ 0290 20....               jsr     shortcutprint
0192                      shortcutprint( TRUE, " 9",  "ROMlst");
    \ 0293 a9..                 lda     #.byte0 _StringLiteral_ROMlst
    \ 0295 85..                 sta     zp:_Zp+2
    \ 0297 a9..                 lda     #.byte1 _StringLiteral_ROMlst
    \ 0299 8071                 bra     `?L1827`
    \ 029b          `?L74`:
0193                      shortcutprint(FALSE, " 10", "     ");
0194                    } else if (mod & 3)  {                   // either of the shift keys makes
    \ 029b a903                 lda     #3
    \ 029d 24..                 bit     zp:_Zp+25
    \ 029f f077                 beq     `?L77`
0195                      shortcutprint( TRUE, " 1",  "Mount "); // next even numbered F key
    \ 02a1 a9..                 lda     #.byte0 `_StringLiteral_Mount `
    \ 02a3 85..                 sta     zp:_Zp+2
    \ 02a5 a9..                 lda     #.byte1 `_StringLiteral_Mount `
    \ 02a7 20....               jsr     `?L2017`
    \ 02aa a9..                 lda     #.byte1 `_StringLiteral_ 1`
    \ 02ac 85..                 sta     zp:_Zp+1
    \ 02ae a901                 lda     #1
    \ 02b0 20....               jsr     `?L1924`
0196                      shortcutprint(FALSE, " 2",  "      ");
    \ 02b3 20....               jsr     `?L2020`
    \ 02b6 a9..                 lda     #.byte1 `_StringLiteral_ 2`
    \ 02b8 20....               jsr     `?L1941`
    \ 02bb 20....               jsr     `?L1992`
0197                      shortcutprint(FALSE, " 3",  "Edit  ");
    \ 02be 20....               jsr     `?L2024`
    \ 02c1 a9..                 lda     #.byte1 `_StringLiteral_ 3`
    \ 02c3 20....               jsr     `?L1941`
    \ 02c6 20....               jsr     `?L1924`
0198                      shortcutprint(FALSE, " 4",  "      ");
    \ 02c9 a9..                 lda     #.byte0 `_StringLiteral_ 4`
    \ 02cb 85..                 sta     zp:_Zp
    \ 02cd a9..                 lda     #.byte1 `_StringLiteral_ 4`
    \ 02cf 20....               jsr     `?L1941`
    \ 02d2 20....               jsr     `?L1990`
0199                      shortcutprint( TRUE, " 5",  "Rename"); // "RenMov");
    \ 02d5 a9..                 lda     #.byte0 `_StringLiteral_ 5`
    \ 02d7 85..                 sta     zp:_Zp
    \ 02d9 a9..                 lda     #.byte1 `_StringLiteral_ 5`
    \ 02db 85..                 sta     zp:_Zp+1
    \ 02dd a901                 lda     #1
    \ 02df 20....               jsr     `?L1924`
0200                      shortcutprint(FALSE, " 6",  "      ");
    \ 02e2 a9..                 lda     #.byte0 `_StringLiteral_ 6`
    \ 02e4 85..                 sta     zp:_Zp
    \ 02e6 a9..                 lda     #.byte1 `_StringLiteral_ 6`
    \ 02e8 20....               jsr     `?L1941`
    \ 02eb 20....               jsr     `?L1988`
0201                      shortcutprint( TRUE, " 7",  "Delete");
    \ 02ee 20....               jsr     `?L2028`
    \ 02f1 a9..                 lda     #.byte1 `_StringLiteral_ 7`
    \ 02f3 85..                 sta     zp:_Zp+1
    \ 02f5 a901                 lda     #1
    \ 02f7 20....               jsr     `?L1924`
0202                      shortcutprint(FALSE, " 8",  "      ");
    \ 02fa a9..                 lda     #.byte0 `_StringLiteral_ 8`
    \ 02fc 85..                 sta     zp:_Zp
    \ 02fe a9..                 lda     #.byte1 `_StringLiteral_ 8`
    \ 0300 20....               jsr     `?L1941`
    \ 0303 20....               jsr     shortcutprint
0203                      shortcutprint( TRUE, " 9",  "Quit  ");
    \ 0306 a9..                 lda     #.byte0 `_StringLiteral_Quit  `
    \ 0308 85..                 sta     zp:_Zp+2
    \ 030a a9..                 lda     #.byte1 `_StringLiteral_Quit  `
    \ 030c          `?L1827`:
    \ 030c 20....               jsr     `?L2007`
0204                      shortcutprint(FALSE, " 10", "     ");
    \ 030f a9..                 lda     #.byte0 `_StringLiteral_     `
    \ 0311 85..                 sta     zp:_Zp+2
    \ 0313 a9..                 lda     #.byte1 `_StringLiteral_     `
    \ 0315 4c....               jmp     `?L1825`
    \ 0318          `?L77`:
0205                    } else {
0206                      shortcutprint( TRUE, " 1",  "Help  ");
    \ 0318 a9..                 lda     #.byte0 `_StringLiteral_Help  `
    \ 031a 85..                 sta     zp:_Zp+2
    \ 031c a9..                 lda     #.byte1 `_StringLiteral_Help  `
    \ 031e 20....               jsr     `?L2017`
    \ 0321 a9..                 lda     #.byte1 `_StringLiteral_ 1`
    \ 0323 85..                 sta     zp:_Zp+1
    \ 0325 a901                 lda     #1
    \ 0327 20....               jsr     `?L2018`
0207                      shortcutprint( TRUE, " 2",  "Mount ");
    \ 032a a9..                 lda     #.byte1 `_StringLiteral_ 2`
    \ 032c 85..                 sta     zp:_Zp+1
    \ 032e a901                 lda     #1
    \ 0330 20....               jsr     `?L2021`
0208                      shortcutprint(FALSE, " 3",  "View  ");
    \ 0333 a9..                 lda     #.byte1 `_StringLiteral_ 3`
    \ 0335 20....               jsr     `?L1941`
    \ 0338 20....               jsr     `?L1992`
0209                      shortcutprint(FALSE, " 4",  "Edit  ");
    \ 033b a9..                 lda     #.byte0 `_StringLiteral_ 4`
    \ 033d 85..                 sta     zp:_Zp
    \ 033f a9..                 lda     #.byte1 `_StringLiteral_ 4`
    \ 0341 20....               jsr     `?L1941`
    \ 0344 20....               jsr     shortcutprint
0210                      shortcutprint( TRUE, " 5",  "Copy  ");
    \ 0347 a9..                 lda     #.byte0 `_StringLiteral_Copy  `
    \ 0349 85..                 sta     zp:_Zp+2
    \ 034b a9..                 lda     #.byte1 `_StringLiteral_Copy  `
    \ 034d 85..                 sta     zp:_Zp+3
    \ 034f a9..                 lda     #.byte0 `_StringLiteral_ 5`
    \ 0351 85..                 sta     zp:_Zp
    \ 0353 a9..                 lda     #.byte1 `_StringLiteral_ 5`
    \ 0355 85..                 sta     zp:_Zp+1
    \ 0357 a901                 lda     #1
    \ 0359 20....               jsr     `?L1990`
0211                      shortcutprint( TRUE, " 6",  "Rename"); // "RenMov");
    \ 035c a9..                 lda     #.byte0 `_StringLiteral_ 6`
    \ 035e 85..                 sta     zp:_Zp
    \ 0360 a9..                 lda     #.byte1 `_StringLiteral_ 6`
    \ 0362 85..                 sta     zp:_Zp+1
    \ 0364 a901                 lda     #1
    \ 0366 20....               jsr     `?L2025`
0212                      shortcutprint( TRUE, " 7",  "Mkdir ");
    \ 0369 a9..                 lda     #.byte1 `_StringLiteral_ 7`
    \ 036b 85..                 sta     zp:_Zp+1
    \ 036d a901                 lda     #1
    \ 036f 20....               jsr     `?L1988`
0213                      shortcutprint( TRUE, " 8",  "Delete");
    \ 0372 a9..                 lda     #.byte0 `_StringLiteral_ 8`
    \ 0374 85..                 sta     zp:_Zp
    \ 0376 a9..                 lda     #.byte1 `_StringLiteral_ 8`
    \ 0378 85..                 sta     zp:_Zp+1
    \ 037a a901                 lda     #1
    \ 037c 20....               jsr     shortcutprint
0214                      shortcutprint( TRUE, " 9",  "Menu  ");
    \ 037f a9..                 lda     #.byte0 `_StringLiteral_Menu  `
    \ 0381 85..                 sta     zp:_Zp+2
    \ 0383 a9..                 lda     #.byte1 `_StringLiteral_Menu  `
    \ 0385 20....               jsr     `?L2007`
0215                      shortcutprint( TRUE, " 10", "Quit ");
    \ 0388 a9..                 lda     #.byte0 `_StringLiteral_Quit `
    \ 038a 85..                 sta     zp:_Zp+2
    \ 038c a9..                 lda     #.byte1 `_StringLiteral_Quit `
    \ 038e 85..                 sta     zp:_Zp+3
    \ 0390 a9..                 lda     #.byte0 `_StringLiteral_ 10`
    \ 0392 85..                 sta     zp:_Zp
    \ 0394 a9..                 lda     #.byte1 `_StringLiteral_ 10`
    \ 0396 85..                 sta     zp:_Zp+1
    \ 0398 a901                 lda     #1
    \ 039a 807f                 bra     `?L1824`
    \ 039c          `?L73`:
    \ 039c a9..                 lda     #.byte0 `_StringLiteral_      `
    \ 039e 85..                 sta     zp:_Zp+2
    \ 03a0 a9..                 lda     #.byte1 `_StringLiteral_      `
    \ 03a2 20....               jsr     `?L2017`
    \ 03a5 a9..                 lda     #.byte1 `_StringLiteral_ 1`
    \ 03a7 20....               jsr     `?L1941`
    \ 03aa 20....               jsr     `?L1924`
    \ 03ad 20....               jsr     `?L2020`
    \ 03b0 a9..                 lda     #.byte1 `_StringLiteral_ 2`
    \ 03b2 20....               jsr     `?L1941`
    \ 03b5 20....               jsr     `?L1924`
    \ 03b8 20....               jsr     `?L2024`
    \ 03bb a9..                 lda     #.byte1 `_StringLiteral_ 3`
    \ 03bd 20....               jsr     `?L1941`
    \ 03c0 20....               jsr     `?L1924`
    \ 03c3 a9..                 lda     #.byte0 `_StringLiteral_ 4`
    \ 03c5 85..                 sta     zp:_Zp
    \ 03c7 a9..                 lda     #.byte1 `_StringLiteral_ 4`
    \ 03c9 20....               jsr     `?L1941`
    \ 03cc 20....               jsr     `?L1924`
    \ 03cf a9..                 lda     #.byte0 `_StringLiteral_ 5`
    \ 03d1 85..                 sta     zp:_Zp
    \ 03d3 a9..                 lda     #.byte1 `_StringLiteral_ 5`
    \ 03d5 20....               jsr     `?L1941`
    \ 03d8 20....               jsr     `?L1924`
    \ 03db a9..                 lda     #.byte0 `_StringLiteral_ 6`
    \ 03dd 85..                 sta     zp:_Zp
    \ 03df a9..                 lda     #.byte1 `_StringLiteral_ 6`
    \ 03e1 20....               jsr     `?L1941`
    \ 03e4 20....               jsr     `?L1924`
    \ 03e7 20....               jsr     `?L2028`
    \ 03ea a9..                 lda     #.byte1 `_StringLiteral_ 7`
    \ 03ec 20....               jsr     `?L1941`
    \ 03ef 20....               jsr     `?L1924`
    \ 03f2 a9..                 lda     #.byte0 `_StringLiteral_ 8`
    \ 03f4 85..                 sta     zp:_Zp
    \ 03f6 a9..                 lda     #.byte1 `_StringLiteral_ 8`
    \ 03f8 20....               jsr     `?L1941`
    \ 03fb 20....               jsr     `?L1924`
    \ 03fe a9..                 lda     #.byte0 `_StringLiteral_ 9`
    \ 0400 85..                 sta     zp:_Zp
    \ 0402 a9..                 lda     #.byte1 `_StringLiteral_ 9`
    \ 0404 20....               jsr     `?L1941`
    \ 0407 20....               jsr     shortcutprint
    \ 040a a9..                 lda     #.byte0 `_StringLiteral_     `
    \ 040c 85..                 sta     zp:_Zp+2
    \ 040e a9..                 lda     #.byte1 `_StringLiteral_     `
    \ 0410          `?L1825`:
    \ 0410 85..                 sta     zp:_Zp+3
    \ 0412 a9..                 lda     #.byte0 `_StringLiteral_ 10`
    \ 0414 85..                 sta     zp:_Zp
    \ 0416 a9..                 lda     #.byte1 `_StringLiteral_ 10`
    \ 0418 20....               jsr     `?L1941`
    \ 041b          `?L1824`:
    \ 041b 20....               jsr     shortcutprint
    \ 041e          `?L66`:
0216                    }
0217                  }
0218
0219                  textcolor(COLOUR_CYAN);
    \ 041e a903                 lda     #3
    \ 0420 20....               jsr     textcolor
0220                }
    \ 0423 a202                 ldx     #2
    \ 0425 a005                 ldy     #5
    \ 0427 4c....               jmp     _DeallocStackRestore
0221
0222                void optionstring(unsigned char optionbyte, unsigned char optionbitmask,
0223                                   char* str, unsigned char tabpos, unsigned char pos)  {
    \ 0000                      .section code,text
    \ 0000                      .public optionstring
    \ 0000          optionstring:
    \ 0000 85..                 sta     zp:_Zp+5
0224                  unsigned char i;
0225                  unsigned char j;
0226
0227                  i = 0;
    \ 0002 a900                 lda     #0
    \ 0004 85..                 sta     zp:_Zp+6
0228                  if (optionbyte & optionbitmask)  s[i++] = '*'; // 81; // 113; // filled o
    \ 0006 a5..                 lda     zp:_Zp
    \ 0008 25..                 and     zp:_Zp+5
    \ 000a f009                 beq     `?L83`
    \ 000c a5..                 lda     zp:_Zp+6
    \ 000e e6..                 inc     zp:_Zp+6
    \ 0010 aa                   tax
    \ 0011 a92a                 lda     #42
    \ 0013 8007                 bra     `?L1830`
    \ 0015          `?L83`:
0229                  else                             s[i++] = 'o'; // 87; // 119; // empty o
    \ 0015 a5..                 lda     zp:_Zp+6
    \ 0017 e6..                 inc     zp:_Zp+6
    \ 0019 aa                   tax
    \ 001a a96f                 lda     #111
    \ 001c          `?L1830`:
    \ 001c 9d....               sta     s,x
0230                  s[i++] = ' ';
    \ 001f a5..                 lda     zp:_Zp+6
    \ 0021 e6..                 inc     zp:_Zp+6
0231                  if (tabpos == pos)  s[i++] = '>';
    \ 0023 20....               jsr     `?L1958`
    \ 0026 ab....               ldz     _Zp+4
    \ 0029 d4..                 cpz     zp:_Zp+1
    \ 002b d009                 bne     `?L86`
    \ 002d a5..                 lda     zp:_Zp+6
    \ 002f e6..                 inc     zp:_Zp+6
    \ 0031 aa                   tax
    \ 0032 a93e                 lda     #62
    \ 0034 8007                 bra     `?L1829`
    \ 0036          `?L86`:
0232                  else                s[i++] = ' ';
    \ 0036 a5..                 lda     zp:_Zp+6
    \ 0038 e6..                 inc     zp:_Zp+6
    \ 003a aa                   tax
    \ 003b a920                 lda     #32
    \ 003d          `?L1829`:
    \ 003d 9d....               sta     s,x
0233                  s[i++] = ' ';
    \ 0040 a5..                 lda     zp:_Zp+6
    \ 0042 e6..                 inc     zp:_Zp+6
0234                  j = 0;
    \ 0044 20....               jsr     `?L1958`
    \ 0047 a900                 lda     #0
    \ 0049 85..                 sta     zp:_Zp
    \ 004b          `?L89`:
0235                  while (str[j] != 0 && j < DOSFILENAMEANDTYPELEN)  {
    \ 004b ab....               ldz     _Zp
    \ 004e b2..                 lda     (_Zp+2),z
    \ 0050 f02a                 beq     `?L93`
    \ 0052 ab....               ldz     _Zp
    \ 0055 c228                 cpz     #40
    \ 0057 b023                 bcs     `?L93`
0236                    s[i++] = str[j];
    \ 0059 a5..                 lda     zp:_Zp+2
    \ 005b 85..                 sta     zp:_Zp+8
    \ 005d a5..                 lda     zp:_Zp+3
    \ 005f 85..                 sta     zp:_Zp+9
    \ 0061 18                   clc
    \ 0062 a5..                 lda     zp:_Zp+8
    \ 0064 65..                 adc     zp:_Zp
    \ 0066 85..                 sta     zp:_Zp+8
    \ 0068 9002                 bcc     `?L955`
    \ 006a e6..                 inc     zp:_Zp+9
    \ 006c          `?L955`:
    \ 006c a5..                 lda     zp:_Zp+6
    \ 006e e6..                 inc     zp:_Zp+6
    \ 0070 aa                   tax
    \ 0071 a300                 ldz     #0
    \ 0073 b2..                 lda     (_Zp+8),z
    \ 0075 9d....               sta     s,x
0237                    j++;
    \ 0078 e6..                 inc     zp:_Zp
    \ 007a 80cf                 bra     `?L89`
    \ 007c          `?L93`:
0238                  }
0239                  for ( ; j < DOSFILENAMELEN; j++)  s[i++] = ' ';
    \ 007c ab....               ldz     _Zp
    \ 007f c210                 cpz     #16
    \ 0081 9039                 bcc     `?L92`
0240                  s[i++] = ' ';
    \ 0083 a5..                 lda     zp:_Zp+6
    \ 0085 e6..                 inc     zp:_Zp+6
0241                  if (tabpos == pos)  s[i++] = '<';
    \ 0087 20....               jsr     `?L1958`
    \ 008a ab....               ldz     _Zp+4
    \ 008d d4..                 cpz     zp:_Zp+1
    \ 008f d009                 bne     `?L96`
    \ 0091 a5..                 lda     zp:_Zp+6
    \ 0093 e6..                 inc     zp:_Zp+6
    \ 0095 aa                   tax
    \ 0096 a93c                 lda     #60
    \ 0098 8007                 bra     `?L1828`
    \ 009a          `?L96`:
0242                  else                s[i++] = ' ';
    \ 009a a5..                 lda     zp:_Zp+6
    \ 009c e6..                 inc     zp:_Zp+6
    \ 009e aa                   tax
    \ 009f a920                 lda     #32
    \ 00a1          `?L1828`:
    \ 00a1 9d....               sta     s,x
0243                  
0244                  s[i++] = 0;
    \ 00a4 a5..                 lda     zp:_Zp+6
    \ 00a6 aa                   tax
    \ 00a7 a900                 lda     #0
    \ 00a9 9d....               sta     s,x
0245                  mcputsxy(12, 6 + pos, (char*) s);
    \ 00ac 20....               jsr     `?L2080`
    \ 00af a906                 lda     #6
    \ 00b1 18                   clc
    \ 00b2 65..                 adc     zp:_Zp+4
    \ 00b4 85..                 sta     zp:_Zp
    \ 00b6 a90c                 lda     #12
    \ 00b8 20....               jsr     mcputsxy
0246                }
    \ 00bb 60                   rts
    \ 00bc          `?L92`:
    \ 00bc a5..                 lda     zp:_Zp+6
    \ 00be e6..                 inc     zp:_Zp+6
    \ 00c0 20....               jsr     `?L1958`
    \ 00c3 e6..                 inc     zp:_Zp
    \ 00c5 80b5                 bra     `?L93`
0247
0248                unsigned char setupbox()  {
    \ 0000                      .section code,text
    \ 0000                      .public setupbox
    \ 0000 a200     setupbox:   ldx     #0
    \ 0002 a003                 ldy     #3
    \ 0004 20....               jsr     _AllocStackSave
0249                  unsigned char clear = 1;
    \ 0007 a901                 lda     #1
    \ 0009 85..                 sta     zp:_Zp+26
0250                  unsigned char shadow = 1;
    \ 000b 85..                 sta     zp:_Zp+25
0251                  char c;
0252                  unsigned char tabpos = 0;
    \ 000d a900                 lda     #0
    \ 000f 85..                 sta     zp:_Zp+24
0253                  unsigned char bitshifter = 1;
    \ 0011 a901                 lda     #1
    \ 0013 85..                 sta     zp:_Zp+27
    \ 0015          `?L104`:
0254
0255                  // Because of the additional messagebox we need to redraw all:
0256                  while(1)  {
0257                    mcbox(10, 4, 70, 20, COLOUR_CYAN, BOX_STYLE_INNER, clear, shadow);
    \ 0015 a5..                 lda     zp:_Zp+25
    \ 0017 85..                 sta     zp:_Zp+6
    \ 0019 a5..                 lda     zp:_Zp+26
    \ 001b 20....               jsr     `?L1937`
0258                  
0259                    revers(1);
0260                    mcputsxy(14, 4, " Midnight Mega ");
0261                    mcputsxy(31, 4, " Setup ");
    \ 001e a9..                 lda     #.byte0 `_StringLiteral_ Setup `
    \ 0020 85..                 sta     zp:_Zp+2
    \ 0022 a9..                 lda     #.byte1 `_StringLiteral_ Setup `
    \ 0024 85..                 sta     zp:_Zp+3
    \ 0026 a904                 lda     #4
    \ 0028 85..                 sta     zp:_Zp
    \ 002a a91f                 lda     #31
    \ 002c 20....               jsr     `?L1963`
0262                    mcputsxy(40, 4, " The MEGA65 file commander ");
    \ 002f a928                 lda     #40
    \ 0031 20....               jsr     `?L1979`
0263                    revers(0);
0264
0265                    mcputsxy(23, 16, "Use the spacebar to select/unselect.");
    \ 0034 a9..                 lda     #.byte0 `_StringLiteral_Use the spacebar to select/unselect.`
    \ 0036 85..                 sta     zp:_Zp+2
    \ 0038 a9..                 lda     #.byte1 `_StringLiteral_Use the spacebar to select/unselect.`
    \ 003a 85..                 sta     zp:_Zp+3
    \ 003c a910                 lda     #16
    \ 003e 85..                 sta     zp:_Zp
    \ 0040 a917                 lda     #23
    \ 0042 20....               jsr     mcputsxy
0266                    revers(1);
    \ 0045 a901                 lda     #1
    \ 0047 20....               jsr     revers
0267                    mcputsxy(36, 18, "   OK   ");
    \ 004a 20....               jsr     `?L1978`
0268                //  mcputsxy(12, 18, "  Save  ");
0269                //  mcputsxy(60, 18, " Cancel ");
0270                    revers(0);
0271
0272                //  while(1)  {
0273                    if (tabpos > OPTIONMAX)  {
    \ 004d a304                 ldz     #4
    \ 004f d4..                 cpz     zp:_Zp+24
    \ 0051 b003                 bcs     `?L106`
0274                      tabpos = OPTIONMAX;
    \ 0053 6b                   tza
    \ 0054 85..                 sta     zp:_Zp+24
    \ 0056          `?L106`:
0275                    }         // byte           bit          2 * DOSFILENAMEANDTYPELEN  pos
0276                    optionstring(option.option, OPTIONshowDEL, "show DEL files", tabpos, 0);
    \ 0056 a900                 lda     #0
    \ 0058 85..                 sta     zp:_Zp+4
    \ 005a a9..                 lda     #.byte0 `_StringLiteral_show DEL files`
    \ 005c 85..                 sta     zp:_Zp+2
    \ 005e a9..                 lda     #.byte1 `_StringLiteral_show DEL files`
    \ 0060 85..                 sta     zp:_Zp+3
    \ 0062 20....               jsr     `?L1957`
    \ 0065 a901                 lda     #1
    \ 0067 20....               jsr     `?L1973`
0277                    optionstring(option.option, OPTIONshowALO, "copy allocated BAM blocks only", tabpos, 1);
    \ 006a a901                 lda     #1
    \ 006c 85..                 sta     zp:_Zp+4
    \ 006e a9..                 lda     #.byte0 `_StringLiteral_copy allocated BAM blocks only`
    \ 0070 85..                 sta     zp:_Zp+2
    \ 0072 a9..                 lda     #.byte1 `_StringLiteral_copy allocated BAM blocks only`
    \ 0074 85..                 sta     zp:_Zp+3
    \ 0076 20....               jsr     `?L1957`
    \ 0079 a902                 lda     #2
    \ 007b 20....               jsr     `?L1973`
0278                    optionstring(option.option, OPTIONshowOVL, "show drive access overlay", tabpos, 2);
    \ 007e a902                 lda     #2
    \ 0080 85..                 sta     zp:_Zp+4
    \ 0082 a9..                 lda     #.byte0 `_StringLiteral_show drive access overlay`
    \ 0084 85..                 sta     zp:_Zp+2
    \ 0086 a9..                 lda     #.byte1 `_StringLiteral_show drive access overlay`
    \ 0088 85..                 sta     zp:_Zp+3
    \ 008a 20....               jsr     `?L1957`
    \ 008d a904                 lda     #4
    \ 008f 20....               jsr     `?L1973`
0279                    optionstring(option.option, OPTIONshowPOK, "BETA! use MOUNT hack POKE", tabpos, 3);
    \ 0092 a903                 lda     #3
    \ 0094 85..                 sta     zp:_Zp+4
    \ 0096 a9..                 lda     #.byte0 `_StringLiteral_BETA! use MOUNT hack POKE`
    \ 0098 85..                 sta     zp:_Zp+2
    \ 009a a9..                 lda     #.byte1 `_StringLiteral_BETA! use MOUNT hack POKE`
    \ 009c 85..                 sta     zp:_Zp+3
    \ 009e 20....               jsr     `?L1957`
    \ 00a1 a908                 lda     #8
    \ 00a3 20....               jsr     `?L1973`
0280                    optionstring(option.option, OPTIONshowIEC, "BETA! use drives 8 and 9", tabpos, 4);
    \ 00a6 a904                 lda     #4
    \ 00a8 85..                 sta     zp:_Zp+4
    \ 00aa a9..                 lda     #.byte0 `_StringLiteral_BETA! use drives 8 and 9`
    \ 00ac 85..                 sta     zp:_Zp+2
    \ 00ae a9..                 lda     #.byte1 `_StringLiteral_BETA! use drives 8 and 9`
    \ 00b0 85..                 sta     zp:_Zp+3
    \ 00b2 20....               jsr     `?L1957`
    \ 00b5 a910                 lda     #16
    \ 00b7 20....               jsr     `?L1973`
0281                    c = cgetc();
    \ 00ba 20....               jsr     cgetc
    \ 00bd 85..                 sta     zp:_Zp
0282                    switch (c) {
    \ 00bf a9..                 lda     #.byte0 `?L678`
    \ 00c1 85..                 sta     zp:_Zp+2
    \ 00c3 a9..                 lda     #.byte1 `?L678`
    \ 00c5 85..                 sta     zp:_Zp+3
    \ 00c7 20....               jsr     `?L2001`
    \ 00ca          `?L117`:
0283                      case 0x91: // Crsrup
0284                      case 0x9d: // Left
0285                        if (tabpos > 0)  tabpos--;
    \ 00ca a5..                 lda     zp:_Zp+24
    \ 00cc f347ff               lbeq    `?L104`
    \ 00cf c6..                 dec     zp:_Zp+24
    \ 00d1 4c....               jmp     `?L104`
    \ 00d4          `?L114`:
0286                      break;
0287                      case 0x11: // Crsrdown
0288                      case 0x1d: // Right
0289                        tabpos++;
0290                      break;
0291
0292                      case ' ':
0293                        option.option ^= (bitshifter << tabpos);
    \ 00d4 a5..                 lda     zp:_Zp+27
    \ 00d6 85..                 sta     zp:_Zp
    \ 00d8 a6..                 ldx     zp:_Zp+24
    \ 00da f005                 beq     `?L976`
    \ 00dc          `?L977`:
    \ 00dc 06..                 asl     zp:_Zp
    \ 00de ca                   dex
    \ 00df d0fb                 bne     `?L977`
    \ 00e1          `?L976`:
    \ 00e1 a5..                 lda     zp:_Zp
    \ 00e3 4d....               eor     option
    \ 00e6 8d....               sta     option
0294                //        valuesbox(0, "opt", "opt=", option.option,
0295                //                        "tabpos=", tabpos);
0296                      break;
    \ 00e9 4c....               jmp     `?L104`
    \ 00ec          `?L115`:
    \ 00ec e6..                 inc     zp:_Zp+24
    \ 00ee 4c....               jmp     `?L104`
    \ 00f1          `?L113`:
0297
0298                      case 13: // RETURN
0299                        return TRUE;
    \ 00f1 a901                 lda     #1
0300                      break;
0301
0302                      case 3:  // STOP
0303                      case 27: // Esc
0304                        sidbong();
0305                        messagebox(MBOXNOCANCEL, "Currently this option dialog cannot",
0306                                                 "be quit unsaved. So use RETURN to",
0307                                                 "accept.", 0);
0308                //        return FALSE;
0309                      break;
0310
0311                      default:
0312                        sidbong();
0313                //        mh4printf("val=", c);
0314                //        cputc(' ');
0315                //        usleep(400000); // microseconds
0316                      break;
0317                    }
0318                  }
0319                }
    \ 00f3 a003                 ldy     #3
    \ 00f5 4c....               jmp     _RestoreRegisters
    \ 00f8          `?L111`:
    \ 00f8 20....               jsr     sidbong
    \ 00fb 20....               jsr     `?L1916`
    \ 00fe a9..                 lda     #.byte0 `_StringLiteral_accept.`
    \ 0100 85..                 sta     zp:_Zp+4
    \ 0102 a9..                 lda     #.byte1 `_StringLiteral_accept.`
    \ 0104 85..                 sta     zp:_Zp+5
    \ 0106 a9..                 lda     #.byte0 `_StringLiteral_be quit unsaved. So use RETURN to`
    \ 0108 85..                 sta     zp:_Zp+2
    \ 010a a9..                 lda     #.byte1 `_StringLiteral_be quit unsaved. So use RETURN to`
    \ 010c 85..                 sta     zp:_Zp+3
    \ 010e a9..                 lda     #.byte0 `_StringLiteral_Currently this option dialog cannot`
    \ 0110 85..                 sta     zp:_Zp
    \ 0112 a9..                 lda     #.byte1 `_StringLiteral_Currently this option dialog cannot`
    \ 0114 85..                 sta     zp:_Zp+1
    \ 0116 a904                 lda     #4
    \ 0118 20....               jsr     `?L1922`
    \ 011b 4c....               jmp     `?L104`
    \ 011e          `?L110`:
    \ 011e 20....               jsr     sidbong
    \ 0121 4c....               jmp     `?L104`
0320
0321                unsigned char menubox(unsigned char side)  {
    \ 0000                      .section code,text
    \ 0000                      .public menubox
    \ 0000 a200     menubox:    ldx     #0
    \ 0002 a006                 ldy     #6
    \ 0004 20....               jsr     _AllocStackSave
    \ 0007 85..                 sta     zp:_Zp+30
0322                  unsigned char clear = 1;
    \ 0009 a901                 lda     #1
    \ 000b 85..                 sta     zp:_Zp+25
0323                  unsigned char shadow = 1;
    \ 000d 85..                 sta     zp:_Zp+24
0324                  char c;
0325                  unsigned char pos = 0;
    \ 000f a900                 lda     #0
    \ 0011 85..                 sta     zp:_Zp+26
0326                  unsigned char ret = FALSE;
    \ 0013 85..                 sta     zp:_Zp+28
0327                  unsigned char i;
0328                  unsigned char drawn = FALSE;
    \ 0015 85..                 sta     zp:_Zp+29
    \ 0017          `?L134`:
0329
0330                  // Because of the additional messagebox we need to redraw all:
0331                  while(1)  {
0332                    if (!drawn)  {
    \ 0017 a5..                 lda     zp:_Zp+29
    \ 0019 d02f                 bne     `?L136`
0333                      mcbox(10, 4, 70, 20, COLOUR_CYAN, BOX_STYLE_INNER, clear, shadow);
    \ 001b a5..                 lda     zp:_Zp+24
    \ 001d 85..                 sta     zp:_Zp+6
    \ 001f a5..                 lda     zp:_Zp+25
    \ 0021 20....               jsr     `?L1937`
0334                    
0335                      revers(1);
0336                      mcputsxy(14, 4, " Midnight Mega ");
0337                      mcputsxy(31, 4, " Menu ");
    \ 0024 a9..                 lda     #.byte0 `_StringLiteral_ Menu `
    \ 0026 85..                 sta     zp:_Zp+2
    \ 0028 a9..                 lda     #.byte1 `_StringLiteral_ Menu `
    \ 002a 85..                 sta     zp:_Zp+3
    \ 002c a904                 lda     #4
    \ 002e 85..                 sta     zp:_Zp
    \ 0030 a91f                 lda     #31
    \ 0032 20....               jsr     `?L1963`
0338                      mcputsxy(40, 4, " The MEGA65 file commander ");
    \ 0035 a928                 lda     #40
    \ 0037 20....               jsr     mcputsxy
0339                      mcputsxy(36, 18, "   OK   ");
    \ 003a 20....               jsr     `?L1978`
0340                  //  mcputsxy(12, 18, "  Save  ");
0341                  //  mcputsxy(60, 18, " Cancel ");
0342                      revers(0);
0343                      text(MENUTITLE, TRUE);
    \ 003d a901                 lda     #1
    \ 003f 85..                 sta     zp:_Zp
    \ 0041 a95d                 lda     #93
    \ 0043 20....               jsr     text
0344                //      text(MENUDIRSORT, FALSE);
0345                //      text(MENUSETUP, FALSE);
0346                      drawn = TRUE;
    \ 0046 a901                 lda     #1
    \ 0048 85..                 sta     zp:_Zp+29
    \ 004a          `?L136`:
0347                    }
0348
0349                    if (pos >= MENUMAX)  {
    \ 004a ab....               ldz     _Zp+26
    \ 004d c202                 cpz     #2
    \ 004f 9004                 bcc     `?L139`
0350                      pos = MENUMAX - 1;
    \ 0051 a901                 lda     #1
    \ 0053 85..                 sta     zp:_Zp+26
    \ 0055          `?L139`:
0351                    }
0352                    for (i = 0; i < MENUMAX; i++)  {
    \ 0055 a900                 lda     #0
    \ 0057 85..                 sta     zp:_Zp+27
    \ 0059          `?L142`:
    \ 0059 ab....               ldz     _Zp+27
    \ 005c c202                 cpz     #2
    \ 005e 938300               lbcc    `?L141`
0353                      if (pos == i)  cputcxy(12, 8 + i, '>');
0354                      else           cputcxy(12, 8 + i, ' ');
0355                    }
0356
0357                    c = cgetc();
    \ 0061 20....               jsr     cgetc
    \ 0064 85..                 sta     zp:_Zp
0358                    switch (c) {
    \ 0066 a9..                 lda     #.byte0 `?L679`
    \ 0068 85..                 sta     zp:_Zp+2
    \ 006a a9..                 lda     #.byte1 `?L679`
    \ 006c 85..                 sta     zp:_Zp+3
    \ 006e 20....               jsr     `?L2001`
    \ 0071          `?L156`:
0359                      case 0x91: // Crsrup
0360                      case 0x9d: // Left
0361                        if (pos > 0)  pos--;
    \ 0071 a5..                 lda     zp:_Zp+26
    \ 0073 f0a2                 beq     `?L134`
    \ 0075 c6..                 dec     zp:_Zp+26
    \ 0077 809e                 bra     `?L134`
    \ 0079          `?L154`:
0362                      break;
0363                      case 0x11: // Crsrdown
0364                      case 0x1d: // Right
0365                        pos++;
    \ 0079 e6..                 inc     zp:_Zp+26
0366                      break;
    \ 007b 809a                 bra     `?L134`
    \ 007d          `?L153`:
0367
0368                      case 13: // RETURN
0369                        switch (pos) {
    \ 007d a5..                 lda     zp:_Zp+26
    \ 007f 85..                 sta     zp:_Zp
    \ 0081 f007                 beq     `?L166`
0370                          case 0:  // dirsort
0371                            if (midnight[side]->flags & MIDNIGHTFLAGismounted)  {
0372                              midnight[side]->flags |= MIDNIGHTFLAGdirsortactive;
0373                              Deselect(side);
0374                              return FALSE;
0375                            } else {
0376                              messagebox(MBOXNOCANCEL, "Directory entry sorting,",
0377                                         "on storage card not possible",
0378                                         " ", 0);
0379                              drawn = FALSE;
0380                            }
0381                          break;
0382                          default:
0383                            ret = setupbox();
    \ 0083 20....               jsr     setupbox
    \ 0086 85..                 sta     zp:_Zp+28
0384                            drawn = FALSE;
0385                          break;
    \ 0088 803f                 bra     `?L1831`
    \ 008a          `?L166`:
    \ 008a a5..                 lda     zp:_Zp+30
    \ 008c 20....               jsr     `?L1915`
    \ 008f 20....               jsr     `?L1949`
    \ 0092 f01a                 beq     `?L167`
    \ 0094 a5..                 lda     zp:_Zp+30
    \ 0096 0a                   asl     a
    \ 0097 aa                   tax
    \ 0098 18                   clc
    \ 0099 6b                   tza
    \ 009a 20....               jsr     `?L1921`
    \ 009d a902                 lda     #2
    \ 009f a300                 ldz     #0
    \ 00a1 12..                 ora     (_Zp),z
    \ 00a3 92..                 sta     (_Zp),z
    \ 00a5 a5..                 lda     zp:_Zp+30
    \ 00a7 20....               jsr     Deselect
    \ 00aa a900                 lda     #0
    \ 00ac 802a                 bra     `?L131`
    \ 00ae          `?L167`:
    \ 00ae 20....               jsr     `?L1916`
    \ 00b1 20....               jsr     `?L1929`
    \ 00b4 a9..                 lda     #.byte0 `_StringLiteral_on storage card not possible`
    \ 00b6 85..                 sta     zp:_Zp+2
    \ 00b8 a9..                 lda     #.byte1 `_StringLiteral_on storage card not possible`
    \ 00ba 85..                 sta     zp:_Zp+3
    \ 00bc a9..                 lda     #.byte0 `_StringLiteral_Directory entry sorting,`
    \ 00be 85..                 sta     zp:_Zp
    \ 00c0 a9..                 lda     #.byte1 `_StringLiteral_Directory entry sorting,`
    \ 00c2 85..                 sta     zp:_Zp+1
    \ 00c4 a904                 lda     #4
    \ 00c6 20....               jsr     `?L1922`
    \ 00c9 a900     `?L1831`:   lda     #0
    \ 00cb 85..                 sta     zp:_Zp+29
0386                        }
0387                        if (ret)  return TRUE;
    \ 00cd a5..                 lda     zp:_Zp+28
    \ 00cf f346ff               lbeq    `?L134`
    \ 00d2 a901                 lda     #1
    \ 00d4 8002                 bra     `?L131`
    \ 00d6          `?L151`:
0388                      break;
0389
0390                      case 3:  // STOP
0391                      case 27: // Esc
0392                        return FALSE;
    \ 00d6 a900                 lda     #0
    \ 00d8          `?L131`:
0393                      break;
0394
0395                      default:
0396                        sidbong();
0397                //        mh4printf("val=", c);
0398                //        cputc(' ');
0399                //        usleep(400000); // microseconds
0400                      break;
0401                    }
0402                  }
0403                }
    \ 00d8 a006                 ldy     #6
    \ 00da 4c....               jmp     _RestoreRegisters
    \ 00dd          `?L150`:
    \ 00dd 20....               jsr     sidbong
    \ 00e0 4c....               jmp     `?L134`
    \ 00e3          `?L141`:
    \ 00e3 ab....               ldz     _Zp+27
    \ 00e6 d4..                 cpz     zp:_Zp+26
    \ 00e8 d004                 bne     `?L145`
    \ 00ea a93e                 lda     #62
    \ 00ec 8002                 bra     `?L1834`
    \ 00ee a920     `?L145`:    lda     #32
    \ 00f0          `?L1834`:
    \ 00f0 85..                 sta     zp:_Zp+1
    \ 00f2 a908                 lda     #8
    \ 00f4 18                   clc
    \ 00f5 65..                 adc     zp:_Zp+27
    \ 00f7 85..                 sta     zp:_Zp
    \ 00f9 a90c                 lda     #12
    \ 00fb 20....               jsr     cputcxy
    \ 00fe e6..                 inc     zp:_Zp+27
    \ 0100 4c....               jmp     `?L142`
0404
0405                void helpbegin()  {
    \ 0000                      .section code,text
    \ 0000                      .public helpbegin
    \ 0000          helpbegin:
0406                  text(HELPBEGIN, TRUE);
    \ 0000 a901                 lda     #1
    \ 0002 85..                 sta     zp:_Zp
    \ 0004 a964                 lda     #100
    \ 0006 20....               jsr     text
0407                  cputcxy(7, 24, ' ');
    \ 0009 a920                 lda     #32
    \ 000b 85..                 sta     zp:_Zp+1
    \ 000d a918                 lda     #24
    \ 000f 85..                 sta     zp:_Zp
    \ 0011 a907                 lda     #7
    \ 0013 20....               jsr     cputcxy
0408                  // cputs(petsciitoscreencode_s(VERSION));   @@@@
0409                  msprintf(VERSION);
    \ 0016 20....               jsr     `?L2079`
    \ 0019 20....               jsr     `?L2031`
0410                  cputc(' ');
0411                }
    \ 001c 60                   rts
0412
0413                unsigned char helpbox()  {
    \ 0000                      .section code,text
    \ 0000                      .public helpbox
    \ 0000 a200     helpbox:    ldx     #0
    \ 0002 a000                 ldy     #0
    \ 0004 20....               jsr     _AllocStackSave
0414                  unsigned char clear = 1;
0415                  unsigned char shadow = 1;
0416                  char c;
0417                  unsigned char page = 0;
    \ 0007 8a                   txa
    \ 0008 85..                 sta     zp:_Zp+24
    \ 000a          `?L189`:
0418
0419                  // Because of the additional messagebox we need to redraw all:
0420                  while(1)  {
0421                /*
0422                    mcbox(4, 0, 76, 24, COLOUR_CYAN, BOX_STYLE_INNER, clear, shadow);
0423                  
0424                    revers(1);
0425                    mcputsxy(14, 0, " Midnight Mega ");
0426                    mcputsxy(31, 0, " Help ");
0427                    mcputsxy(40, 0, " The MEGA65 file commander ");
0428                    revers(0);
0429
0430                    mcputsxy(7, 24, " ");
0431                    msprintf(VERSION);
0432                    msprintf(" ");
0433                    mcputsxy(52, 24, " github.com/nobruinfo ");
0434
0435                    revers(1);
0436                    mcputsxy(6,  2, " Ctrl ");
0437                    revers(0);
0438                    msprintf(" ");
0439                    revers(1);
0440                    msprintf(" r ");
0441                    revers(0);
0442                    msprintf(" to rescan current file panel (left or right).");
0443
0444                    mcputsxy(6,  4, "Due to Hypervisor limitations .d81 image files can neither be copied");
0445                    mcputsxy(6,  5, "as a whole nor be created, use ");
0446                    revers(1);
0447                    msprintf(" Mega ");
0448                    revers(0);
0449                    msprintf(" ");
0450                    revers(1);
0451                    msprintf(" F3 ");
0452                    revers(0);
0453                    msprintf(" for the freezer.");
0454
0455                    revers(1);
0456                    mcputsxy(6,  7, " Mega ");
0457                    revers(0);
0458                    msprintf(" ");
0459                    revers(1);
0460                    msprintf(" F5 ");
0461                    revers(0);
0462                    msprintf(" copies all blocks (allocated ones if configured) to");
0463                    mcputsxy(6,  8, "the opposite side, this will ");
0464                    highlight(1);
0465                    msprintf("overwrite");
0466                    highlight(0);
0467                    msprintf(" a whole disk (image)");
0468                    mcputsxy(6,  9, "contents irrevocably.");
0469
0470                    revers(1);
0471                    mcputsxy(6, 11, " ");
0472                    cputc(31);  // left arrow character
0473                    msprintf(" ");
0474                    revers(0);
0475                    msprintf(" in the upper left of your keyboard can be used instead of the");
0476                    revers(1);
0477                    mcputsxy(6, 12, " .. ");
0478                    revers(0);
0479                    msprintf(" directory entry to climb to the parent directory.");
0480
0481                    mcputsxy(6, 14, "Currently the left pane is always drive 0 and the right one drive 1,");
0482                    mcputsxy(6, 15, "a later handling within the same drive is planned allowing you");
0483                    mcputsxy(6, 16, "to copy files within one disk.");
0484
0485                    revers(1);
0486                    mcputsxy(6, 18, " F2 ");
0487                    revers(0);
0488                    msprintf(" (");
0489                    revers(1);
0490                    msprintf(" Shift ");
0491                    revers(0);
0492                    msprintf(" ");
0493                    revers(1);
0494                    msprintf(" F1 ");
0495                    revers(0);
0496
0497                    msprintf(" on the MEGA65 of course) is used for switching");
0498                    mcputsxy(6, 19, "from a mounted .d81 to the selection within the storage card and");
0499                    mcputsxy(6, 20, "back. ");
0500                    revers(1);
0501                    msprintf(" F11 ");
0502                    revers(0);
0503                    msprintf(" unmounts the current side to reach a real floppy drive.");
0504
0505                    revers(1);
0506                    mcputsxy(36, 22, "   OK   ");
0507                    revers(0);
0508                */
0509
0510                    switch (page) {
    \ 000a a5..                 lda     zp:_Zp+24
    \ 000c 85..                 sta     zp:_Zp
    \ 000e ab....               ldz     _Zp
    \ 0011 3b                   dez
    \ 0012 f014                 beq     `?L194`
    \ 0014 a202                 ldx     #2
    \ 0016 e4..                 cpx     zp:_Zp
    \ 0018 f007                 beq     `?L193`
0511                      case 1:
0512                        helpbegin();
0513                        text(HELP1, TRUE);
0514                      break;
0515
0516                      case 2:
0517                        helpbegin();
0518                        text(HELP2, TRUE);
0519                      break;
0520
0521                      default:
0522                        helpbegin();
    \ 001a 20....               jsr     `?L2046`
0523                        text(HELP0, TRUE);
    \ 001d a96a                 lda     #106
    \ 001f 800c                 bra     `?L1836`
    \ 0021          `?L193`:
    \ 0021 20....               jsr     `?L2046`
    \ 0024 a98d                 lda     #-115
    \ 0026 8005                 bra     `?L1836`
    \ 0028          `?L194`:
    \ 0028 20....               jsr     `?L2046`
    \ 002b a97b                 lda     #123
    \ 002d          `?L1836`:
    \ 002d 20....               jsr     text
0524                      break;
0525                    }
0526
0527                    c = cgetc();
    \ 0030 20....               jsr     cgetc
    \ 0033 85..                 sta     zp:_Zp
0528                    switch (c) {
    \ 0035 a9..                 lda     #.byte0 `?L683`
    \ 0037 85..                 sta     zp:_Zp+2
    \ 0039 a9..                 lda     #.byte1 `?L683`
    \ 003b 85..                 sta     zp:_Zp+3
    \ 003d 20....               jsr     `?L2001`
    \ 0040          `?L206`:
0529                      case 0x91: // Crsrup
0530                        if (page > 0)  page--;
    \ 0040 a5..                 lda     zp:_Zp+24
    \ 0042 f0c6                 beq     `?L189`
    \ 0044 c6..                 dec     zp:_Zp+24
    \ 0046 80c2                 bra     `?L189`
    \ 0048          `?L205`:
0531                      break;
0532                      case 0x11: // Crsrdown
0533                        if (page < HELPMAX)  page++;
    \ 0048 ab....               ldz     _Zp+24
    \ 004b c202                 cpz     #2
    \ 004d b0bb                 bcs     `?L189`
    \ 004f e6..                 inc     zp:_Zp+24
    \ 0051 80b7                 bra     `?L189`
    \ 0053          `?L203`:
0534                      break;
0535
0536                      case ' ':
0537                      case 13: // RETURN
0538                        return TRUE;
    \ 0053 a901                 lda     #1
    \ 0055 8002                 bra     `?L186`
    \ 0057          `?L201`:
0539                      break;
0540
0541                      case 3:  // STOP
0542                      case 27: // Esc
0543                        return FALSE;
    \ 0057 a900                 lda     #0
    \ 0059          `?L186`:
0544                      break;
0545
0546                /*        // Testing:
0547                      case 0x1f: // HELP
0548                      case 0xf1: // unused F keys
0549                        clrhome();
0550                        text(0);
0551                        text(1);
0552                        text(2);
0553                        text(3);
0554                        text(4);
0555                        text(5);
0556                        text(6);
0557                        text(7);
0558                        text(8);
0559                        cgetc();
0560                      break;
0561                */
0562
0563                      default:
0564                        sidbong();
0565                //        mprintf("val=", c);
0566                //        cputc(' ');
0567                      break;
0568                    }
0569                  }
0570                }
    \ 0059 a000                 ldy     #0
    \ 005b 4c....               jmp     _RestoreRegisters
    \ 005e          `?L200`:
    \ 005e 20....               jsr     sidbong
    \ 0061 80a7                 bra     `?L189`
0571
0572                // This uses $1703 so has to be called off usage of this memory:
0573                unsigned char legacyHDOS()  {
    \ 0000                      .section code,text
    \ 0000                      .public legacyHDOS
    \ 0000 a200     legacyHDOS: ldx     #0
    \ 0002 a001                 ldy     #1
    \ 0004 20....               jsr     _AllocStackSave
0574                //  unsigned char majorhyppo;
0575                //  unsigned char minorhyppo;
0576                //  unsigned char majorHDOS;
0577                //  unsigned char minorHDOS;
0578
0579                //  minorHDOS = hyppo_getversion(&majorhyppo, &minorhyppo, &majorHDOS, &minorHDOS);
0580                  if ((((hyppo_getversion_majorhyppo() * 100) + hyppo_getversion_minorhyppo()) < 102) ||
0581                      (((hyppo_getversion_majorHDOS() * 100) + hyppo_getversion_minorHDOS()) < 103))  return TRUE;
    \ 0007 20....               jsr     hyppo_getversion_majorhyppo
    \ 000a 20....               jsr     `?L2029`
    \ 000d 20....               jsr     hyppo_getversion_minorhyppo
    \ 0010 20....               jsr     `?L2067`
    \ 0013 9002                 bcc     `?L1021`
    \ 0015 e6..                 inc     zp:_Zp+25
    \ 0017          `?L1021`:
    \ 0017 a5..                 lda     zp:_Zp+24
    \ 0019 c966                 cmp     #102
    \ 001b a5..                 lda     zp:_Zp+25
    \ 001d e900                 sbc     #0
    \ 001f 5002                 bvc     `?L1023`
    \ 0021 4980                 eor     #-128
    \ 0023 3022     `?L1023`:   bmi     `?L225`
    \ 0025 20....               jsr     hyppo_getversion_majorHDOS
    \ 0028 20....               jsr     `?L2029`
    \ 002b 20....               jsr     hyppo_getversion_minorHDOS
    \ 002e 20....               jsr     `?L2067`
    \ 0031 9002                 bcc     `?L1028`
    \ 0033 e6..                 inc     zp:_Zp+25
    \ 0035          `?L1028`:
    \ 0035 a5..                 lda     zp:_Zp+24
    \ 0037 c967                 cmp     #103
    \ 0039 a5..                 lda     zp:_Zp+25
    \ 003b e900                 sbc     #0
    \ 003d 5002                 bvc     `?L1030`
    \ 003f 4980                 eor     #-128
    \ 0041 3004     `?L1030`:   bmi     `?L225`
0582                  else return FALSE;
    \ 0043 a900                 lda     #0
    \ 0045 8002                 bra     `?L222`
    \ 0047 a901     `?L225`:    lda     #1
    \ 0049          `?L222`:
0583                }
    \ 0049 a001                 ldy     #1
    \ 004b 4c....               jmp     _RestoreRegisters
0584
0585                unsigned char rombox()  {
    \ 0000                      .section code,text
    \ 0000                      .public rombox
    \ 0000          rombox:
0586                  unsigned char clear = 1;
    \ 0000 a901                 lda     #1
    \ 0002 85..                 sta     zp:_Zp+5
0587                  unsigned char shadow = 1;
    \ 0004 85..                 sta     zp:_Zp+6
0588                  char c;
0589
0590                  mcbox(4, 4, 75, 20, COLOUR_CYAN, BOX_STYLE_INNER, clear, shadow);
    \ 0006 85..                 sta     zp:_Zp+4
    \ 0008 a903                 lda     #3
    \ 000a 85..                 sta     zp:_Zp+3
    \ 000c a914                 lda     #20
    \ 000e 85..                 sta     zp:_Zp+2
    \ 0010 a94b                 lda     #75
    \ 0012 85..                 sta     zp:_Zp+1
    \ 0014 a904                 lda     #4
    \ 0016 85..                 sta     zp:_Zp
    \ 0018 20....               jsr     mcbox
0591
0592                  revers(1);
    \ 001b a901                 lda     #1
    \ 001d 20....               jsr     revers
0593                  mcputsxy(6, 4, " Midnight Mega ");
    \ 0020 a9..                 lda     #.byte0 `_StringLiteral_ Midnight Mega `
    \ 0022 85..                 sta     zp:_Zp+2
    \ 0024 a9..                 lda     #.byte1 `_StringLiteral_ Midnight Mega `
    \ 0026 85..                 sta     zp:_Zp+3
    \ 0028 a904                 lda     #4
    \ 002a 85..                 sta     zp:_Zp
    \ 002c a906                 lda     #6
    \ 002e 20....               jsr     mcputsxy
0594                  mcputsxy(25, 4, " List of ROM files ");
    \ 0031 a9..                 lda     #.byte0 `_StringLiteral_ List of ROM files `
    \ 0033 85..                 sta     zp:_Zp+2
    \ 0035 a9..                 lda     #.byte1 `_StringLiteral_ List of ROM files `
    \ 0037 85..                 sta     zp:_Zp+3
    \ 0039 a904                 lda     #4
    \ 003b 85..                 sta     zp:_Zp
    \ 003d a919                 lda     #25
    \ 003f 20....               jsr     `?L1963`
0595                  mcputsxy(47, 4, " The MEGA65 file commander ");
    \ 0042 a92f                 lda     #47
    \ 0044 20....               jsr     `?L1979`
0596                  revers(0);
0597
0598                  mcputsxy(7, 20, " ");
    \ 0047 a9..                 lda     #.byte0 `_StringLiteral_ `
    \ 0049 85..                 sta     zp:_Zp+2
    \ 004b a9..                 lda     #.byte1 `_StringLiteral_ `
    \ 004d 85..                 sta     zp:_Zp+3
    \ 004f a914                 lda     #20
    \ 0051 85..                 sta     zp:_Zp
    \ 0053 a907                 lda     #7
    \ 0055 20....               jsr     mcputsxy
0599                  msprintf(VERSION);
    \ 0058 20....               jsr     `?L2079`
    \ 005b 20....               jsr     msprintf
0600                  msprintf(" ");
    \ 005e 20....               jsr     `?L2040`
    \ 0061 20....               jsr     msprintf
0601                  mcputsxy(52, 20, " github.com/nobruinfo ");
    \ 0064 a9..                 lda     #.byte0 `_StringLiteral_ github.com/nobruinfo `
    \ 0066 85..                 sta     zp:_Zp+2
    \ 0068 a9..                 lda     #.byte1 `_StringLiteral_ github.com/nobruinfo `
    \ 006a 85..                 sta     zp:_Zp+3
    \ 006c a914                 lda     #20
    \ 006e 85..                 sta     zp:_Zp
    \ 0070 a934                 lda     #52
    \ 0072 20....               jsr     mcputsxy
0602
0603                  romlist(6);
    \ 0075 a906                 lda     #6
    \ 0077 20....               jsr     romlist
    \ 007a          `?L233`:
0604
0605                  while(1)  {
0606                    c = cgetc();
    \ 007a 20....               jsr     cgetc
0607                    switch (c) {
    \ 007d a2..                 ldx     #.byte0 `?L685`
    \ 007f 86..                 stx     zp:_Zp+2
    \ 0081 a2..                 ldx     #.byte1 `?L685`
    \ 0083 86..                 stx     zp:_Zp+3
    \ 0085 85..                 sta     zp:_Zp
    \ 0087 20....               jsr     `?L2001`
    \ 008a          `?L239`:
0608                      case ' ':
0609                      case 13: // RETURN
0610                        return TRUE;
    \ 008a a901                 lda     #1
    \ 008c 60                   rts
    \ 008d          `?L237`:
0611                      break;
0612
0613                      case 3:  // STOP
0614                       case 27: // Esc
0615                        return FALSE;
    \ 008d a900                 lda     #0
    \ 008f 60                   rts
    \ 0090          `?L236`:
0616                      break;
0617
0618                      default:
0619                        sidbong();
    \ 0090 20....               jsr     sidbong
0620                //        mprintf("val=", c);
0621                //        cputc(' ');
0622                      break;
    \ 0093 80e5                 bra     `?L233`
0623                    }
0624                  }
0625                }
0626
0627                unsigned int cgetcalt(unsigned char side)
0628                {
    \ 0000                      .section code,text
    \ 0000                      .public cgetcalt
    \ 0000          cgetcalt:
    \ 0000 20....               jsr     `?L2075`
    \ 0003 85..                 sta     zp:_Zp+26
0629                    unsigned char k;
0630                    unsigned char m, mbefore;
0631                    
0632                    shortcuts(0, side);
    \ 0005 a5..                 lda     zp:_Zp+26
    \ 0007 85..                 sta     zp:_Zp
    \ 0009 8a                   txa
    \ 000a 20....               jsr     shortcuts
    \ 000d          `?L249`:
0633                    while ((k = PEEK(0xD610U)) == 0)  {
    \ 000d ad10d6               lda     0xd610
    \ 0010 85..                 sta     zp:_Zp
    \ 0012 d01a                 bne     `?L250`
0634                      m = getkeymodstate();
    \ 0014 20....               jsr     getkeymodstate
    \ 0017 85..                 sta     zp:_Zp+24
0635                      if (m != mbefore)  {
    \ 0019 a6..                 ldx     zp:_Zp+25
    \ 001b e4..                 cpx     zp:_Zp+24
    \ 001d f0ee                 beq     `?L249`
0636                        shortcuts(m, side);
    \ 001f a5..                 lda     zp:_Zp+26
    \ 0021 85..                 sta     zp:_Zp
    \ 0023 a5..                 lda     zp:_Zp+24
    \ 0025 20....               jsr     shortcuts
0637                        mbefore = m;
    \ 0028 a5..                 lda     zp:_Zp+24
    \ 002a 85..                 sta     zp:_Zp+25
    \ 002c 80df                 bra     `?L249`
    \ 002e          `?L250`:
0638                      }
0639                    }
0640                    POKE(0xD610U, 0);
    \ 002e a900                 lda     #0
    \ 0030 8d10d6               sta     0xd610
0641                    return (m << 8) + k;
    \ 0033 a5..                 lda     zp:_Zp+24
    \ 0035 a200                 ldx     #0
    \ 0037 86..                 stx     zp:_Zp+1
    \ 0039 18                   clc
    \ 003a 65..                 adc     zp:_Zp+1
    \ 003c 85..                 sta     zp:_Zp+1
0642                }
    \ 003e 4c....               jmp     `?L258`
0643
0644                #define SETHYPPOOFF       0
0645                #define SETHYPPOON        1
0646                #define SETHYPPOONBYERROR 2
0647                unsigned char legacyHDOSstate;
    \ 0000                      .section zdata,bss
    \ 0000                      .public legacyHDOSstate
    \ 0000          legacyHDOSstate:
    \ 0000                      .space  1
0648                void UpdateSectors(unsigned char drive, unsigned char side)  {
    \ 0000                      .section code,text
    \ 0000                      .public UpdateSectors
    \ 0000          UpdateSectors:
    \ 0000 20....               jsr     `?L2075`
    \ 0003 85..                 sta     zp:_Zp+24
    \ 0005 a5..                 lda     zp:_Zp
    \ 0007 85..                 sta     zp:_Zp+25
0649                  unsigned char c;  // build up a string
0650                  unsigned char sethyppo;  // failures set "storage selection dirent mode"
0651
0652                  // @@@@@ workaround for curtrack reset in ROM 920418:
0653                  // https://github.com/MEGA65/mega65-rom-public/issues/248
0654                  if (option.option & OPTIONshowPOK) {
    \ 0009 a908                 lda     #8
    \ 000b 2c....               bit     option
    \ 000e f005                 beq     `?L260`
0655                    POKE(0x100e3, 0x80);
    \ 0010 a980                 lda     #-128
    \ 0012 8de300               sta     227
    \ 0015          `?L260`:
0656                  }
0657                  // @@ to be made variable maybe?
0658                  if (option.option & OPTIONshowIEC) {
    \ 0015 a910                 lda     #16
    \ 0017 2c....               bit     option
    \ 001a f00e                 beq     `?L262`
0659                    midnight[side]->drive = side + 8;  // @@@@@
    \ 001c a908                 lda     #8
    \ 001e 18                   clc
    \ 001f 65..                 adc     zp:_Zp+25
    \ 0021 48                   pha
    \ 0022 a5..                 lda     zp:_Zp+25
    \ 0024 20....               jsr     `?L1931`
    \ 0027 68                   pla
    \ 0028 8007                 bra     `?L1840`
    \ 002a          `?L262`:
0660                  } else {
0661                    midnight[side]->drive = side;
    \ 002a a5..                 lda     zp:_Zp+25
    \ 002c 20....               jsr     `?L1915`
    \ 002f a5..                 lda     zp:_Zp+25
    \ 0031 a000     `?L1840`:   ldy     #0
    \ 0033 91..                 sta     (_Zp),y
0662                  }
0663
0664                  midnight[side]->flags &= (~MIDNIGHTFLAGdirsortactive);
    \ 0035 a5..                 lda     zp:_Zp+25
    \ 0037 0a                   asl     a
    \ 0038 aa                   tax
    \ 0039 18                   clc
    \ 003a a946                 lda     #70
0665                  
0666                  if (midnight[side]->flags & MIDNIGHTFLAGismounted)  {
    \ 003c 20....               jsr     `?L1985`
    \ 003f a9fd                 lda     #-3
    \ 0041 a300                 ldz     #0
    \ 0043 32..                 and     (_Zp),z
    \ 0045 92..                 sta     (_Zp),z
    \ 0047 a5..                 lda     zp:_Zp+25
    \ 0049 20....               jsr     `?L1915`
    \ 004c 20....               jsr     `?L1949`
    \ 004f f31001               lbeq    `?L265`
0667                    // This would actually only have to be done once for both drives:
0668                    hyppo_get_proc_desc();
    \ 0052 20....               jsr     hyppo_get_proc_desc
0669                    /*
0670                    // https://stackoverflow.com/questions/1258550/why-should-you-use-strncpy-instead-of-strcpy
0671                    strncpy((char *) midnight[side]->curfile,
0672                            (drive ? (char *) taskblock->d81filename1 : (char *) taskblock->d81filename0),
0673                            (drive ? taskblock->d81filenamelength1 : taskblock->d81filenamelength0));
0674                */
0675                    if (drive == 0)  {
    \ 0055 a5..                 lda     zp:_Zp+24
    \ 0057 d02c                 bne     `?L268`
0676                /*
0677                      strncpy(midnight[side]->curfile,
0678                              taskblock->d81filename0,
0679                              taskblock->d81filenamelength0);
0680                      midnight[side]->curfile[taskblock->d81filenamelength0] = 0;
0681                * /
0682                      c = 0;
0683                      while (taskblock->d81filename0[c] != 0 && c < taskblock->d81filenamelength0)  {
0684                        midnight[side]->curfile[c] = taskblock->d81filename0[c];
0685                        c++;
0686                      }
0687                      midnight[side]->curfile[c] = 0;
0688                */
0689                      if (PEEK(0xd6a1) & D6A1_USEREAL0)  {
    \ 0059 ada1d6               lda     0xd6a1
    \ 005c 8901                 bit     #1
    \ 005e f010                 beq     `?L271`
0690                        strcopy("real drive", (char *) midnight[side]->curfile, DOSFILENAMELEN);
    \ 0060 a5..                 lda     zp:_Zp+25
    \ 0062 20....               jsr     `?L1930`
    \ 0065 e3..                 inw     zp:_Zp+2
    \ 0067 e3..                 inw     zp:_Zp+2
    \ 0069 a9..                 lda     #.byte0 `_StringLiteral_real drive`
    \ 006b 20....               jsr     `?L2076`
    \ 006e 803f                 bra     `?L1838`
    \ 0070          `?L271`:
0691                      } else {
0692                        strcopy((char *) taskblock->d81filename0,
    \ 0070 a5..                 lda     zp:_Zp+25
    \ 0072 20....               jsr     `?L1930`
    \ 0075 e3..                 inw     zp:_Zp+2
    \ 0077 e3..                 inw     zp:_Zp+2
    \ 0079 18                   clc
    \ 007a a915                 lda     #21
    \ 007c 20....               jsr     `?L1981`
    \ 007f a013                 ldy     #19
    \ 0081 b1..                 lda     (_Zp+4),y
    \ 0083 802a                 bra     `?L1838`
    \ 0085          `?L268`:
0693                                (char *) midnight[side]->curfile,
0694                                taskblock->d81filenamelength0);
0695                      }
0696                    } else {
0697                /*
0698                      strncpy(midnight[side]->curfile,
0699                              taskblock->d81filename1,
0700                              taskblock->d81filenamelength1);
0701                      midnight[side]->curfile[taskblock->d81filenamelength1] = 0;
0702                * /
0703                      c = 0;
0704                      while (taskblock->d81filename1[c] != 0 && c < taskblock->d81filenamelength1)  {
0705                        midnight[side]->curfile[c] = taskblock->d81filename1[c];
0706                        c++;
0707                      }
0708                      midnight[side]->curfile[c] = 0;
0709                */
0710                      if (PEEK(0xd6a1) & D6A1_USEREAL1)  {
    \ 0085 ada1d6               lda     0xd6a1
    \ 0088 8904                 bit     #4
    \ 008a f010                 beq     `?L274`
0711                        strcopy("real drive", (char *) midnight[side]->curfile, DOSFILENAMELEN);
    \ 008c a5..                 lda     zp:_Zp+25
    \ 008e 20....               jsr     `?L1930`
    \ 0091 e3..                 inw     zp:_Zp+2
    \ 0093 e3..                 inw     zp:_Zp+2
    \ 0095 a9..                 lda     #.byte0 `_StringLiteral_real drive`
    \ 0097 20....               jsr     `?L2076`
    \ 009a 8013                 bra     `?L1838`
    \ 009c          `?L274`:
0712                      } else {
0713                        strcopy((char *) taskblock->d81filename1,
    \ 009c a5..                 lda     zp:_Zp+25
    \ 009e 20....               jsr     `?L1930`
    \ 00a1 e3..                 inw     zp:_Zp+2
    \ 00a3 e3..                 inw     zp:_Zp+2
    \ 00a5 18                   clc
    \ 00a6 a935                 lda     #53
    \ 00a8 20....               jsr     `?L1981`
    \ 00ab a014                 ldy     #20
    \ 00ad b1..                 lda     (_Zp+4),y
    \ 00af          `?L1838`:
    \ 00af 20....               jsr     strcopy
0714                                (char *) midnight[side]->curfile,
0715                                taskblock->d81filenamelength1);
0716                      }
0717                    }
0718
0719                    getDiskname(legacyHDOSstate,
    \ 00b2 a6..                 ldx     zp:_Zp+25
    \ 00b4 86..                 stx     zp:_Zp+2
    \ 00b6 a900                 lda     #0
    \ 00b8 20....               jsr     `?L1932`
    \ 00bb 18                   clc
    \ 00bc 20....               jsr     `?L2048`
    \ 00bf a5..                 lda     zp:_Zp+25
    \ 00c1 20....               jsr     `?L1915`
    \ 00c4 a047                 ldy     #71
    \ 00c6 20....               jsr     `?L2044`
    \ 00c9 20....               jsr     `?L1928`
    \ 00cc 20....               jsr     getDiskname
0720                                drive, midnight[side]->dirtrack, (char *) disknames[side]);
0721                    c = BAM2Attic(legacyHDOSstate, drive, side, midnight[side]->dirtrack);
    \ 00cf a5..                 lda     zp:_Zp+25
    \ 00d1 20....               jsr     `?L1915`
    \ 00d4 a047                 ldy     #71
    \ 00d6 20....               jsr     `?L2069`
    \ 00d9 20....               jsr     `?L2045`
    \ 00dc 20....               jsr     `?L1928`
    \ 00df 20....               jsr     BAM2Attic
    \ 00e2 85..                 sta     zp:_Zp
0722                    if (c > 1)  {
    \ 00e4 a301                 ldz     #1
    \ 00e6 d4..                 cpz     zp:_Zp
    \ 00e8 b015                 bcs     `?L277`
0723                /*
0724                      messagebox(MBOXNUMBER, "Reading BAM error, probably unmounted",
0725                                             (drive ? "drive 1" : "drive 0"),
0726                                             "error=", (long) c);
0727                */
0728                      midnight[side]->flags &= (~MIDNIGHTFLAGismounted);
    \ 00ea a5..                 lda     zp:_Zp+25
    \ 00ec 0a                   asl     a
    \ 00ed aa                   tax
    \ 00ee 18                   clc
    \ 00ef a946                 lda     #70
0729                      sethyppo = SETHYPPOONBYERROR;
    \ 00f1 20....               jsr     `?L1921`
    \ 00f4 a9fe                 lda     #-2
    \ 00f6 3b                   dez
    \ 00f7 32..                 and     (_Zp),z
    \ 00f9 92..                 sta     (_Zp),z
    \ 00fb a902                 lda     #2
    \ 00fd 8064                 bra     `?L1839`
    \ 00ff          `?L277`:
0730                    } else {
0731                      midnight[side]->blocksfree = FreeBlocks(legacyHDOSstate,
    \ 00ff a5..                 lda     zp:_Zp+25
    \ 0101 20....               jsr     `?L1915`
    \ 0104 a049                 ldy     #73
    \ 0106 b1..                 lda     (_Zp),y
    \ 0108 85..                 sta     zp:_Zp+3
    \ 010a a5..                 lda     zp:_Zp+25
    \ 010c 20....               jsr     `?L1915`
    \ 010f 88                   dey
    \ 0110 20....               jsr     `?L2069`
    \ 0113 20....               jsr     `?L1915`
    \ 0116 88                   dey
    \ 0117 b1..                 lda     (_Zp),y
    \ 0119 85..                 sta     zp:_Zp+1
    \ 011b a5..                 lda     zp:_Zp+25
    \ 011d 20....               jsr     `?L1928`
    \ 0120 20....               jsr     FreeBlocks
    \ 0123 a5..                 lda     zp:_Zp+25
    \ 0125 0a                   asl     a
    \ 0126 aa                   tax
    \ 0127 bd....               lda     midnight,x
    \ 012a 85..                 sta     zp:_Zp+2
    \ 012c bd....               lda     midnight+1,x
    \ 012f 85..                 sta     zp:_Zp+3
    \ 0131 a044                 ldy     #68
    \ 0133 a5..                 lda     zp:_Zp
    \ 0135 91..                 sta     (_Zp+2),y
    \ 0137 c8                   iny
    \ 0138 a5..                 lda     zp:_Zp+1
    \ 013a 91..                 sta     (_Zp+2),y
0732                                                              side, midnight[side]->dirtrack,
0733                                                              midnight[side]->firsttrack,
0734                                                              midnight[side]->lasttrack);
0735                      midnight[side]->entries = getdirent(legacyHDOSstate, drive, side,
    \ 013c a5..                 lda     zp:_Zp+25
    \ 013e 20....               jsr     `?L1915`
    \ 0141 a047                 ldy     #71
    \ 0143 20....               jsr     `?L2069`
    \ 0146 20....               jsr     `?L2045`
    \ 0149 20....               jsr     `?L1928`
    \ 014c 20....               jsr     getdirent
    \ 014f 48                   pha
    \ 0150 a5..                 lda     zp:_Zp+25
0736                                                          midnight[side]->dirtrack);
0737                      sethyppo = SETHYPPOOFF;
    \ 0152 20....               jsr     `?L1931`
    \ 0155 e3..                 inw     zp:_Zp
    \ 0157 e3..                 inw     zp:_Zp
    \ 0159 68                   pla
    \ 015a a000                 ldy     #0
    \ 015c 91..                 sta     (_Zp),y
    \ 015e 98                   tya
    \ 015f 8002                 bra     `?L1839`
    \ 0161          `?L265`:
0738                    }
0739                  } else {
0740                    sethyppo = SETHYPPOON;
    \ 0161 a901                 lda     #1
    \ 0163          `?L1839`:
    \ 0163 85..                 sta     zp:_Zp+26
0741                  }
0742                  
0743                  if (sethyppo != SETHYPPOOFF)  {
    \ 0165 a5..                 lda     zp:_Zp+26
    \ 0167 f05d                 beq     `?L258`
0744                    strcopy("storage card", (char *) disknames[side], DOSFILENAMELEN);
    \ 0169 a6..                 ldx     zp:_Zp+25
    \ 016b 86..                 stx     zp:_Zp+2
    \ 016d a900                 lda     #0
    \ 016f 20....               jsr     `?L1932`
    \ 0172 18                   clc
    \ 0173 20....               jsr     `?L2048`
    \ 0176 20....               jsr     `?L2036`
0745                    strcopy("storage card", (char *) midnight[side]->curfile, DOSFILENAMELEN);
    \ 0179 a5..                 lda     zp:_Zp+25
    \ 017b 20....               jsr     `?L1930`
    \ 017e e3..                 inw     zp:_Zp+2
    \ 0180 e3..                 inw     zp:_Zp+2
    \ 0182 20....               jsr     `?L2036`
0746                    midnight[side]->entries = gethyppodirent(drive, side, LFNNBRENTRIES);
    \ 0185 a950                 lda     #80
    \ 0187 85..                 sta     zp:_Zp+1
    \ 0189 a5..                 lda     zp:_Zp+25
    \ 018b 85..                 sta     zp:_Zp
    \ 018d a5..                 lda     zp:_Zp+24
    \ 018f 20....               jsr     gethyppodirent
    \ 0192 48                   pha
    \ 0193 a5..                 lda     zp:_Zp+25
0747                    midnight[side]->blocksfree = UINT_MAX;
0748                    if (sethyppo == SETHYPPOONBYERROR)  midnight[side]->blocksfree = UINT_MAX - 1;
    \ 0195 20....               jsr     `?L1931`
    \ 0198 e3..                 inw     zp:_Zp
    \ 019a e3..                 inw     zp:_Zp
    \ 019c 68                   pla
    \ 019d a000                 ldy     #0
    \ 019f 91..                 sta     (_Zp),y
    \ 01a1 a5..                 lda     zp:_Zp+25
    \ 01a3 20....               jsr     `?L1915`
    \ 01a6 a044                 ldy     #68
    \ 01a8 a9ff                 lda     #255
    \ 01aa 91..                 sta     (_Zp),y
    \ 01ac c8                   iny
    \ 01ad a9ff                 lda     #255
    \ 01af 91..                 sta     (_Zp),y
    \ 01b1 a302                 ldz     #2
    \ 01b3 d4..                 cpz     zp:_Zp+26
    \ 01b5 d00f                 bne     `?L258`
    \ 01b7 a5..                 lda     zp:_Zp+25
    \ 01b9 20....               jsr     `?L1915`
    \ 01bc 88                   dey
    \ 01bd a9fe                 lda     #254
    \ 01bf 91..                 sta     (_Zp),y
    \ 01c1 c8                   iny
    \ 01c2 a9ff                 lda     #255
    \ 01c4 91..                 sta     (_Zp),y
    \ 01c6          `?L258`:
0749                  }
0750                }
    \ 01c6 a002                 ldy     #2
    \ 01c8 4c....               jmp     _RestoreRegisters
0751
0752                // overwrites the current file as selected if there's no other:
0753                unsigned int sizeselectcurrentifnone(unsigned char side)  {
    \ 0000                      .section code,text
    \ 0000                      .public sizeselectcurrentifnone
    \ 0000          sizeselectcurrentifnone:
    \ 0000 a200                 ldx     #0
    \ 0002 a005                 ldy     #5
    \ 0004 20....               jsr     _AllocStackSave
    \ 0007 85..                 sta     zp:_Zp+29
0754                  unsigned int i;
0755                  DIRENT* ds;
0756                  unsigned int size = 0;
    \ 0009 8a                   txa
    \ 000a 85..                 sta     zp:_Zp+24
    \ 000c 85..                 sta     zp:_Zp+25
0757                  unsigned char found = FALSE;
    \ 000e 85..                 sta     zp:_Zp+28
0758
0759                  for (i = 0; i < NBRENTRIES; i++)  {
    \ 0010 85..                 sta     zp:_Zp+26
    \ 0012 85..                 sta     zp:_Zp+27
    \ 0014          `?L290`:
    \ 0014 20....               jsr     `?L1994`
    \ 0017 905b                 bcc     `?L289`
0760                    if (direntflags[side][i].flags & DIRFLAGSisselected)  {
0761                      found = TRUE;
0762                      // add to size:
0763                      ds = getdirententry(side, i);
0764                      size += ds->size;
0765                      
0766                      // @@ momentary workaround:
0767                      if ((ds->type&0xf) == VAL_DOSFTYPE_CBM)  {
0768                        messagebox(MBOXNOCANCEL, "Copying subdirectories",
0769                                   "is not yet implemented.",
0770                                   " ", 0);
0771                        return UINT_MAX;
0772                      }
0773                    }
0774                  }
0775                  // no selection uses currently highlighted entry:
0776                  if (!found)  {
    \ 0019 a5..                 lda     zp:_Zp+28
    \ 001b d04f                 bne     `?L301`
0777                    direntflags[side][midnight[side]->pos].flags |= DIRFLAGSisselected;
    \ 001d a6..                 ldx     zp:_Zp+29
    \ 001f 20....               jsr     `?L1960`
    \ 0022 20....               jsr     `?L1919`
    \ 0025 f005                 beq     `?L1064`
    \ 0027          `?L1065`:
    \ 0027 20....               jsr     `?L1998`
    \ 002a d0fb                 bne     `?L1065`
    \ 002c          `?L1064`:
    \ 002c a5..                 lda     zp:_Zp+2
    \ 002e 38                   sec
    \ 002f e5..                 sbc     zp:_Zp
    \ 0031 85..                 sta     zp:_Zp
    \ 0033 a5..                 lda     zp:_Zp+3
    \ 0035 e5..                 sbc     zp:_Zp+1
    \ 0037 85..                 sta     zp:_Zp+1
    \ 0039 18                   clc
    \ 003a a5..                 lda     zp:_Zp
    \ 003c 69..                 adc     #.byte0 direntflags
    \ 003e 85..                 sta     zp:_Zp
    \ 0040 a5..                 lda     zp:_Zp+1
    \ 0042 69..                 adc     #.byte1 direntflags
    \ 0044 85..                 sta     zp:_Zp+1
    \ 0046 a5..                 lda     zp:_Zp+29
    \ 0048 20....               jsr     `?L1930`
    \ 004b a000                 ldy     #0
    \ 004d b1..                 lda     (_Zp+2),y
    \ 004f 85..                 sta     zp:_Zp+2
    \ 0051 18                   clc
    \ 0052 a5..                 lda     zp:_Zp
    \ 0054 65..                 adc     zp:_Zp+2
    \ 0056 85..                 sta     zp:_Zp
    \ 0058 9002                 bcc     `?L1067`
    \ 005a e6..                 inc     zp:_Zp+1
    \ 005c          `?L1067`:
0778                    ds = getdirententry(side, midnight[side]->pos);
    \ 005c 20....               jsr     `?L1962`
    \ 005f a5..                 lda     zp:_Zp+29
    \ 0061 20....               jsr     `?L1915`
    \ 0064 20....               jsr     `?L2010`
    \ 0067 a5..                 lda     zp:_Zp+29
    \ 0069 20....               jsr     `?L1986`
    \ 006c          `?L301`:
0779                    size += ds->size;
0780                  }
0781                  return size;
    \ 006c a5..                 lda     zp:_Zp+24
    \ 006e 85..                 sta     zp:_Zp
    \ 0070 a5..                 lda     zp:_Zp+25
    \ 0072 804e                 bra     `?L1841`
    \ 0074          `?L289`:
    \ 0074 a6..                 ldx     zp:_Zp+29
    \ 0076 20....               jsr     `?L1960`
    \ 0079 20....               jsr     `?L1919`
    \ 007c f005                 beq     `?L1070`
    \ 007e          `?L1071`:
    \ 007e 20....               jsr     `?L1998`
    \ 0081 d0fb                 bne     `?L1071`
    \ 0083          `?L1070`:
    \ 0083 20....               jsr     `?L1918`
    \ 0086 20....               jsr     `?L1965`
    \ 0089 f03e                 beq     `?L291`
    \ 008b a901                 lda     #1
    \ 008d 85..                 sta     zp:_Zp+28
    \ 008f 20....               jsr     `?L1951`
    \ 0092 a5..                 lda     zp:_Zp+29
    \ 0094 20....               jsr     `?L1986`
    \ 0097 a90f                 lda     #15
    \ 0099 a302                 ldz     #2
    \ 009b 32..                 and     (_Zp),z
    \ 009d c905                 cmp     #5
    \ 009f d028                 bne     `?L291`
    \ 00a1 20....               jsr     `?L1916`
    \ 00a4 20....               jsr     `?L1929`
    \ 00a7 a9..                 lda     #.byte0 `_StringLiteral_is not yet implemented.`
    \ 00a9 85..                 sta     zp:_Zp+2
    \ 00ab a9..                 lda     #.byte1 `_StringLiteral_is not yet implemented.`
    \ 00ad 85..                 sta     zp:_Zp+3
    \ 00af a9..                 lda     #.byte0 `_StringLiteral_Copying subdirectories`
    \ 00b1 85..                 sta     zp:_Zp
    \ 00b3 a9..                 lda     #.byte1 `_StringLiteral_Copying subdirectories`
    \ 00b5 85..                 sta     zp:_Zp+1
    \ 00b7 a904                 lda     #4
    \ 00b9 20....               jsr     `?L1922`
    \ 00bc a9ff                 lda     #255
    \ 00be 85..                 sta     zp:_Zp
    \ 00c0 a9ff                 lda     #255
    \ 00c2          `?L1841`:
    \ 00c2 85..                 sta     zp:_Zp+1
0782                }
    \ 00c4 a005                 ldy     #5
    \ 00c6 4c....               jmp     _RestoreRegisters
    \ 00c9          `?L291`:
    \ 00c9 e3..                 inw     zp:_Zp+26
    \ 00cb 4c....               jmp     `?L290`
0783
0784                // unsigned char testtrack;
0785                // unsigned char testsector;
0786                void navi(unsigned char side)  {
    \ 0000                      .section code,text
    \ 0000                      .public navi
    \ 0000 a2fd     navi:       ldx     #253
    \ 0002 a008                 ldy     #8
    \ 0004 20....               jsr     _AllocStackSave
    \ 0007 85..                 sta     zp:_Zp+24
0787                  unsigned int c;  // keyboard input
0788                  unsigned char leftx;
0789                  unsigned char starttrack;
0790                  unsigned char startsector;
0791                  unsigned char endtrack;
0792                  unsigned char attachresult;
0793                  unsigned int i;
0794                  unsigned char fd;
0795                  unsigned char number;
0796                  DIRENT* ds;
0797                  unsigned char alive = TRUE;
    \ 0009 a901                 lda     #1
    \ 000b 85..                 sta     zp:_Zp
0798
0799                  option.option = OPTIONshowALO | OPTIONshowOVL;
    \ 000d a906                 lda     #6
    \ 000f 8d....               sta     option
0800                  legacyHDOSstate = legacyHDOS(); // clobbers $1703
    \ 0012 20....               jsr     legacyHDOS
    \ 0015 8d....               sta     legacyHDOSstate
0801                /*
0802                messagebox(MBOXNUMBER, "after legacy()",
0803                                       " ", // (midnight[side]->drive ? "drive 1" : "drive 0"),
0804                                       "BASEPAGERESERVED=", *(long*) BASEPAGERESERVED);
0805                */
0806                  // initialising:
0807                  for (i = 0; i < 2; i++)  {
    \ 0018 20....               jsr     `?L2066`
    \ 001b          `?L308`:
    \ 001b a5..                 lda     zp:_Zp+28
    \ 001d c902                 cmp     #2
    \ 001f a5..                 lda     zp:_Zp+29
    \ 0021 e900                 sbc     #0
    \ 0023 93d915               lbcc    `?L307`
0808                    // @@@@@ This is also an option but needs not be rubbish at startup:
0809                    midnight[i]->drive = i;
0810
0811                    // title of mcbox is .d81 file name, cannot be read at startup:
0812                    strcpy((char *) midnight[i]->curfile, (char *) "already mounted");
0813                    midnight[i]->dirtrack = HEADERTRACK;
0814                    midnight[i]->firsttrack = FIRSTTRACK;
0815                    midnight[i]->lasttrack = LASTTRACK;
0816                    midnight[i]->pos = 0;
0817                    midnight[i]->flags |= MIDNIGHTFLAGismounted;
0818
0819                    // Momentary fix for Deft's no .d81 in drv 1 must show no error:
0820                    if ((i == 1) && !legacyHDOSstate &&
0821                        (midnight[i]->flags & MIDNIGHTFLAGismounted) &&
0822                        (PEEK(0xd68b) & D68B_IMG1) == 0)  {
0823                      midnight[i]->flags &= (~MIDNIGHTFLAGismounted);
0824                    }
0825
0826                    messagebox(MBOXFALLTHROUGH, " ", " ", " ", 0);
0827                    progress("Initialising...", "reading disk drives", i * 40 + 40);
0828                    UpdateSectors(midnight[i]->drive, i);
0829                    Deselect(i);
0830                  }
0831
0832                  // find dirent with text file:
0833                  alive = FALSE;
    \ 0026 a900                 lda     #0
    \ 0028 85..                 sta     zp:_Zp+25
0834                  for (i = 0; i < NBRENTRIES; i++)  {
    \ 002a 85..                 sta     zp:_Zp+28
    \ 002c 85..                 sta     zp:_Zp+29
    \ 002e          `?L315`:
    \ 002e a5..                 lda     zp:_Zp+25
    \ 0030 85..                 sta     zp:_Zp+30
    \ 0032 a5..                 lda     zp:_Zp+28
    \ 0034 c9f8                 cmp     #248
    \ 0036 a5..                 lda     zp:_Zp+29
    \ 0038 e900                 sbc     #0
    \ 003a b021                 bcs     `?L317`
0835                    ds = getdirententry(side, i);
    \ 003c a5..                 lda     zp:_Zp+28
    \ 003e 85..                 sta     zp:_Zp
    \ 0040 a5..                 lda     zp:_Zp+29
    \ 0042 20....               jsr     `?L1967`
0836
0837                    if (mstrcmp(ds->name, "MIDNIGHTMEGATEXT", 17) == 0)  {
    \ 0045 a9..                 lda     #.byte0 _StringLiteral_MIDNIGHTMEGATEXT
    \ 0047 85..                 sta     zp:_Zp+2
    \ 0049 a9..                 lda     #.byte1 _StringLiteral_MIDNIGHTMEGATEXT
    \ 004b 85..                 sta     zp:_Zp+3
    \ 004d 20....               jsr     `?L2039`
    \ 0050 a911                 lda     #17
    \ 0052 20....               jsr     mstrcmp
    \ 0055 aa                   tax
    \ 0056 d3a115               lbne    `?L316`
0838                      // valuesbox(0, "mstrcmp", "i=", i, "last=", ds->name[15]);
0839                      alive = TRUE;
    \ 0059 a901                 lda     #1
    \ 005b 85..                 sta     zp:_Zp+30
    \ 005d          `?L317`:
0840                      break;
0841                    }
0842                  }
0843
0844                  // read complete text file into Attic:
0845                  if (alive)  {
    \ 005d a5..                 lda     zp:_Zp+30
    \ 005f f064                 beq     `?L322`
0846                    if (readblockchain(legacyHDOSstate, ATTICTEXTBUFFER, TEXTBLOCKS,
0847                                       midnight[side]->drive, ds->track, ds->sector) > 0)  {
    \ 0061 a9ff                 lda     #-1
    \ 0063 20....               jsr     _DecVsp
    \ 0066 a004                 ldy     #4
    \ 0068 b1..                 lda     (_Zp+26),y
    \ 006a a000                 ldy     #0
    \ 006c 91..                 sta     (_Vsp),y
    \ 006e a003                 ldy     #3
    \ 0070 b1..                 lda     (_Zp+26),y
    \ 0072 85..                 sta     zp:_Zp+7
    \ 0074 a5..                 lda     zp:_Zp+24
    \ 0076 20....               jsr     `?L1915`
    \ 0079 a000                 ldy     #0
    \ 007b b1..                 lda     (_Zp),y
    \ 007d 85..                 sta     zp:_Zp+6
    \ 007f a932                 lda     #50
    \ 0081 85..                 sta     zp:_Zp+4
    \ 0083 a900                 lda     #0
    \ 0085 85..                 sta     zp:_Zp+5
    \ 0087 a2ea                 ldx     #234
    \ 0089 a00c                 ldy     #12
    \ 008b a308                 ldz     #8
    \ 008d 424285..             stq     zp:_Zp
    \ 0091 ad....               lda     legacyHDOSstate
    \ 0094 20....               jsr     `?L2060`
    \ 0097 aa                   tax
    \ 0098 f017                 beq     `?L325`
0848                      // valuesbox(0, "readblockchain", "t=", ds->track, "s=", ds->sector);
0849                      pcputs("ERROR too much text data for available blocks!");
    \ 009a a9..                 lda     #.byte0 `_StringLiteral_ERROR too much text data for available blocks!`
    \ 009c 85..                 sta     zp:_Zp
    \ 009e a9..                 lda     #.byte1 `_StringLiteral_ERROR too much text data for available blocks!`
    \ 00a0 85..                 sta     zp:_Zp+1
    \ 00a2 20....               jsr     petsciitoscreencode_s
    \ 00a5 20....               jsr     cputs
0850                      cgetc();
    \ 00a8 20....               jsr     cgetc
0851                      alive = FALSE;
    \ 00ab a900                 lda     #0
    \ 00ad 85..                 sta     zp:_Zp+30
    \ 00af 802f                 bra     `?L323`
    \ 00b1          `?L325`:
0852                    } else {
0853                      // Info above keybar:
0854                      text(INFOFOOTER1, FALSE);
    \ 00b1 98                   tya
    \ 00b2 85..                 sta     zp:_Zp
    \ 00b4 20....               jsr     text
0855                      text(INFOFOOTER2, FALSE);
    \ 00b7 a900                 lda     #0
    \ 00b9 85..                 sta     zp:_Zp
    \ 00bb a901                 lda     #1
    \ 00bd 20....               jsr     text
0856                      shortcuts(20, 0);
    \ 00c0 20....               jsr     `?L2000`
    \ 00c3 801b                 bra     `?L323`
    \ 00c5          `?L322`:
0857                    }
0858                  } else {
0859                    // pcputs("ERROR text data file not found!");
0860                    // cgetc();
0861                    messagebox(MBOXNOCANCEL, "ERROR text data file not found!",
    \ 00c5 20....               jsr     `?L1916`
    \ 00c8 20....               jsr     `?L1929`
    \ 00cb a9..                 lda     #.byte0 `_StringLiteral_Programme terminating.`
    \ 00cd 85..                 sta     zp:_Zp+2
    \ 00cf a9..                 lda     #.byte1 `_StringLiteral_Programme terminating.`
    \ 00d1 85..                 sta     zp:_Zp+3
    \ 00d3 a9..                 lda     #.byte0 `_StringLiteral_ERROR text data file not found!`
    \ 00d5 85..                 sta     zp:_Zp
    \ 00d7 a9..                 lda     #.byte1 `_StringLiteral_ERROR text data file not found!`
    \ 00d9 85..                 sta     zp:_Zp+1
    \ 00db a904                 lda     #4
    \ 00dd 20....               jsr     `?L1922`
    \ 00e0          `?L323`:
0862                                             "Programme terminating.",
0863                                             " ", 0);
0864                  }
0865
0866                  _miniInit();  // Pause the floppy drive while waiting for the user
    \ 00e0 20....               jsr     _miniInit
0867                  // @@@@ legacy timing:
0868                  if (legacyHDOSstate &&
0869                      !messagebox(MBOXVERSION,
0870                                     "A HICKUP.M65 v1.2 or older is active on your storage card",
0871                                     "or an old core containing it. Falling back to slow mode.",
0872                                     "Press RETURN to continue, STOP to halt.", 0))  {
    \ 00e3 ad....               lda     legacyHDOSstate
    \ 00e6 f027                 beq     `?L328`
    \ 00e8 20....               jsr     `?L1916`
    \ 00eb a9..                 lda     #.byte0 `_StringLiteral_Press RETURN to continue, STOP to halt.`
    \ 00ed 85..                 sta     zp:_Zp+4
    \ 00ef a9..                 lda     #.byte1 `_StringLiteral_Press RETURN to continue, STOP to halt.`
    \ 00f1 85..                 sta     zp:_Zp+5
    \ 00f3 a9..                 lda     #.byte0 `_StringLiteral_or an old core containing it. Falling back to slow mode.`
    \ 00f5 85..                 sta     zp:_Zp+2
    \ 00f7 a9..                 lda     #.byte1 `_StringLiteral_or an old core containing it. Falling back to slow mode.`
    \ 00f9 85..                 sta     zp:_Zp+3
    \ 00fb a9..                 lda     #.byte0 `_StringLiteral_A HICKUP.M65 v1.2 or older is active on your storage card`
    \ 00fd 85..                 sta     zp:_Zp
    \ 00ff a9..                 lda     #.byte1 `_StringLiteral_A HICKUP.M65 v1.2 or older is active on your storage card`
    \ 0101 85..                 sta     zp:_Zp+1
    \ 0103 a901                 lda     #1
    \ 0105 20....               jsr     `?L1922`
    \ 0108 aa                   tax
    \ 0109 d004                 bne     `?L328`
0873                    alive = FALSE;
    \ 010b a900                 lda     #0
    \ 010d 8002                 bra     `?L1896`
    \ 010f          `?L328`:
    \ 010f a5..                 lda     zp:_Zp+30
    \ 0111          `?L1896`:
    \ 0111 85..                 sta     zp:_Zp+25
    \ 0113          `?L331`:
0874                  }
0875
0876                /* @@@@
0877                  if (!messagebox(MBOXVERSION,
0878                                     "is currently beta and may destroy data structures on",
0879                                     ".d81 and real disks! Please work on backed up media.",
0880                                     "Press RETURN to continue, STOP to halt.", 0))  {
0881                    alive = FALSE;
0882                  }
0883                @@@@ */
0884
0885                  // main navigation loop:
0886                  while (alive)  {
    \ 0113 a5..                 lda     zp:_Zp+25
    \ 0115 f3db14               lbeq    `?L306`
0887                    // end running drive access:
0888                    _miniInit();
    \ 0118 20....               jsr     _miniInit
0889                    for (i = 0; i < 2; i++)  {
    \ 011b a900                 lda     #0
    \ 011d 85..                 sta     zp:_Zp+30
    \ 011f 85..                 sta     zp:_Zp+31
    \ 0121          `?L335`:
    \ 0121 a5..                 lda     zp:_Zp+30
    \ 0123 c902                 cmp     #2
    \ 0125 a5..                 lda     zp:_Zp+31
    \ 0127 e900                 sbc     #0
    \ 0129 93f312               lbcc    `?L334`
0890                      if (midnight[i]->pos > midnight[i]->entries)  {
0891                        midnight[i]->pos = midnight[i]->entries;
0892                      }
0893                      if (midnight[i]->entries == 0xff)  {
0894                        midnight[i]->pos = 0;  // @@@@ empty list is not handled below :(
0895                      }
0896                      leftx = i * 40;
0897                      mcbox(leftx, 0, leftx + 39, 0 + 23, COLOUR_CYAN, BOX_STYLE_INNER, 1, 0);
0898                      revers(1);
0899                      mcputsxy(leftx + 2, 0, " ");  // @@ to be string optimised as in listbox()
0900                      msprintf((char *) disknames[i]); // @@@@ maybe simply call GetDisknames here
0901                      cputc(' ');
0902                      if (midnight[i]->flags & MIDNIGHTFLAGismounted)  {
0903                        mcputsxy(wherex() + 1, 0, " ");
0904                        msprintf((char *) midnight[i]->curfile);
0905                        cputc(' ');
0906                      }
0907                      mcputsxy(leftx + 2, 23, " drv:");
0908                      csputdec(midnight[i]->drive, 0, 0);
0909                      cputc(' ');
0910                      if (midnight[i]->entries == 0xff)  {
0911                        // can also indicate more than the allowed number of dirents:
0912                        mcputsxy(leftx + 17, 3, " empty ");
0913                //        if (side == i)  mcputsxy(leftx + 12, 5, " > F2 to mount < ");
0914                //        valuesbox(0, "empty list", "entries=", midnight[i]->entries, " ", 0);
0915                      } else {
0916                        listbox((side == i), i, leftx + 1, 1,
0917                                midnight[i]->pos, midnight[i]->entries);
0918                      }
0919                      if (midnight[i]->blocksfree == (UINT_MAX - 1))  {
0920                        blink(TRUE);
0921                        textcolor(COLOUR_ORANGE);
0922                        mcputsxy(leftx + 12, 23, " disk access error ");
0923                        blink(FALSE);
0924                        sidbong();
0925                        midnight[i]->blocksfree = UINT_MAX;
0926                      }
0927                      else if (midnight[i]->blocksfree != UINT_MAX)  {
0928                        mcputsxy(leftx + 12, 23, " ");
0929                        csputdec(midnight[i]->blocksfree, 0, 0);
0930                        msprintf(" blocks free ");
0931                      }
0932                      else {
0933                        mcputsxy(leftx + 12, 23, " F11 to mount real drive ");
0934                      }
0935                      revers(0);
0936                    }
0937
0938                    c = cgetcalt(side);
    \ 012c a5..                 lda     zp:_Zp+24
    \ 012e 20....               jsr     cgetcalt
    \ 0131 a5..                 lda     zp:_Zp
    \ 0133 85..                 sta     zp:_Zp+28
    \ 0135 a5..                 lda     zp:_Zp+1
    \ 0137 85..                 sta     zp:_Zp+29
0939                    bordercolor (COLOUR_BLACK); // to unset red error borders
    \ 0139 a900                 lda     #0
    \ 013b 20....               jsr     bordercolor
0940                    
0941                    // Drop all keys not used in dir sort mode:
0942                    if (midnight[side]->flags & MIDNIGHTFLAGdirsortactive)  {
    \ 013e a5..                 lda     zp:_Zp+24
    \ 0140 20....               jsr     `?L1915`
    \ 0143 20....               jsr     `?L1995`
    \ 0146 f04c                 beq     `?L357`
0943                      switch (c) { // mega65-book.pdf#229
    \ 0148 a9..                 lda     #.byte0 `?L694`
    \ 014a 85..                 sta     zp:_Zp+2
    \ 014c a9..                 lda     #.byte1 `?L694`
    \ 014e 20....               jsr     `?L2035`
    \ 0151          `?L364`:
0944                        case 0x91: // Crsrup
0945                        case 0x191: // Shift Crsrup
0946                        case 0x291:
0947                        case 0x11: // Crsrdown
0948                        case 0x412: // Ctrl-r
0949                        case 0x20: // Space to toggle
0950                        case 0x194: // Shift-Inst
0951                        case 0x294:
0952                        case 0x1f: // HELP
0953                        case 0xf1: // unused F keys
0954                        case 0x1f1:
0955                        case 0x2f1:
0956                          // allowed keys in this mode
0957                        break;
0958
0959                        case 13: // return
0960                          rewritedirent(legacyHDOSstate, midnight[side]->drive, side,
    \ 0151 a5..                 lda     zp:_Zp+24
    \ 0153 20....               jsr     `?L1915`
    \ 0156 a049                 ldy     #73
    \ 0158 b1..                 lda     (_Zp),y
    \ 015a 85..                 sta     zp:_Zp+4
    \ 015c a5..                 lda     zp:_Zp+24
    \ 015e 20....               jsr     `?L1915`
    \ 0161 88                   dey
    \ 0162 b1..                 lda     (_Zp),y
    \ 0164 85..                 sta     zp:_Zp+3
    \ 0166 a5..                 lda     zp:_Zp+24
    \ 0168 20....               jsr     `?L1915`
    \ 016b 88                   dey
    \ 016c 20....               jsr     `?L1955`
    \ 016f a5..                 lda     zp:_Zp+24
    \ 0171 20....               jsr     `?L1936`
    \ 0174 a000                 ldy     #0
    \ 0176 b1..                 lda     (_Zp+6),y
    \ 0178 20....               jsr     `?L1928`
    \ 017b 20....               jsr     rewritedirent
    \ 017e          `?L362`:
0961                                        midnight[side]->dirtrack,
0962                                        midnight[side]->firsttrack, midnight[side]->lasttrack);
0963                        // ... falling through ... no break;
0964                        case 3:    // STOP
0965                        case 27:   // Esc
0966                          UpdateSectors(midnight[side]->drive, side);
    \ 017e a5..                 lda     zp:_Zp+24
    \ 0180 85..                 sta     zp:_Zp
    \ 0182 20....               jsr     `?L1920`
0967                          Deselect(side);
    \ 0185 20....               jsr     `?L1961`
0968                          c = 0xFF; // bong preventing
    \ 0188 a9ff                 lda     #255
0969                        break;
    \ 018a 8002                 bra     `?L1895`
    \ 018c          `?L361`:
0970
0971                        default:
0972                          c = 0;
    \ 018c a900                 lda     #0
    \ 018e          `?L1895`:
    \ 018e 85..                 sta     zp:_Zp+28
    \ 0190 a900                 lda     #0
    \ 0192 85..                 sta     zp:_Zp+29
    \ 0194          `?L357`:
0973                        break;
0974                      }
0975                    }
0976
0977                    switch (c) { // mega65-book.pdf#229
    \ 0194 a9..                 lda     #.byte0 `?L693`
    \ 0196 85..                 sta     zp:_Zp+2
    \ 0198 a9..                 lda     #.byte1 `?L693`
    \ 019a 20....               jsr     `?L2035`
    \ 019d          `?L408`:
0978                      case 0x91: // Crsrup
0979                      case 0x191: // Shift Crsrup
0980                      case 0x291:
0981                        if (midnight[side]->pos > 0)  {
0982                          if ((midnight[side]->flags & MIDNIGHTFLAGdirsortactive) &&
0983                              (direntflags[side][midnight[side]->pos].flags &
0984                                    DIRFLAGSisselected))  {
0985                            swapdirententry(side, midnight[side]->pos, midnight[side]->pos - 1);
0986                            Deselect(side);
0987                            direntflags[side][midnight[side]->pos - 1].flags |=
0988                                    DIRFLAGSisselected;
0989                          }
0990                          midnight[side]->pos--;
0991                        }
0992                      break;
0993                      case 0x11: // Crsrdown
0994                        if (midnight[side]->pos < midnight[side]->entries)  {
0995                          if ((midnight[side]->flags & MIDNIGHTFLAGdirsortactive) &&
0996                              (direntflags[side][midnight[side]->pos].flags &
0997                                    DIRFLAGSisselected))  {
0998                            swapdirententry(side, midnight[side]->pos, midnight[side]->pos + 1);
0999                            Deselect(side);
1000                            direntflags[side][midnight[side]->pos + 1].flags |=
1001                                    DIRFLAGSisselected;
1002                          }
1003                          midnight[side]->pos++;
1004                        }
1005                      break;
1006                      case 0x9d: // Left
1007                      case 0x19d:
1008                      case 0x29d:
1009                        if (midnight[side]->pos > 10)  midnight[side]->pos -= 10;
1010                        else                           midnight[side]->pos = 0;
1011                      break;
1012                      case 0x1d: // Right
1013                        midnight[side]->pos += 10;
1014                      break;
1015
1016                      case 0x9: // Tab
1017                      case 0x109:
1018                      case 0x209:
1019                        side = (side ? 0 : 1);
1020                      break;
1021
1022                      case 0xf2: // Modifiers and ASC_F1:
1023                      case 0x1f2:
1024                      case 0x2f2:
1025                        // Mount toggle and reset to root dirent:
1026                        midnight[side]->flags ^= MIDNIGHTFLAGismounted;
1027                        midnight[side]->dirtrack = HEADERTRACK;
1028                        midnight[side]->firsttrack = FIRSTTRACK;
1029                        midnight[side]->lasttrack = LASTTRACK;
1030                        UpdateSectors(midnight[side]->drive, side);
1031                        Deselect(side);
1032                      break;
1033                /*
1034                      case 0x8f2: // Mega-F1
1035                        if ((midnight[side]->flags & MIDNIGHTFLAGismounted) == FALSE)  {
1036                          messagebox(MBOXNOCANCEL, "Unmount",
1037                                                   "not supported in mount mode.", " ", 0);
1038                        } else {
1039                          if (messagebox(MBOXREGULAR, "Unmount",
1040                                         (side ? "right drive" : "left drive"), " ", 0))  {
1041                            hyppo_dos_attach(0b10000000 + side); // hyppo_d81detach();
1042                            UpdateSectors(midnight[side?0:1]->drive, side?0:1);
1043                          }
1044                        }
1045                      break;
1046                */
1047                      case 0x8f4: // Mega-F3
1048                        if (messagebox(MBOXREGULAR, "Freezer", "did you save your work?",
1049                                       " ", 0))  {
1050                          hyppo_freeze_self();
1051                          progress("Reading...", "BAM", 30);
1052                          usleep(2000000); // microseconds
1053                          midnight[side]->flags |= MIDNIGHTFLAGismounted; // try remount
1054                          midnight[side?0:1]->flags |= MIDNIGHTFLAGismounted;
1055                          midnight[side]->dirtrack = HEADERTRACK;
1056                          midnight[side]->firsttrack = FIRSTTRACK;
1057                          midnight[side]->lasttrack = LASTTRACK;
1058                          midnight[side?0:1]->dirtrack = HEADERTRACK;
1059                          midnight[side?0:1]->firsttrack = FIRSTTRACK;
1060                          midnight[side?0:1]->lasttrack = LASTTRACK;
1061                          UpdateSectors(midnight[side]->drive, side);
1062                          UpdateSectors(midnight[side?0:1]->drive, side?0:1);
1063                        }
1064                      break;
1065
1066                /* renaming not implemented on Hyppo side:
1067                          hyppo_setname(ds->name); // hyppofn->name);
1068                          fd = hyppo_findfirst();
1069                          if (fd >= 0x84)  {
1070                            messagebox(MBOXNOCANCEL, "File ", ds->name,
1071                                       "not found", 0);
1072                          } else {
1073                            input file name
1074                            hyppo_setname again
1075                            hyppo_rename(fd);
1076                          }
1077                          hyppo_closedir(fd);
1078                */
1079
1080                      case 0xf5: // ASC_F5 copy
1081                      case 0xf6: // Modifiers and ASC_F5 rename
1082                      case 0x1f6:
1083                      case 0x2f6:
1084                      case 0xf8: // Modifiers and ASC_F8 delete
1085                      case 0x1f8:
1086                      case 0x2f8:
1087                        // check for multiselect and disallow on Hyppo and multiple
1088                        // directory selections:
1089                        number = 0;
1090                        ds = getdirententry(side, midnight[side]->pos);
1091                        for (i = 0; i < NBRENTRIES; i++)  {
1092                          if (direntflags[side][i].flags & DIRFLAGSisselected)  {
1093                            // overwrite highlighted when a selection is active:
1094                            if (!(direntflags[side][midnight[side]->pos].flags &
1095                                  DIRFLAGSisselected))  {
1096                              midnight[side]->pos = i;
1097                            }
1098                            ds = getdirententry(side, i);
1099                            number++;
1100                          }
1101                        }
1102                        if (number == 0)  { // nothing selected, goes to highlighted
1103                          direntflags[side][midnight[side]->pos].flags ^= DIRFLAGSisselected;
1104                          number++;
1105                        }
1106                        // multiple selection abort criteria:
1107                        if (number > 1 &&
1108                            ((midnight[side]->flags & MIDNIGHTFLAGismounted) == FALSE))  {
1109                          messagebox(MBOXNOCANCEL, "Operation on mulitiple",
1110                                     "storage card files/folders",
1111                                     "is not supported.", 0);
1112                        } else if (number > 1 &&
1113                                 ((ds->type&0xf) == VAL_DOSFTYPE_CBM))  {
1114                          messagebox(MBOXNOCANCEL, "Directory operation on",
1115                                     "multiple selected entries",
1116                                     "is not supported", 0);
1117                        } else { // okay to start:
1118                          if (number > 1)  {
1119                            strcpy((char*) midnight[side]->inputstr,
1120                                   (char*) "multiple selected entries");
1121                          } else {
1122                            strcpy((char*) midnight[side]->inputstr, (char*) ds->name);
1123                          }
1124
1125                #ifdef DEBUG
1126                          msprintf("name: ");
1127                          msprintf(ds->name);
1128                          mprintf(" t=", ds->track);
1129                          mprintf(" s=", ds->sector);
1130                          mprintf(" type=", ds->type&0xf);
1131
1132                //  mh4printf("ATTICFILEBUFFER 32addr is: ", ATTICFILEBUFFER >> 16);
1133                //  mh4printf(" ", ATTICFILEBUFFER & 0xffff);
1134                          cputln();
1135                          mprintf("before copy/del type=", ds->type);
1136                          cputln();
1137                          cgetc();
1138                #endif
1139
1140                          if ((ds->type&0xf) == VAL_DOSFTYPE_DEL &&
1141                              ((midnight[side]->flags & MIDNIGHTFLAGismounted)))  {
1142                            messagebox(MBOXNOCANCEL, "File type for",
1143                                       (char *) midnight[side]->inputstr,
1144                                       "unsupported", 0);
1145                          } else if (c == 0xf5)  {  // copy
1146                            if ((ds->type&0xf) == VAL_DOSFTYPE_CBM)  {
1147                              messagebox(MBOXNOCANCEL, "Copying full directory structures",
1148                                         "is not supported.", " ", 0);
1149                            } else if (((midnight[side]->flags & MIDNIGHTFLAGismounted) == FALSE) ||
1150                                       ((midnight[side?0:1]->flags & MIDNIGHTFLAGismounted) == FALSE))  {
1151                              messagebox(MBOXNOCANCEL, "Copying storage card files/folders",
1152                                         "is not supported.",
1153                                            " ", 0);
1154                //            } else if (midnight[side?0:1]->dirtrack != HEADERTRACK)  {
1155                //              messagebox(MBOXNOCANCEL, "File copy,",
1156                //                         "into subfolders currently unsupported.",
1157                //                         " ", 0);
1158                            // @@ these "if"s need to be swapped:
1159                            } else if (sizeselectcurrentifnone(side) > midnight[side?0:1]->blocksfree)  {
1160                              messagebox(MBOXNOCANCEL, "File copy,",
1161                                         "destination disk space insufficient", " ", 0);
1162                            } else if (messagebox(MBOXREGULAR, "File copy,",
1163                                       (char *) midnight[side]->inputstr,
1164                                       (side ? "from right to left" : "from left to right"),
1165                                       0)) {
1166                              for (i = 0; i < NBRENTRIES; i++)  {
1167                                if (direntflags[side][i].flags & DIRFLAGSisselected)  {
1168                                  ds = getdirententry(side, i);
1169
1170                                  progress("Reading...", "source file", 20);
1171                                  readblockchain(legacyHDOSstate, ATTICFILEBUFFER, DATABLOCKS,
1172                                                 midnight[side]->drive, ds->track, ds->sector);
1173                                  progress("Reading...", "BAM", 30);
1174                                  // write on opposing side disk:
1175                                  GetBAM(legacyHDOSstate, side?0:1);
1176                                  progress("Writing...", "destination file", 40);
1177                                  writeblockchain(legacyHDOSstate,
1178                                                  ATTICFILEBUFFER, DATABLOCKS,
1179                                                  midnight[side?0:1]->drive,
1180                                                  &starttrack, &startsector,
1181                                                  midnight[side?0:1]->dirtrack, FALSE,
1182                                                  midnight[side?0:1]->firsttrack,
1183                                                  midnight[side?0:1]->lasttrack);
1184                                  ds->track = starttrack;  // recycle src dirent for destination
1185                                  ds->sector = startsector;
1186
1187                #ifdef DEBUG
1188                                  mprintf("   before newds type=", ds->type);
1189                                  cputln();
1190                                  cgetc();
1191                #endif
1192                                  progress("Writing...", "directory", 60);
1193                                  // load opposing side dirent block into Attic:
1194                //                  midnight[side?0:1]->entries = getdirent(midnight[side?0:1]->drive, side?0:1);
1195                                  writenewdirententry(legacyHDOSstate,
1196                                                      midnight[side?0:1]->drive, side?0:1,
1197                                                      midnight[side?0:1]->dirtrack,
1198                                                      midnight[side?0:1]->firsttrack,
1199                                                      midnight[side?0:1]->lasttrack,
1200                                                      ds);
1201                                  // re-read altered dirent on opposing side after entry added:
1202                //                  midnight[side?0:1]->entries = getdirent(midnight[side?0:1]->drive, side?0:1);
1203                                  progress("Writing...", "BAM", 80);
1204                                  PutBAM(legacyHDOSstate, midnight[side?0:1]->drive, side?0:1,
1205                                         midnight[side?0:1]->dirtrack);
1206                                }
1207                              }
1208                              UpdateSectors(midnight[side?0:1]->drive, side?0:1);
1209                              Deselect(side);
1210                            }
1211                          } else if ((c == 0xf6) || (c == 0x1f6) || (c == 0x2f6))  {  // copy
1212                            for (i = 0; i < NBRENTRIES; i++)  {
1213                              if (direntflags[side][i].flags & DIRFLAGSisselected)  {
1214                                ds = getdirententry(side, i);
1215                                strcpy((char*) midnight[side]->inputstr,
1216                                       "Enter the new name, empty to skip:");
1217                                inputbox((char*) midnight[side]->inputstr,
1218                                         (char*) midnight[side]->inputstr);
1219                                if (midnight[side]->inputstr[0] != 0)  {
1220                                  strmakefilename((char*) midnight[side]->inputstr,
1221                                                  (char*) ds->name, DOSFILENAMELEN);
1222                                  lcopy((uint32_t) ds,
1223                                        ATTICDIRENTBUFFER + side * ATTICDIRENTSIZE + i * DIRENTSIZE,
1224                                        DIRENTSIZE);
1225                                  if ((ds->type&0xf) == VAL_DOSFTYPE_CBM)  {
1226                                    renamedisk(legacyHDOSstate,
1227                                               midnight[side]->drive, side,
1228                                               ds->track, // dirtrack of subpartition
1229                                               ds->name);
1230                                  }
1231                                  rewritedirent(legacyHDOSstate, midnight[side]->drive, side,
1232                                                midnight[side]->dirtrack,
1233                                                midnight[side]->firsttrack,
1234                                                midnight[side]->lasttrack);
1235                                }
1236                              }
1237                            }
1238                            UpdateSectors(midnight[side]->drive, side);
1239                            Deselect(side);
1240                          } else if ((ds->type&0xf) == VAL_DOSFTYPE_CBM &&
1241                                     (midnight[side]->entries != 0xff))  {
1242                            number = 0;
1243                            for (i = NBRENTRIES; i > 0; i--)  {
1244                              if (direntflags[side][i - 1].flags & DIRFLAGSisselected)  {
1245                                number++;
1246                              }
1247                            }
1248                            if (number > 1)  {
1249                              messagebox(MBOXNOCANCEL, "Directory delete,",
1250                                         "on multiple selected",
1251                                         "entries is not supported", 0);
1252                            // use file data buffer to peek the dir BAM:
1253                            } else if (ds->size !=
1254                                            BAMCheckSizeinFilebuffer(legacyHDOSstate,
1255                                              midnight[side]->drive, side,
1256                                              ds->track, // dirtrack
1257                                              ds->track, // firsttrack
1258                                              (ds->size / 40) + ds->track))  { // lasttrack
1259                              messagebox(MBOXNOCANCEL, "Directory delete,", ds->name,
1260                                         "directory is not empty", 0);
1261                #ifdef DEBUG
1262                              messagebox(MBOXNUMBER, "Directory delete,",
1263                                         " ",
1264                                         "ds-size=",
1265                                         ds->size);
1266                              messagebox(MBOXNUMBER, "Directory delete,",
1267                                         " ",
1268                                         "size in BAM=",
1269                                         BAMCheckSizeinFilebuffer(legacyHDOSstate,
1270                                                           midnight[side]->drive,
1271                                                           side,
1272                                                           ds->track, // dirtrack
1273                                                           ds->track, // firsttrack
1274                                                           (ds->size / 40) + ds->track));
1275                #endif
1276                            } else if (messagebox(MBOXREGULAR, "Directory delete,", ds->name,
1277                                                  (side ? "from right side" :
1278                                                          "from left side"), 0))  {
1279                              // restore BAM to finally delete:
1280                              GetBAM(legacyHDOSstate, side);
1281                //              ds->type = VAL_DOSFTYPE_DEL;
1282                              deletedirententry(legacyHDOSstate,
1283                                                midnight[side]->drive, side,
1284                                                midnight[side]->dirtrack,
1285                                                midnight[side]->pos);
1286                              PutBAM(legacyHDOSstate,
1287                                     midnight[side]->drive, side, midnight[side]->dirtrack);
1288                              UpdateSectors(midnight[side]->drive, side);
1289                              Deselect(side);
1290                            }
1291                          } else if (ds->type != VAL_DOSFTYPE_DEL &&  // file delete
1292                                     ds->size > 0)  {     // storage card dirs are size zero
1293                            if (messagebox(MBOXREGULAR, "File delete,",
1294                                           (char *) midnight[side]->inputstr,
1295                                           (side ? "from right side" : "from left side"),
1296                                           0))  {
1297                              if ((midnight[side]->flags & MIDNIGHTFLAGismounted) == FALSE)  {
1298                                hyppo_setname(ds->name); // hyppofn->name);  // @@@@ same
1299                                fd = hyppo_findfirst();                 // @@@@ block as below
1300                                if (fd >= 0x84)  {
1301                                  messagebox(MBOXNOCANCEL, "File ", ds->name,
1302                                             "not found", 0);
1303                                } else {
1304                                  hyppo_rmfile(fd);
1305                                }
1306                                hyppo_closedir(fd);
1307                              } else {
1308                                // size returned doesn't matter to delete:
1309                                if (sizeselectcurrentifnone(side) != UINT_MAX)  {
1310                                  for (i = NBRENTRIES; i > 0; i--)  {
1311                                    if (direntflags[side][i - 1].flags & DIRFLAGSisselected)  {
1312                                      ds = getdirententry(side, i - 1);
1313
1314                                      progress("Reading...", "BAM", 20);
1315                  //                    ds->type = VAL_DOSFTYPE_DEL;
1316                                      GetBAM(legacyHDOSstate, side);
1317                                      progress("Writing...", "removing BAM entries", 40);
1318                                      deletedirententry(legacyHDOSstate,
1319                                                        midnight[side]->drive, side,
1320                                                        midnight[side]->dirtrack, i - 1);
1321                                      progress("Writing...", "updating BAM", 80);
1322                                      PutBAM(legacyHDOSstate,
1323                                             midnight[side]->drive, side,
1324                                             midnight[side]->dirtrack);
1325                                    }
1326                                  }
1327                                }
1328                              }
1329                              UpdateSectors(midnight[side]->drive, side);
1330                              Deselect(side);
1331                            }
1332                          } else {
1333                /*
1334                            number = 0;
1335                            for (i = NBRENTRIES; i > 0; i--)  {
1336                              if (direntflags[side][i - 1].flags & DIRFLAGSisselected)  {
1337                                number++;
1338                              }
1339                            }
1340                            if (number > 1)  {
1341                              messagebox(MBOXNOCANCEL, "Directory delete,",
1342                                         "on multiple selected",
1343                                         "entries is not supported", 0);
1344                            } else 
1345                */
1346                            if (messagebox(MBOXREGULAR, "Directory structure delete,",
1347                                                  ds->name, (side ? "from right side" :
1348                                                                    "from left side"),
1349                                                  0))  {
1350                              hyppo_setname(ds->name); // hyppofn->name);  // @@@@ same
1351                              fd = hyppo_findfirst();                 // @@@@ block as below
1352                              if (fd >= 0x84)  {
1353                                messagebox(MBOXNOCANCEL, "Directory ", ds->name,
1354                                           "not found", 0);
1355                              } else {
1356                                hyppo_rmdir(fd);
1357                              }
1358                              hyppo_closedir(fd);
1359                            }
1360                            UpdateSectors(midnight[side]->drive, side);
1361                            Deselect(side);
1362                          }
1363                        }
1364                      break;
1365                #ifdef FULLFEATURES
1366                      case 0x8f6: // Mega-F5
1367                        if (((midnight[side]->flags & MIDNIGHTFLAGismounted) == FALSE) ||
1368                            ((midnight[side?0:1]->flags & MIDNIGHTFLAGismounted) == FALSE))  {
1369                          messagebox(MBOXNOCANCEL, "Copying from/to storage cards",
1370                                     "is not supported.", " ", 0);
1371                        } else {
1372                          if ((midnight[side]->dirtrack == HEADERTRACK) &&
1373                               messagebox(MBOXREGULAR, "Disk copy,",
1374                                          "destination disk will be OVERWRITTEN",
1375                                          " ", 0))  {
1376                            GetBAM(legacyHDOSstate, side);
1377                            copywholedisk(legacyHDOSstate,
1378                                          midnight[side]->drive, midnight[side?0:1]->drive,
1379                                          side); // , midnight[side]->dirtrack);
1380                            UpdateSectors(midnight[side?0:1]->drive, side?0:1);
1381                          }
1382                        }
1383                      break;
1384
1385                      case 0xf7:  // F7
1386                      case 0x1f7:
1387                      case 0x2f7:
1388                        if ((midnight[side]->dirtrack != HEADERTRACK) ||
1389                            ((midnight[side]->flags & MIDNIGHTFLAGismounted) == FALSE))  {
1390                          messagebox(MBOXNOCANCEL, "To create a directory a disk has to",
1391                                     "be mounted and its root directory selected.",
1392                                     " ", 0);
1393                        } else {
1394                          // @@@@ to be replaced by asking name and ID:
1395                          FreeTracks(legacyHDOSstate, side,
1396                                     midnight[side]->firsttrack,
1397                                     midnight[side]->lasttrack,
1398                                     &starttrack, &endtrack, 2); // two tracks
1399                          if ((endtrack - starttrack) < 2)  {
1400                            messagebox(MBOXNOCANCEL, "Not enough tracks available",
1401                                       "to create a directory.",
1402                                       " ", 0);
1403                          } else {
1404                            number = endtrack - starttrack + 1;
1405                            strcpy((char*) midnight[side]->inputstr,
1406                                   "Enter amount of tracks 2..80, 0 to quit:");
1407                            midnight[side]->inputstr[26] = number / 10 + 0x30;
1408                            midnight[side]->inputstr[27] = number % 10 + 0x30;
1409                            inputbox((char*) midnight[side]->inputstr,
1410                                     (char*) midnight[side]->inputstr);
1411                            number = atoi((char*) midnight[side]->inputstr);
1412                            FreeTracks(legacyHDOSstate, side,
1413                                       midnight[side]->firsttrack,
1414                                       midnight[side]->lasttrack,
1415                                       &starttrack, &endtrack, number);
1416                            if (number >= 2 && (endtrack - starttrack) >= 2 &&
1417                                number <= (endtrack - starttrack + 1))  {
1418                              inputbox((char*) midnight[side]->inputstr,
1419                                       "Please enter name of the subdirectory");
1420                              endtrack = starttrack + number - 1;
1421                #ifdef DEBUG
1422                              messagebox(MBOXNUMBER, "Creating subdirectory",
1423                                         // (char *) disknames[side],
1424                                         (side ? "mounted on right side" : "mounted on left side"),
1425                                         // "number=", number))  {
1426                                         "start-/endtrack=",
1427                                         starttrack * 256 + endtrack);
1428                #endif
1429                              // First allocate BAM because the following format will use
1430                              // the BAM of the partition:
1431                              BAMAllocateTracks(legacyHDOSstate, side, starttrack, endtrack);
1432                              PutBAM(legacyHDOSstate,
1433                                     midnight[side]->drive, side, midnight[side]->dirtrack);
1434
1435                              ds->chntrack = 0;
1436                              ds->chnsector = 0;
1437                              ds->type = VAL_DOSFTYPE_CBM | 0x80;
1438                              ds->track = starttrack;  // recycle src dirent for destination
1439                              ds->sector = 0;
1440                              strmakefilename((char*) midnight[side]->inputstr,
1441                                              (char*) ds->name, DOSFILENAMELEN);
1442                              ds->size = (endtrack - starttrack) * 40; // omit dirtrack
1443                              writenewdirententry(legacyHDOSstate,
1444                                                  midnight[side]->drive, side,
1445                                                  midnight[side]->dirtrack,
1446                                                  midnight[side]->firsttrack,
1447                                                  midnight[side]->lasttrack,
1448                                                  ds);
1449                              FormatPartition(legacyHDOSstate, midnight[side]->drive, side,
1450                                              starttrack, // midnight[side]->dirtrack,
1451                                              starttrack, // midnight[side]->firsttrack,
1452                                              endtrack,   // midnight[side]->lasttrack);
1453                                              (char*) ds->name);
1454
1455                              UpdateSectors(midnight[side]->drive, side);
1456                              Deselect(side);
1457                            } else {
1458                              if (number > 0)  {
1459                                messagebox(MBOXNOCANCEL, "No space to create a",
1460                                           "subdirectory.",
1461                                           " ", 0);
1462                              }
1463                            }
1464                          }
1465                        }
1466                      break;
1467
1468                      case 0x8f8: // Mega-F7
1469                        if ((midnight[side]->dirtrack != HEADERTRACK) ||
1470                            ((midnight[side]->flags & MIDNIGHTFLAGismounted) == FALSE))  {
1471                          messagebox(MBOXNOCANCEL, "The to be formatted disk/image file has to",
1472                                     "be mounted and its root directory selected.",
1473                                     " ", 0);
1474                        } else {
1475                          // @@@@ to be replaced by asking name and ID:
1476                          if (messagebox(MBOXREGULAR, "Disk will be quickformatted",
1477                                         (char *) disknames[side],
1478                                         (side ? "mounted on right side" :
1479                                                 "mounted on left side"),
1480                                         0))  {
1481                            inputbox((char*) midnight[side]->inputstr,
1482                                     "Please enter the disk's name");
1483                            strmakefilename((char*) midnight[side]->inputstr,
1484                                            (char*) midnight[side]->inputstr, DOSFILENAMELEN);
1485                            FormatPartition(legacyHDOSstate, midnight[side]->drive, side,
1486                                            midnight[side]->dirtrack,
1487                                            midnight[side]->firsttrack,
1488                                            midnight[side]->lasttrack,
1489                                            (char*) midnight[side]->inputstr);
1490
1491                            UpdateSectors(midnight[side]->drive, side);
1492                            Deselect(side);
1493                          }
1494                        }
1495                      break;
1496
1497                      case 0x8fa: // Mega-F9
1498                        rombox();
    \ 019d 20....               jsr     rombox
1499                      break;
    \ 01a0 4c....               jmp     `?L331`
    \ 01a3          `?L409`:
    \ 01a3 a5..                 lda     zp:_Zp+24
    \ 01a5 20....               jsr     `?L1915`
    \ 01a8 a047                 ldy     #71
    \ 01aa b1..                 lda     (_Zp),y
    \ 01ac c928                 cmp     #40
    \ 01ae d3b600               lbne    `?L594`
    \ 01b1 a5..                 lda     zp:_Zp+24
    \ 01b3 20....               jsr     `?L1915`
    \ 01b6 20....               jsr     `?L1949`
    \ 01b9 f3ab00               lbeq    `?L594`
    \ 01bc a5..                 lda     zp:_Zp+24
    \ 01be d008                 bne     `?L809`
    \ 01c0 a9..                 lda     #.byte0 `_StringLiteral_mounted on left side`
    \ 01c2 85..                 sta     zp:_Zp+4
    \ 01c4 a9..                 lda     #.byte1 `_StringLiteral_mounted on left side`
    \ 01c6 8006                 bra     `?L1846`
    \ 01c8          `?L809`:
    \ 01c8 a9..                 lda     #.byte0 `_StringLiteral_mounted on right side`
    \ 01ca 85..                 sta     zp:_Zp+4
    \ 01cc a9..                 lda     #.byte1 `_StringLiteral_mounted on right side`
    \ 01ce          `?L1846`:
    \ 01ce 85..                 sta     zp:_Zp+5
    \ 01d0 a6..                 ldx     zp:_Zp+24
    \ 01d2 86..                 stx     zp:_Zp+2
    \ 01d4 a900                 lda     #0
    \ 01d6 20....               jsr     `?L1932`
    \ 01d9 85..                 sta     zp:_Zp
    \ 01db 20....               jsr     `?L1916`
    \ 01de a5..                 lda     zp:_Zp
    \ 01e0 18                   clc
    \ 01e1 69..                 adc     #.byte0 disknames
    \ 01e3 85..                 sta     zp:_Zp+2
    \ 01e5 98                   tya
    \ 01e6 69..                 adc     #.byte1 disknames
    \ 01e8 85..                 sta     zp:_Zp+3
    \ 01ea a9..                 lda     #.byte0 `_StringLiteral_Disk will be quickformatted`
    \ 01ec 85..                 sta     zp:_Zp
    \ 01ee a9..                 lda     #.byte1 `_StringLiteral_Disk will be quickformatted`
    \ 01f0 20....               jsr     `?L1941`
    \ 01f3 20....               jsr     `?L1922`
    \ 01f6 aa                   tax
    \ 01f7 f31aff               lbeq    `?L331`
    \ 01fa a9..                 lda     #.byte0 `_StringLiteral_Please enter the disk's name`
    \ 01fc 85..                 sta     zp:_Zp+2
    \ 01fe a9..                 lda     #.byte1 `_StringLiteral_Please enter the disk's name`
    \ 0200 20....               jsr     `?L1948`
    \ 0203 a94a                 lda     #74
    \ 0205 20....               jsr     `?L1921`
    \ 0208 20....               jsr     inputbox
    \ 020b 20....               jsr     `?L1940`
    \ 020e a900                 lda     #0
    \ 0210 7d....               adc     midnight+1,x
    \ 0213 20....               jsr     `?L1948`
    \ 0216 a94a                 lda     #74
    \ 0218 20....               jsr     `?L1921`
    \ 021b 20....               jsr     `?L2073`
    \ 021e a5..                 lda     zp:_Zp+24
    \ 0220 0a                   asl     a
    \ 0221 aa                   tax
    \ 0222 18                   clc
    \ 0223 a94a                 lda     #74
    \ 0225 7d....               adc     midnight,x
    \ 0228 85..                 sta     zp:_Zp+6
    \ 022a a900                 lda     #0
    \ 022c 7d....               adc     midnight+1,x
    \ 022f 85..                 sta     zp:_Zp+7
    \ 0231 a5..                 lda     zp:_Zp+24
    \ 0233 20....               jsr     `?L1915`
    \ 0236 a049                 ldy     #73
    \ 0238 b1..                 lda     (_Zp),y
    \ 023a 85..                 sta     zp:_Zp+4
    \ 023c a5..                 lda     zp:_Zp+24
    \ 023e 20....               jsr     `?L1915`
    \ 0241 88                   dey
    \ 0242 b1..                 lda     (_Zp),y
    \ 0244 85..                 sta     zp:_Zp+3
    \ 0246 a5..                 lda     zp:_Zp+24
    \ 0248 20....               jsr     `?L1915`
    \ 024b 88                   dey
    \ 024c b1..                 lda     (_Zp),y
    \ 024e 20....               jsr     `?L1946`
    \ 0251 b1..                 lda     (_Zp+8),y
    \ 0253 20....               jsr     `?L1928`
    \ 0256 20....               jsr     FormatPartition
    \ 0259 a5..                 lda     zp:_Zp+24
    \ 025b 85..                 sta     zp:_Zp
    \ 025d 20....               jsr     `?L1920`
    \ 0260 20....               jsr     `?L1961`
    \ 0263 4c....               jmp     `?L331`
    \ 0266          `?L594`:
    \ 0266 20....               jsr     `?L1916`
    \ 0269 20....               jsr     `?L1929`
    \ 026c a9..                 lda     #.byte0 `_StringLiteral_be mounted and its root directory selected.`
    \ 026e 85..                 sta     zp:_Zp+2
    \ 0270 a9..                 lda     #.byte1 `_StringLiteral_be mounted and its root directory selected.`
    \ 0272 85..                 sta     zp:_Zp+3
    \ 0274 a9..                 lda     #.byte0 `_StringLiteral_The to be formatted disk/image file has to`
    \ 0276 85..                 sta     zp:_Zp
    \ 0278 a9..                 lda     #.byte1 `_StringLiteral_The to be formatted disk/image file has to`
    \ 027a 85..                 sta     zp:_Zp+1
    \ 027c a904                 lda     #4
    \ 027e 20....               jsr     `?L1922`
    \ 0281 4c....               jmp     `?L331`
    \ 0284          `?L413`:
    \ 0284 a5..                 lda     zp:_Zp+24
    \ 0286 20....               jsr     `?L1915`
    \ 0289 20....               jsr     `?L1949`
    \ 028c f39900               lbeq    `?L574`
    \ 028f a5..                 lda     zp:_Zp+24
    \ 0291 d004                 bne     `?L700`
    \ 0293 a901                 lda     #1
    \ 0295 8002                 bra     `?L1878`
    \ 0297 a900     `?L700`:    lda     #0
    \ 0299          `?L1878`:
    \ 0299 85..                 sta     zp:_Zp
    \ 029b a5..                 lda     zp:_Zp
    \ 029d 20....               jsr     `?L1915`
    \ 02a0 a901                 lda     #1
    \ 02a2 32..                 and     (_Zp),z
    \ 02a4 f38100               lbeq    `?L574`
    \ 02a7 a5..                 lda     zp:_Zp+24
    \ 02a9 20....               jsr     `?L1915`
    \ 02ac a047                 ldy     #71
    \ 02ae b1..                 lda     (_Zp),y
    \ 02b0 c928                 cmp     #40
    \ 02b2 d35ffe               lbne    `?L331`
    \ 02b5 20....               jsr     `?L1916`
    \ 02b8 20....               jsr     `?L1929`
    \ 02bb a9..                 lda     #.byte0 `_StringLiteral_destination disk will be OVERWRITTEN`
    \ 02bd 85..                 sta     zp:_Zp+2
    \ 02bf a9..                 lda     #.byte1 `_StringLiteral_destination disk will be OVERWRITTEN`
    \ 02c1 85..                 sta     zp:_Zp+3
    \ 02c3 a9..                 lda     #.byte0 `_StringLiteral_Disk copy,`
    \ 02c5 85..                 sta     zp:_Zp
    \ 02c7 a9..                 lda     #.byte1 `_StringLiteral_Disk copy,`
    \ 02c9 20....               jsr     `?L1941`
    \ 02cc 20....               jsr     `?L1922`
    \ 02cf aa                   tax
    \ 02d0 f341fe               lbeq    `?L331`
    \ 02d3 a5..                 lda     zp:_Zp+24
    \ 02d5 20....               jsr     `?L1928`
    \ 02d8 20....               jsr     GetBAM
    \ 02db a5..                 lda     zp:_Zp+24
    \ 02dd d004                 bne     `?L798`
    \ 02df a901                 lda     #1
    \ 02e1 8002                 bra     `?L1849`
    \ 02e3 a900     `?L798`:    lda     #0
    \ 02e5          `?L1849`:
    \ 02e5 85..                 sta     zp:_Zp
    \ 02e7 a5..                 lda     zp:_Zp+24
    \ 02e9 85..                 sta     zp:_Zp+2
    \ 02eb a5..                 lda     zp:_Zp
    \ 02ed 20....               jsr     `?L1915`
    \ 02f0 a000                 ldy     #0
    \ 02f2 20....               jsr     `?L2044`
    \ 02f5 0a                   asl     a
    \ 02f6 aa                   tax
    \ 02f7 bd....               lda     midnight,x
    \ 02fa 85..                 sta     zp:_Zp+4
    \ 02fc bd....               lda     midnight+1,x
    \ 02ff 85..                 sta     zp:_Zp+5
    \ 0301 20....               jsr     `?L1927`
    \ 0304 20....               jsr     copywholedisk
    \ 0307 a5..                 lda     zp:_Zp+24
    \ 0309 d004                 bne     `?L801`
    \ 030b a901                 lda     #1
    \ 030d 8002                 bra     `?L1848`
    \ 030f a900     `?L801`:    lda     #0
    \ 0311          `?L1848`:
    \ 0311 85..                 sta     zp:_Zp+2
    \ 0313 a5..                 lda     zp:_Zp+24
    \ 0315 d004                 bne     `?L804`
    \ 0317 a901                 lda     #1
    \ 0319 8002                 bra     `?L1847`
    \ 031b a900     `?L804`:    lda     #0
    \ 031d          `?L1847`:
    \ 031d 85..                 sta     zp:_Zp
    \ 031f a5..                 lda     zp:_Zp+2
    \ 0321 20....               jsr     `?L1920`
    \ 0324 4c....               jmp     `?L331`
    \ 0327          `?L574`:
    \ 0327 20....               jsr     `?L1916`
    \ 032a 20....               jsr     `?L1929`
    \ 032d a9..                 lda     #.byte0 `_StringLiteral_is not supported.`
    \ 032f 20....               jsr     `?L2068`
    \ 0332 a9..                 lda     #.byte0 `_StringLiteral_Copying from/to storage cards`
    \ 0334 85..                 sta     zp:_Zp
    \ 0336 a9..                 lda     #.byte1 `_StringLiteral_Copying from/to storage cards`
    \ 0338 85..                 sta     zp:_Zp+1
    \ 033a a904                 lda     #4
    \ 033c 20....               jsr     `?L1922`
    \ 033f 4c....               jmp     `?L331`
    \ 0342          `?L421`:
    \ 0342 20....               jsr     `?L1916`
    \ 0345 20....               jsr     `?L1929`
    \ 0348 a9..                 lda     #.byte0 `_StringLiteral_did you save your work?`
    \ 034a 85..                 sta     zp:_Zp+2
    \ 034c a9..                 lda     #.byte1 `_StringLiteral_did you save your work?`
    \ 034e 85..                 sta     zp:_Zp+3
    \ 0350 a9..                 lda     #.byte0 _StringLiteral_Freezer
    \ 0352 85..                 sta     zp:_Zp
    \ 0354 a9..                 lda     #.byte1 _StringLiteral_Freezer
    \ 0356 20....               jsr     `?L1941`
    \ 0359 20....               jsr     `?L1922`
    \ 035c aa                   tax
    \ 035d f3b4fd               lbeq    `?L331`
    \ 0360 20....               jsr     hyppo_freeze_self
    \ 0363 20....               jsr     `?L1944`
    \ 0366 a91e                 lda     #30
    \ 0368 20....               jsr     progress
    \ 036b a980                 lda     #128
    \ 036d a284                 ldx     #132
    \ 036f a01e                 ldy     #30
    \ 0371 a300                 ldz     #0
    \ 0373 424285..             stq     zp:_Zp
    \ 0377 20....               jsr     usleep
    \ 037a a5..                 lda     zp:_Zp+24
    \ 037c 0a                   asl     a
    \ 037d aa                   tax
    \ 037e 18                   clc
    \ 037f a946                 lda     #70
    \ 0381 20....               jsr     `?L1921`
    \ 0384 20....               jsr     `?L1962`
    \ 0387 a5..                 lda     zp:_Zp+24
    \ 0389 d004                 bne     `?L708`
    \ 038b a901                 lda     #1
    \ 038d 8001                 bra     `?L1876`
    \ 038f 6b       `?L708`:    tza
    \ 0390          `?L1876`:
    \ 0390 85..                 sta     zp:_Zp
    \ 0392 a5..                 lda     zp:_Zp
    \ 0394 0a                   asl     a
    \ 0395 aa                   tax
    \ 0396 18                   clc
    \ 0397 a946                 lda     #70
    \ 0399 7d....               adc     midnight,x
    \ 039c 85..                 sta     zp:_Zp
    \ 039e 6b                   tza
    \ 039f 7d....               adc     midnight+1,x
    \ 03a2 85..                 sta     zp:_Zp+1
    \ 03a4 a901                 lda     #1
    \ 03a6 12..                 ora     (_Zp),z
    \ 03a8 92..                 sta     (_Zp),z
    \ 03aa a5..                 lda     zp:_Zp+24
    \ 03ac 20....               jsr     `?L1915`
    \ 03af a928                 lda     #40
    \ 03b1 20....               jsr     `?L1996`
    \ 03b4 20....               jsr     `?L1915`
    \ 03b7 a901                 lda     #1
    \ 03b9 c8                   iny
    \ 03ba 20....               jsr     `?L1997`
    \ 03bd 20....               jsr     `?L1915`
    \ 03c0 a950                 lda     #80
    \ 03c2 c8                   iny
    \ 03c3 91..                 sta     (_Zp),y
    \ 03c5 a5..                 lda     zp:_Zp+24
    \ 03c7 d004                 bne     `?L711`
    \ 03c9 a901                 lda     #1
    \ 03cb 8001                 bra     `?L1875`
    \ 03cd 6b       `?L711`:    tza
    \ 03ce          `?L1875`:
    \ 03ce 85..                 sta     zp:_Zp
    \ 03d0 a5..                 lda     zp:_Zp
    \ 03d2 20....               jsr     `?L1915`
    \ 03d5 a928                 lda     #40
    \ 03d7 a047                 ldy     #71
    \ 03d9 91..                 sta     (_Zp),y
    \ 03db a5..                 lda     zp:_Zp+24
    \ 03dd d004                 bne     `?L714`
    \ 03df a901                 lda     #1
    \ 03e1 8001                 bra     `?L1874`
    \ 03e3 6b       `?L714`:    tza
    \ 03e4          `?L1874`:
    \ 03e4 85..                 sta     zp:_Zp
    \ 03e6 a5..                 lda     zp:_Zp
    \ 03e8 20....               jsr     `?L1915`
    \ 03eb a901                 lda     #1
    \ 03ed c8                   iny
    \ 03ee 91..                 sta     (_Zp),y
    \ 03f0 a5..                 lda     zp:_Zp+24
    \ 03f2 d004                 bne     `?L717`
    \ 03f4 a901                 lda     #1
    \ 03f6 8001                 bra     `?L1873`
    \ 03f8 6b       `?L717`:    tza
    \ 03f9          `?L1873`:
    \ 03f9 85..                 sta     zp:_Zp
    \ 03fb a5..                 lda     zp:_Zp
    \ 03fd 20....               jsr     `?L1915`
    \ 0400 a950                 lda     #80
    \ 0402 c8                   iny
    \ 0403 20....               jsr     `?L1997`
    \ 0406 85..                 sta     zp:_Zp
    \ 0408 20....               jsr     `?L1920`
    \ 040b a5..                 lda     zp:_Zp+24
    \ 040d d004                 bne     `?L720`
    \ 040f a901                 lda     #1
    \ 0411 8002                 bra     `?L1872`
    \ 0413 a900     `?L720`:    lda     #0
    \ 0415          `?L1872`:
    \ 0415 85..                 sta     zp:_Zp+2
    \ 0417 a5..                 lda     zp:_Zp+24
    \ 0419 d004                 bne     `?L723`
    \ 041b a901                 lda     #1
    \ 041d 8002                 bra     `?L1871`
    \ 041f a900     `?L723`:    lda     #0
    \ 0421          `?L1871`:
    \ 0421 85..                 sta     zp:_Zp
    \ 0423 a5..                 lda     zp:_Zp+2
    \ 0425 20....               jsr     `?L1920`
    \ 0428 4c....               jmp     `?L331`
    \ 042b          `?L405`:
1500                #endif
1501                      case 0xf9:
1502                        shortcuts(20, 0);
1503                        if (menubox(side))  {
1504                          messagebox(MBOXFALLTHROUGH, " ", " ", " ", 0);
1505                          progress("Reading...", "BAM", 20);
1506                          UpdateSectors(midnight[side]->drive, side);
1507                          Deselect(side);
1508                          UpdateSectors(midnight[side?0:1]->drive, side?0:1);
1509                          Deselect(side?0:1);
1510                        }
1511                      break;
1512
1513                      case 0xfb: // F11
1514                        if (legacyHDOSstate)  {
1515                /*
1516                  unsigned char majorhyppo;
1517                  unsigned char minorhyppo;
1518                  unsigned char majorHDOS;
1519                  unsigned char minorHDOS;
1520                  hyppo_getversion(&majorhyppo, &minorhyppo, &majorHDOS, &minorHDOS);
1521                          unsigned char clear = 1;
1522                          unsigned char shadow = 1;
1523
1524                          mcbox(20, 15, 70, 19, COLOUR_CYAN, BOX_STYLE_INNER, clear, shadow);
1525                          gotoxy(24, 17);
1526                          mprintf(" Hyppo v", majorhyppo);
1527                          mprintf(".", minorhyppo);
1528                          mprintf(" HDOS v", majorHDOS);
1529                          mprintf(".", minorHDOS);
1530                */
1531                          messagebox(MBOXNOCANCEL,
1532                                     "Your version of the Hyppo/HDOS is too old",
1533                                     "to unmount drives.",
1534                                     "Press RETURN or STOP to continue.", 0);
1535                        } else {
1536                          if (messagebox(MBOXREGULAR, "Unmount",
1537                                         (side ? "right drive?" : "left drive?"), " ", 0))  {
1538                            hyppo_dos_attach(0b10000000 + midnight[side]->drive); // hyppo_d81detach();
1539                            midnight[side]->flags |= MIDNIGHTFLAGismounted;
1540                            midnight[side]->dirtrack = HEADERTRACK;
1541                            midnight[side]->firsttrack = FIRSTTRACK;
1542                            midnight[side]->lasttrack = LASTTRACK;
1543                            UpdateSectors(midnight[side]->drive, side);
1544                            Deselect(side);
1545                          }
1546                        }
1547                      break;
1548
1549                      case 0x412: // Ctrl-r
1550                        midnight[side]->flags |= MIDNIGHTFLAGismounted;
    \ 042b a5..                 lda     zp:_Zp+24
    \ 042d 0a                   asl     a
    \ 042e aa                   tax
    \ 042f 18                   clc
    \ 0430 a946                 lda     #70
1551                        midnight[side]->dirtrack = HEADERTRACK;
1552                        midnight[side]->firsttrack = FIRSTTRACK;
1553                        midnight[side]->lasttrack = LASTTRACK;
1554                        UpdateSectors(midnight[side]->drive, side);
    \ 0432 20....               jsr     `?L1921`
    \ 0435 20....               jsr     `?L1962`
    \ 0438 a5..                 lda     zp:_Zp+24
    \ 043a 20....               jsr     `?L1915`
    \ 043d a928                 lda     #40
    \ 043f 20....               jsr     `?L1996`
    \ 0442 20....               jsr     `?L1915`
    \ 0445 a901                 lda     #1
    \ 0447 c8                   iny
    \ 0448 20....               jsr     `?L1997`
    \ 044b 20....               jsr     `?L1915`
    \ 044e a950                 lda     #80
    \ 0450 c8                   iny
    \ 0451 20....               jsr     `?L1997`
    \ 0454 85..                 sta     zp:_Zp
    \ 0456 20....               jsr     `?L1920`
1555                        Deselect(side);
    \ 0459 20....               jsr     `?L1961`
1556                      break;
    \ 045c 4c....               jmp     `?L331`
    \ 045f          `?L406`:
    \ 045f ad....               lda     legacyHDOSstate
    \ 0462 f01c                 beq     `?L604`
    \ 0464 20....               jsr     `?L1916`
    \ 0467 a9..                 lda     #.byte0 `_StringLiteral_Press RETURN or STOP to continue.`
    \ 0469 85..                 sta     zp:_Zp+4
    \ 046b a9..                 lda     #.byte1 `_StringLiteral_Press RETURN or STOP to continue.`
    \ 046d 85..                 sta     zp:_Zp+5
    \ 046f a9..                 lda     #.byte0 `_StringLiteral_to unmount drives.`
    \ 0471 85..                 sta     zp:_Zp+2
    \ 0473 a9..                 lda     #.byte1 `_StringLiteral_to unmount drives.`
    \ 0475 85..                 sta     zp:_Zp+3
    \ 0477 a9..                 lda     #.byte0 `_StringLiteral_Your version of the Hyppo/HDOS is too old`
    \ 0479 85..                 sta     zp:_Zp
    \ 047b a9..                 lda     #.byte1 `_StringLiteral_Your version of the Hyppo/HDOS is too old`
    \ 047d 4c....               jmp     `?L1911`
    \ 0480          `?L604`:
    \ 0480 a5..                 lda     zp:_Zp+24
    \ 0482 d008                 bne     `?L821`
    \ 0484 a9..                 lda     #.byte0 `_StringLiteral_left drive?`
    \ 0486 85..                 sta     zp:_Zp+2
    \ 0488 a9..                 lda     #.byte1 `_StringLiteral_left drive?`
    \ 048a 8006                 bra     `?L1842`
    \ 048c          `?L821`:
    \ 048c a9..                 lda     #.byte0 `_StringLiteral_right drive?`
    \ 048e 85..                 sta     zp:_Zp+2
    \ 0490 a9..                 lda     #.byte1 `_StringLiteral_right drive?`
    \ 0492          `?L1842`:
    \ 0492 85..                 sta     zp:_Zp+3
    \ 0494 20....               jsr     `?L1916`
    \ 0497 20....               jsr     `?L1929`
    \ 049a a9..                 lda     #.byte0 _StringLiteral_Unmount
    \ 049c 85..                 sta     zp:_Zp
    \ 049e a9..                 lda     #.byte1 _StringLiteral_Unmount
    \ 04a0 20....               jsr     `?L1941`
    \ 04a3 20....               jsr     `?L1922`
    \ 04a6 aa                   tax
    \ 04a7 f36afc               lbeq    `?L331`
    \ 04aa a5..                 lda     zp:_Zp+24
    \ 04ac 20....               jsr     `?L1915`
    \ 04af a980                 lda     #-128
    \ 04b1 a300                 ldz     #0
    \ 04b3 18                   clc
    \ 04b4 72..                 adc     (_Zp),z
    \ 04b6 20....               jsr     hyppo_dos_attach
    \ 04b9 a5..                 lda     zp:_Zp+24
    \ 04bb 0a                   asl     a
    \ 04bc aa                   tax
    \ 04bd 18                   clc
    \ 04be a946                 lda     #70
    \ 04c0 20....               jsr     `?L1921`
    \ 04c3 20....               jsr     `?L1962`
    \ 04c6 a5..                 lda     zp:_Zp+24
    \ 04c8 20....               jsr     `?L1915`
    \ 04cb a928                 lda     #40
    \ 04cd 20....               jsr     `?L1996`
    \ 04d0 20....               jsr     `?L1915`
    \ 04d3 a901                 lda     #1
    \ 04d5 c8                   iny
    \ 04d6 20....               jsr     `?L1997`
    \ 04d9 20....               jsr     `?L1915`
    \ 04dc a950                 lda     #80
    \ 04de c8                   iny
    \ 04df 20....               jsr     `?L1997`
    \ 04e2 85..                 sta     zp:_Zp
    \ 04e4 20....               jsr     `?L1920`
    \ 04e7 a5..                 lda     zp:_Zp+24
    \ 04e9 806f                 bra     `?L1899`
    \ 04eb          `?L384`:
1557
1558                      case 0x5f: // left (for updir)
1559                      case 3:    // STOP
1560                      case 27:   // Esc
1561                        if ((midnight[side]->flags & MIDNIGHTFLAGismounted) == FALSE)  {
1562                          for (i = 0; i <= midnight[side]->entries; i++)  {
1563                            ds = getdirententry(side, i);
1564                            
1565                            if ((ds->type & HYPPODIRENTATTRDIR) &&
1566                                (ds->name[0] == '.' && ds->name[1] == '.'))  {
1567                              hyppo_setname((char *) ds->name);
1568                              attachresult = hyppo_chdir();
1569
1570                              if (attachresult > 0xf)  {  // @@ better error handling in Hyppo reqd
1571                                messagebox(MBOXNOCANCEL, "Storage card parent directory,",
1572                                           "open failed for", (char *) ds->name, 0);
1573                              } else {
1574                                UpdateSectors(midnight[side]->drive, side);
1575                                Deselect(side);
1576                              }
1577                            }
1578                          }
1579                        } else {
1580                          midnight[side]->dirtrack = HEADERTRACK;
1581                          midnight[side]->firsttrack = FIRSTTRACK;
1582                          midnight[side]->lasttrack = LASTTRACK;
1583                          UpdateSectors(midnight[side]->drive, side);
1584                          Deselect(side);
1585                        }
1586                      break;
1587
1588                      case 0x20: // Space to toggle
1589                      case 0x194: // Shift-Inst
1590                      case 0x294:
1591                        if ((midnight[side]->flags & MIDNIGHTFLAGismounted) == FALSE)  {
1592                          sidbong();
1593                        } else {
1594                          direntflags[side][midnight[side]->pos].flags ^= DIRFLAGSisselected;
1595                          if (!(midnight[side]->flags & MIDNIGHTFLAGdirsortactive))  {
1596                            midnight[side]->pos++;
1597                          }
1598                        }
1599                      break;
1600
1601                      case 13: // return
1602                        ds = getdirententry(side, midnight[side]->pos);
1603                        lcopy(ATTICLFNBUFFER + side * ATTICLFNBUFFERSIZE + midnight[side]->pos * LFNFILENAMELEN,
1604                             (uint32_t) lfnname,
1605                             LFNFILENAMELEN);
1606
1607                        if ((midnight[side]->flags & MIDNIGHTFLAGismounted) == FALSE)  {
1608                          if (ds->type & HYPPODIRENTATTRDIR)  {
1609                            hyppo_setname((char*) lfnname);  // ds->name);
1610                            attachresult = hyppo_chdir();
1611
1612                            if (attachresult > 0xf)  {  // @@ better error handling in Hyppo reqd
1613                              messagebox(MBOXNOCANCEL, "Storage card change directory,",
1614                                         "open failed for", (char *) ds->name, 0);
1615                            } else {
1616                              UpdateSectors(midnight[side]->drive, side);
1617                              Deselect(side);
1618                            }        
1619                          } else {
1620                            // @@@@ currently trying to mount everything that is not a dir:
1621                            if (midnight[side]->drive)  {
1622                              hyppo_setname((char *) lfnname); // (char *) ds->name);
1623                              attachresult = (legacyHDOSstate ? hyppo_d81attach1() : hyppo_dos_attach(1));
1624                            } else {
1625                              hyppo_setname((char *) lfnname); // (char *) ds->name);
1626                              attachresult = (legacyHDOSstate ? hyppo_d81attach0() : hyppo_dos_attach(0));
1627                            }
1628
1629                            if (attachresult > 0x4a)  { // @@@@ to be reviewed
1630                              messagebox(MBOXNOCANCEL, "Storage card mounting,",
1631                                         "mount failed for",
1632                                         (char *) lfnname, 0); // ds->name, 0);
1633                            } else {
1634                              midnight[side]->flags |= MIDNIGHTFLAGismounted;
1635                              UpdateSectors(midnight[side]->drive, side);
1636                              Deselect(side);
1637                            }
1638                          }
1639                        } else {
1640                          if ((ds->type&0xf) == VAL_DOSFTYPE_CBM &&
1641                              (midnight[side]->entries != 0xff))  {
1642                            midnight[side]->dirtrack = ds->track;
1643                            midnight[side]->firsttrack = ds->track;
1644                            midnight[side]->lasttrack = (ds->size / 40) + ds->track;
1645                            UpdateSectors(midnight[side]->drive, side);
1646                            Deselect(side);
1647                          } else {
1648                            sidbong();
1649                            if (midnight[side]->entries != 0xff)  {
1650                              messagebox(MBOXNOCANCEL, "This file type/directory",
1651                                         "is not yet implemented.", " ", 0);
1652                            }
1653                          }
1654                        }
1655                      break;
1656                #ifdef FULLFEATURES
1657                      case 0x1f: // HELP
1658                      case 0xf1: // unused F keys
1659                      case 0x1f1:
1660                      case 0x2f1:
1661                        shortcuts(20, 0);
1662                        helpbox();
1663                      break;
1664                #endif
1665                      case 0xf3:
1666                      case 0x1f3:
1667                      case 0x2f3:
1668                      case 0xf4:
1669                      case 0x1f4:
1670                      case 0x2f4:
1671                      case 0x415: // Ctrl-u
1672                        sidbong();
1673                //        messagebox(MBOXNOCANCEL, "Some function keys,",
1674                //                   "are not yet implemented.", " ");
1675                      break;
1676
1677                      // case 0xF9: // ASC_F9:
1678                      case 0xFA: // Modifiers and ASC_F9:
1679                      case 0x1FA:
1680                      case 0x2FA:
1681                        if (getkeymodstate() == KEYMOD_RSHIFT || getkeymodstate() == KEYMOD_LSHIFT)  {
    \ 04eb 20....               jsr     getkeymodstate
    \ 04ee 3a                   dec     a
    \ 04ef f30111               lbeq    `?L306`
    \ 04f2 20....               jsr     getkeymodstate
    \ 04f5 c902                 cmp     #2
    \ 04f7 d31afc               lbne    `?L331`
1682                          return;
    \ 04fa 4c....               jmp     `?L306`
    \ 04fd          `?L407`:
    \ 04fd 20....               jsr     `?L2000`
    \ 0500 a5..                 lda     zp:_Zp+24
    \ 0502 20....               jsr     menubox
    \ 0505 aa                   tax
    \ 0506 f30bfc               lbeq    `?L331`
    \ 0509 20....               jsr     `?L1916`
    \ 050c 20....               jsr     `?L1929`
    \ 050f a9..                 lda     #.byte0 `_StringLiteral_ `
    \ 0511 85..                 sta     zp:_Zp+2
    \ 0513 a9..                 lda     #.byte1 `_StringLiteral_ `
    \ 0515 85..                 sta     zp:_Zp+3
    \ 0517 20....               jsr     `?L2040`
    \ 051a a902                 lda     #2
    \ 051c 20....               jsr     `?L1922`
    \ 051f 20....               jsr     `?L1944`
    \ 0522 20....               jsr     `?L2074`
    \ 0525 a5..                 lda     zp:_Zp+24
    \ 0527 85..                 sta     zp:_Zp
    \ 0529 20....               jsr     `?L1920`
    \ 052c 20....               jsr     `?L1961`
    \ 052f a5..                 lda     zp:_Zp+24
    \ 0531 d004                 bne     `?L812`
    \ 0533 a901                 lda     #1
    \ 0535 8002                 bra     `?L1845`
    \ 0537 a900     `?L812`:    lda     #0
    \ 0539          `?L1845`:
    \ 0539 85..                 sta     zp:_Zp+2
    \ 053b a5..                 lda     zp:_Zp+24
    \ 053d d004                 bne     `?L815`
    \ 053f a901                 lda     #1
    \ 0541 8002                 bra     `?L1844`
    \ 0543 a900     `?L815`:    lda     #0
    \ 0545          `?L1844`:
    \ 0545 85..                 sta     zp:_Zp
    \ 0547 a5..                 lda     zp:_Zp+2
    \ 0549 20....               jsr     `?L1920`
    \ 054c a5..                 lda     zp:_Zp+24
    \ 054e d004                 bne     `?L818`
    \ 0550 a901                 lda     #1
    \ 0552 8002                 bra     `?L1843`
    \ 0554 a900     `?L818`:    lda     #0
    \ 0556          `?L1843`:
    \ 0556 85..                 sta     zp:_Zp
    \ 0558 a5..                 lda     zp:_Zp
    \ 055a          `?L1899`:
1683                        }
1684                      break;
1685                      
1686                      case 0xFF: // bong preventing
1687                      break;
1688
1689                      default:
1690                        sidbong();
1691                        /*
1692                        gotoxy(0, 0); // @@ To get debug output from top left
1693                        mh4printf("val=", c);
1694                        cputc('  ');
1695                        usleep(2000000); // microseconds
1696                        */
1697                      break;
    \ 055a 20....               jsr     Deselect
    \ 055d 4c....               jmp     `?L331`
    \ 0560          `?L410`:
    \ 0560 a5..                 lda     zp:_Zp+24
    \ 0562 20....               jsr     `?L1915`
    \ 0565 a047                 ldy     #71
    \ 0567 b1..                 lda     (_Zp),y
    \ 0569 c928                 cmp     #40
    \ 056b d35302               lbne    `?L581`
    \ 056e a5..                 lda     zp:_Zp+24
    \ 0570 20....               jsr     `?L1915`
    \ 0573 20....               jsr     `?L1949`
    \ 0576 f34802               lbeq    `?L581`
    \ 0579 20....               jsr     `?L2012`
    \ 057c a902                 lda     #2
    \ 057e 85..                 sta     zp:_Zp+3
    \ 0580 a5..                 lda     zp:_Zp+24
    \ 0582 20....               jsr     `?L1915`
    \ 0585 a049                 ldy     #73
    \ 0587 b1..                 lda     (_Zp),y
    \ 0589 85..                 sta     zp:_Zp+2
    \ 058b a5..                 lda     zp:_Zp+24
    \ 058d 20....               jsr     `?L1915`
    \ 0590 88                   dey
    \ 0591 20....               jsr     `?L2044`
    \ 0594 20....               jsr     `?L1928`
    \ 0597 20....               jsr     FreeTracks
    \ 059a a001                 ldy     #1
    \ 059c 20....               jsr     `?L1952`
    \ 059f 85..                 sta     zp:_Zp
    \ 05a1 b002                 bcs     `?L1527`
    \ 05a3 c6..                 dec     zp:_Zp+1
    \ 05a5          `?L1527`:
    \ 05a5 20....               jsr     `?L2071`
    \ 05a8 5002                 bvc     `?L1529`
    \ 05aa 4980                 eor     #-128
    \ 05ac 101e     `?L1529`:   bpl     `?L582`
    \ 05ae 20....               jsr     `?L1916`
    \ 05b1 20....               jsr     `?L1929`
    \ 05b4 a9..                 lda     #.byte0 `_StringLiteral_to create a directory.`
    \ 05b6 85..                 sta     zp:_Zp+2
    \ 05b8 a9..                 lda     #.byte1 `_StringLiteral_to create a directory.`
    \ 05ba 85..                 sta     zp:_Zp+3
    \ 05bc a9..                 lda     #.byte0 `_StringLiteral_Not enough tracks available`
    \ 05be 85..                 sta     zp:_Zp
    \ 05c0 a9..                 lda     #.byte1 `_StringLiteral_Not enough tracks available`
    \ 05c2          `?L1911`:
    \ 05c2 85..                 sta     zp:_Zp+1
    \ 05c4 a904                 lda     #4
    \ 05c6 20....               jsr     `?L1922`
    \ 05c9 4c....               jmp     `?L331`
    \ 05cc 88       `?L582`:    dey
    \ 05cd b1..                 lda     (_Vsp),y
    \ 05cf a302                 ldz     #2
    \ 05d1 38                   sec
    \ 05d2 f2..                 sbc     (_Vsp),z
    \ 05d4 1a                   inc     a
    \ 05d5 85..                 sta     zp:_Zp+28
    \ 05d7 a9..                 lda     #.byte0 `_StringLiteral_Enter amount of tracks 2..80, 0 to quit:`
    \ 05d9 85..                 sta     zp:_Zp+2
    \ 05db a9..                 lda     #.byte1 `_StringLiteral_Enter amount of tracks 2..80, 0 to quit:`
    \ 05dd 20....               jsr     `?L1948`
    \ 05e0 a94a                 lda     #74
    \ 05e2 20....               jsr     `?L1921`
    \ 05e5 20....               jsr     strcpy
    \ 05e8 a6..                 ldx     zp:_Zp+28
    \ 05ea 20....               jsr     `?L1960`
    \ 05ed 20....               jsr     `?L2005`
    \ 05f0 65..                 adc     zp:_Zp
    \ 05f2 48                   pha
    \ 05f3 20....               jsr     `?L2042`
    \ 05f6 20....               jsr     `?L1931`
    \ 05f9 68                   pla
    \ 05fa a064                 ldy     #100
    \ 05fc 91..                 sta     (_Zp),y
    \ 05fe a6..                 ldx     zp:_Zp+28
    \ 0600 20....               jsr     `?L1960`
    \ 0603 20....               jsr     `?L2005`
    \ 0606 65..                 adc     zp:_Zp+2
    \ 0608 48                   pha
    \ 0609 20....               jsr     `?L2042`
    \ 060c 20....               jsr     `?L1931`
    \ 060f 68                   pla
    \ 0610 a065                 ldy     #101
    \ 0612 91..                 sta     (_Zp),y
    \ 0614 20....               jsr     `?L1940`
    \ 0617 a900                 lda     #0
    \ 0619 7d....               adc     midnight+1,x
    \ 061c 20....               jsr     `?L1948`
    \ 061f a94a                 lda     #74
    \ 0621 20....               jsr     `?L1921`
    \ 0624 20....               jsr     inputbox
    \ 0627 a5..                 lda     zp:_Zp+24
    \ 0629 0a                   asl     a
    \ 062a aa                   tax
    \ 062b 18                   clc
    \ 062c a94a                 lda     #74
    \ 062e 20....               jsr     `?L1921`
    \ 0631 20....               jsr     atoi
    \ 0634 a5..                 lda     zp:_Zp
    \ 0636 85..                 sta     zp:_Zp+28
    \ 0638 20....               jsr     `?L2012`
    \ 063b a5..                 lda     zp:_Zp+28
    \ 063d 85..                 sta     zp:_Zp+3
    \ 063f a5..                 lda     zp:_Zp+24
    \ 0641 20....               jsr     `?L1915`
    \ 0644 a049                 ldy     #73
    \ 0646 b1..                 lda     (_Zp),y
    \ 0648 85..                 sta     zp:_Zp+2
    \ 064a a5..                 lda     zp:_Zp+24
    \ 064c 20....               jsr     `?L1915`
    \ 064f 88                   dey
    \ 0650 20....               jsr     `?L2044`
    \ 0653 20....               jsr     `?L1928`
    \ 0656 20....               jsr     FreeTracks
    \ 0659 ab....               ldz     _Zp+28
    \ 065c c202                 cpz     #2
    \ 065e 934501               lbcc    `?L585`
    \ 0661 a001                 ldy     #1
    \ 0663 20....               jsr     `?L1952`
    \ 0666 85..                 sta     zp:_Zp
    \ 0668 b002                 bcs     `?L1542`
    \ 066a c6..                 dec     zp:_Zp+1
    \ 066c          `?L1542`:
    \ 066c 20....               jsr     `?L2071`
    \ 066f 5002                 bvc     `?L1544`
    \ 0671 4980                 eor     #-128
    \ 0673 333001   `?L1544`:   lbmi    `?L585`
    \ 0676 88                   dey
    \ 0677 20....               jsr     `?L1952`
    \ 067a 85..                 sta     zp:_Zp
    \ 067c b002                 bcs     `?L1546`
    \ 067e c6..                 dec     zp:_Zp+1
    \ 0680          `?L1546`:
    \ 0680 e3..                 inw     zp:_Zp
    \ 0682 a6..                 ldx     zp:_Zp+28
    \ 0684 86..                 stx     zp:_Zp+2
    \ 0686 a900                 lda     #0
    \ 0688 20....               jsr     `?L2049`
    \ 068b 5002                 bvc     `?L1548`
    \ 068d 4980                 eor     #-128
    \ 068f 331401   `?L1548`:   lbmi    `?L585`
    \ 0692 a9..                 lda     #.byte0 `_StringLiteral_Please enter name of the subdirectory`
    \ 0694 85..                 sta     zp:_Zp+2
    \ 0696 a9..                 lda     #.byte1 `_StringLiteral_Please enter name of the subdirectory`
    \ 0698 20....               jsr     `?L1948`
    \ 069b a94a                 lda     #74
    \ 069d 20....               jsr     `?L1921`
    \ 06a0 20....               jsr     inputbox
    \ 06a3 a5..                 lda     zp:_Zp+28
    \ 06a5 a302                 ldz     #2
    \ 06a7 18                   clc
    \ 06a8 72..                 adc     (_Vsp),z
    \ 06aa 3a                   dec     a
    \ 06ab a001                 ldy     #1
    \ 06ad 91..                 sta     (_Vsp),y
    \ 06af 85..                 sta     zp:_Zp+2
    \ 06b1 c8                   iny
    \ 06b2 b1..                 lda     (_Vsp),y
    \ 06b4 20....               jsr     `?L2045`
    \ 06b7 20....               jsr     `?L1928`
    \ 06ba 20....               jsr     BAMAllocateTracks
    \ 06bd a5..                 lda     zp:_Zp+24
    \ 06bf 20....               jsr     `?L1915`
    \ 06c2 20....               jsr     `?L1954`
    \ 06c5 a5..                 lda     zp:_Zp+24
    \ 06c7 20....               jsr     `?L1926`
    \ 06ca 20....               jsr     PutBAM
    \ 06cd a900                 lda     #0
    \ 06cf a8                   tay
    \ 06d0 91..                 sta     (_Zp+26),y
    \ 06d2 c8                   iny
    \ 06d3 91..                 sta     (_Zp+26),y
    \ 06d5 a985                 lda     #-123
    \ 06d7 c8                   iny
    \ 06d8 91..                 sta     (_Zp+26),y
    \ 06da b1..                 lda     (_Vsp),y
    \ 06dc c8                   iny
    \ 06dd 91..                 sta     (_Zp+26),y
    \ 06df a900                 lda     #0
    \ 06e1 c8                   iny
    \ 06e2 91..                 sta     (_Zp+26),y
    \ 06e4 a5..                 lda     zp:_Zp+26
    \ 06e6 18                   clc
    \ 06e7 6905                 adc     #5
    \ 06e9 85..                 sta     zp:_Zp+2
    \ 06eb a5..                 lda     zp:_Zp+27
    \ 06ed 6900                 adc     #0
    \ 06ef 20....               jsr     `?L1948`
    \ 06f2 a94a                 lda     #74
    \ 06f4 20....               jsr     `?L1921`
    \ 06f7 20....               jsr     `?L2073`
    \ 06fa a001                 ldy     #1
    \ 06fc b1..                 lda     (_Vsp),y
    \ 06fe 85..                 sta     zp:_Zp+2
    \ 0700 a900                 lda     #0
    \ 0702 85..                 sta     zp:_Zp+3
    \ 0704 c8                   iny
    \ 0705 b1..                 lda     (_Vsp),y
    \ 0707 85..                 sta     zp:_Zp
    \ 0709 38                   sec
    \ 070a a5..                 lda     zp:_Zp+2
    \ 070c e5..                 sbc     zp:_Zp
    \ 070e 85..                 sta     zp:_Zp+2
    \ 0710 b002                 bcs     `?L1554`
    \ 0712 c6..                 dec     zp:_Zp+3
    \ 0714          `?L1554`:
    \ 0714 cb....               asw     _Zp+2
    \ 0717 cb....               asw     _Zp+2
    \ 071a cb....               asw     _Zp+2
    \ 071d a5..                 lda     zp:_Zp+2
    \ 071f 85..                 sta     zp:_Zp
    \ 0721 a5..                 lda     zp:_Zp+3
    \ 0723 85..                 sta     zp:_Zp+1
    \ 0725 cb....               asw     _Zp+2
    \ 0728 cb....               asw     _Zp+2
    \ 072b a5..                 lda     zp:_Zp+2
    \ 072d 18                   clc
    \ 072e 65..                 adc     zp:_Zp
    \ 0730 85..                 sta     zp:_Zp
    \ 0732 a5..                 lda     zp:_Zp+3
    \ 0734 65..                 adc     zp:_Zp+1
    \ 0736 85..                 sta     zp:_Zp+1
    \ 0738 a01e                 ldy     #30
    \ 073a a5..                 lda     zp:_Zp
    \ 073c 91..                 sta     (_Zp+26),y
    \ 073e c8                   iny
    \ 073f a5..                 lda     zp:_Zp+1
    \ 0741 91..                 sta     (_Zp+26),y
    \ 0743 a5..                 lda     zp:_Zp+26
    \ 0745 85..                 sta     zp:_Zp+6
    \ 0747 a5..                 lda     zp:_Zp+27
    \ 0749 85..                 sta     zp:_Zp+7
    \ 074b a5..                 lda     zp:_Zp+24
    \ 074d 20....               jsr     `?L1915`
    \ 0750 a049                 ldy     #73
    \ 0752 b1..                 lda     (_Zp),y
    \ 0754 85..                 sta     zp:_Zp+4
    \ 0756 a5..                 lda     zp:_Zp+24
    \ 0758 20....               jsr     `?L1915`
    \ 075b 88                   dey
    \ 075c b1..                 lda     (_Zp),y
    \ 075e 85..                 sta     zp:_Zp+3
    \ 0760 a5..                 lda     zp:_Zp+24
    \ 0762 20....               jsr     `?L1915`
    \ 0765 88                   dey
    \ 0766 b1..                 lda     (_Zp),y
    \ 0768 20....               jsr     `?L1946`
    \ 076b b1..                 lda     (_Zp+8),y
    \ 076d 20....               jsr     `?L1928`
    \ 0770 20....               jsr     writenewdirententry
    \ 0773 a5..                 lda     zp:_Zp+26
    \ 0775 18                   clc
    \ 0776 6905                 adc     #5
    \ 0778 85..                 sta     zp:_Zp+6
    \ 077a a5..                 lda     zp:_Zp+27
    \ 077c 6900                 adc     #0
    \ 077e 85..                 sta     zp:_Zp+7
    \ 0780 a001                 ldy     #1
    \ 0782 b1..                 lda     (_Vsp),y
    \ 0784 85..                 sta     zp:_Zp+4
    \ 0786 c8                   iny
    \ 0787 b1..                 lda     (_Vsp),y
    \ 0789 85..                 sta     zp:_Zp+3
    \ 078b b1..                 lda     (_Vsp),y
    \ 078d 20....               jsr     `?L1946`
    \ 0790 b1..                 lda     (_Zp+8),y
    \ 0792 20....               jsr     `?L1928`
    \ 0795 20....               jsr     FormatPartition
    \ 0798 a5..                 lda     zp:_Zp+24
    \ 079a 85..                 sta     zp:_Zp
    \ 079c 20....               jsr     `?L1920`
    \ 079f 20....               jsr     `?L1961`
    \ 07a2 4c....               jmp     `?L331`
    \ 07a5          `?L585`:
    \ 07a5 a5..                 lda     zp:_Zp+28
    \ 07a7 f36af9               lbeq    `?L331`
    \ 07aa 20....               jsr     `?L1916`
    \ 07ad 20....               jsr     `?L1929`
    \ 07b0 a9..                 lda     #.byte0 `_StringLiteral_subdirectory.`
    \ 07b2 85..                 sta     zp:_Zp+2
    \ 07b4 a9..                 lda     #.byte1 `_StringLiteral_subdirectory.`
    \ 07b6 85..                 sta     zp:_Zp+3
    \ 07b8 a9..                 lda     #.byte0 `_StringLiteral_No space to create a`
    \ 07ba 85..                 sta     zp:_Zp
    \ 07bc a9..                 lda     #.byte1 `_StringLiteral_No space to create a`
    \ 07be 8014                 bra     `?L1902`
    \ 07c0          `?L581`:
    \ 07c0 20....               jsr     `?L1916`
    \ 07c3 20....               jsr     `?L1929`
    \ 07c6 a9..                 lda     #.byte0 `_StringLiteral_be mounted and its root directory selected.`
    \ 07c8 85..                 sta     zp:_Zp+2
    \ 07ca a9..                 lda     #.byte1 `_StringLiteral_be mounted and its root directory selected.`
    \ 07cc 85..                 sta     zp:_Zp+3
    \ 07ce a9..                 lda     #.byte0 `_StringLiteral_To create a directory a disk has to`
    \ 07d0 85..                 sta     zp:_Zp
    \ 07d2 a9..                 lda     #.byte1 `_StringLiteral_To create a directory a disk has to`
    \ 07d4          `?L1902`:
    \ 07d4 85..                 sta     zp:_Zp+1
    \ 07d6 a904                 lda     #4
    \ 07d8 20....               jsr     `?L1922`
    \ 07db 4c....               jmp     `?L331`
    \ 07de a900     `?L414`:    lda     #0
    \ 07e0 85..                 sta     zp:_Zp+32
    \ 07e2 a5..                 lda     zp:_Zp+24
    \ 07e4 20....               jsr     `?L1915`
    \ 07e7 20....               jsr     `?L1934`
    \ 07ea 85..                 sta     zp:_Zp
    \ 07ec 98                   tya
    \ 07ed 85..                 sta     zp:_Zp+1
    \ 07ef 20....               jsr     `?L1942`
    \ 07f2 20....               jsr     `?L2065`
    \ 07f5          `?L462`:
    \ 07f5 20....               jsr     `?L1994`
    \ 07f8 938b07               lbcc    `?L461`
    \ 07fb a5..                 lda     zp:_Zp+32
    \ 07fd d024                 bne     `?L472`
    \ 07ff 20....               jsr     `?L1959`
    \ 0802 20....               jsr     `?L1919`
    \ 0805 f005                 beq     `?L1567`
    \ 0807          `?L1568`:
    \ 0807 20....               jsr     `?L1998`
    \ 080a d0fb                 bne     `?L1568`
    \ 080c          `?L1567`:
    \ 080c 20....               jsr     `?L1918`
    \ 080f a5..                 lda     zp:_Zp+24
    \ 0811 20....               jsr     `?L1915`
    \ 0814 20....               jsr     `?L1934`
    \ 0817 20....               jsr     `?L1983`
    \ 081a 9002                 bcc     `?L1570`
    \ 081c e6..                 inc     zp:_Zp+3
    \ 081e          `?L1570`:
    \ 081e 20....               jsr     `?L2072`
    \ 0821 e6..                 inc     zp:_Zp+32
    \ 0823 a301     `?L472`:    ldz     #1
    \ 0825 d4..                 cpz     zp:_Zp+32
    \ 0827 b028                 bcs     `?L474`
    \ 0829 a5..                 lda     zp:_Zp+24
    \ 082b 20....               jsr     `?L1915`
    \ 082e 6b                   tza
    \ 082f a346                 ldz     #70
    \ 0831 32..                 and     (_Zp),z
    \ 0833 d01c                 bne     `?L474`
    \ 0835 20....               jsr     `?L1916`
    \ 0838 a9..                 lda     #.byte0 `_StringLiteral_is not supported.`
    \ 083a 85..                 sta     zp:_Zp+4
    \ 083c a9..                 lda     #.byte1 `_StringLiteral_is not supported.`
    \ 083e 85..                 sta     zp:_Zp+5
    \ 0840 a9..                 lda     #.byte0 `_StringLiteral_storage card files/folders`
    \ 0842 85..                 sta     zp:_Zp+2
    \ 0844 a9..                 lda     #.byte1 `_StringLiteral_storage card files/folders`
    \ 0846 85..                 sta     zp:_Zp+3
    \ 0848 a9..                 lda     #.byte0 `_StringLiteral_Operation on mulitiple`
    \ 084a 85..                 sta     zp:_Zp
    \ 084c a9..                 lda     #.byte1 `_StringLiteral_Operation on mulitiple`
    \ 084e 4c....               jmp     `?L1892`
    \ 0851 a301     `?L474`:    ldz     #1
    \ 0853 d4..                 cpz     zp:_Zp+32
    \ 0855 b025                 bcs     `?L477`
    \ 0857 a90f                 lda     #15
    \ 0859 1b                   inz
    \ 085a 32..                 and     (_Zp+30),z
    \ 085c c905                 cmp     #5
    \ 085e d01c                 bne     `?L477`
    \ 0860 20....               jsr     `?L1916`
    \ 0863 a9..                 lda     #.byte0 `_StringLiteral_is not supported`
    \ 0865 85..                 sta     zp:_Zp+4
    \ 0867 a9..                 lda     #.byte1 `_StringLiteral_is not supported`
    \ 0869 85..                 sta     zp:_Zp+5
    \ 086b a9..                 lda     #.byte0 `_StringLiteral_multiple selected entries`
    \ 086d 85..                 sta     zp:_Zp+2
    \ 086f a9..                 lda     #.byte1 `_StringLiteral_multiple selected entries`
    \ 0871 85..                 sta     zp:_Zp+3
    \ 0873 a9..                 lda     #.byte0 `_StringLiteral_Directory operation on`
    \ 0875 85..                 sta     zp:_Zp
    \ 0877 a9..                 lda     #.byte1 `_StringLiteral_Directory operation on`
    \ 0879 4c....               jmp     `?L1892`
    \ 087c a301     `?L477`:    ldz     #1
    \ 087e d4..                 cpz     zp:_Zp+32
    \ 0880 b008                 bcs     `?L480`
    \ 0882 a9..                 lda     #.byte0 `_StringLiteral_multiple selected entries`
    \ 0884 85..                 sta     zp:_Zp+2
    \ 0886 a9..                 lda     #.byte1 `_StringLiteral_multiple selected entries`
    \ 0888 8003                 bra     `?L1886`
    \ 088a          `?L480`:
    \ 088a 20....               jsr     `?L1935`
    \ 088d          `?L1886`:
    \ 088d 20....               jsr     `?L1948`
    \ 0890 a94a                 lda     #74
    \ 0892 20....               jsr     `?L1921`
    \ 0895 20....               jsr     strcpy
    \ 0898 a90f                 lda     #15
    \ 089a a302                 ldz     #2
    \ 089c 32..                 and     (_Zp+30),z
    \ 089e d024                 bne     `?L483`
    \ 08a0 a5..                 lda     zp:_Zp+24
    \ 08a2 20....               jsr     `?L1915`
    \ 08a5 20....               jsr     `?L1949`
    \ 08a8 f01a                 beq     `?L483`
    \ 08aa 20....               jsr     `?L1916`
    \ 08ad a9..                 lda     #.byte0 _StringLiteral_unsupported
    \ 08af 85..                 sta     zp:_Zp+4
    \ 08b1 a9..                 lda     #.byte1 _StringLiteral_unsupported
    \ 08b3 85..                 sta     zp:_Zp+5
    \ 08b5 20....               jsr     `?L1940`
    \ 08b8 20....               jsr     `?L2062`
    \ 08bb a9..                 lda     #.byte0 `_StringLiteral_File type for`
    \ 08bd 85..                 sta     zp:_Zp
    \ 08bf a9..                 lda     #.byte1 `_StringLiteral_File type for`
    \ 08c1 4c....               jmp     `?L1892`
    \ 08c4 a9f5     `?L483`:    lda     #-11
    \ 08c6 45..                 eor     zp:_Zp+28
    \ 08c8 05..                 ora     zp:_Zp+29
    \ 08ca d3b302               lbne    `?L486`
    \ 08cd 20....               jsr     `?L2041`
    \ 08d0 d014                 bne     `?L489`
    \ 08d2 20....               jsr     `?L1916`
    \ 08d5 20....               jsr     `?L1929`
    \ 08d8 a9..                 lda     #.byte0 `_StringLiteral_is not supported.`
    \ 08da 20....               jsr     `?L2068`
    \ 08dd a9..                 lda     #.byte0 `_StringLiteral_Copying full directory structures`
    \ 08df 85..                 sta     zp:_Zp
    \ 08e1 a9..                 lda     #.byte1 `_StringLiteral_Copying full directory structures`
    \ 08e3 4c....               jmp     `?L1892`
    \ 08e6          `?L489`:
    \ 08e6 a5..                 lda     zp:_Zp+24
    \ 08e8 20....               jsr     `?L1915`
    \ 08eb 20....               jsr     `?L1949`
    \ 08ee f37b02               lbeq    `?L494`
    \ 08f1 a5..                 lda     zp:_Zp+24
    \ 08f3 d004                 bne     `?L732`
    \ 08f5 a901                 lda     #1
    \ 08f7 8002                 bra     `?L1870`
    \ 08f9 a900     `?L732`:    lda     #0
    \ 08fb          `?L1870`:
    \ 08fb 85..                 sta     zp:_Zp
    \ 08fd a5..                 lda     zp:_Zp
    \ 08ff 20....               jsr     `?L1915`
    \ 0902 a901                 lda     #1
    \ 0904 32..                 and     (_Zp),z
    \ 0906 f36302               lbeq    `?L494`
    \ 0909 a5..                 lda     zp:_Zp+24
    \ 090b d004                 bne     `?L735`
    \ 090d a901                 lda     #1
    \ 090f 8002                 bra     `?L1869`
    \ 0911 a900     `?L735`:    lda     #0
    \ 0913          `?L1869`:
    \ 0913 85..                 sta     zp:_Zp
    \ 0915 a5..                 lda     zp:_Zp
    \ 0917 20....               jsr     `?L1915`
    \ 091a a044                 ldy     #68
    \ 091c b1..                 lda     (_Zp),y
    \ 091e 85..                 sta     zp:_Zp+26
    \ 0920 c8                   iny
    \ 0921 b1..                 lda     (_Zp),y
    \ 0923 85..                 sta     zp:_Zp+27
    \ 0925 a5..                 lda     zp:_Zp+24
    \ 0927 20....               jsr     sizeselectcurrentifnone
    \ 092a a5..                 lda     zp:_Zp+26
    \ 092c c5..                 cmp     zp:_Zp
    \ 092e a5..                 lda     zp:_Zp+27
    \ 0930 e5..                 sbc     zp:_Zp+1
    \ 0932 b017                 bcs     `?L495`
    \ 0934 20....               jsr     `?L1916`
    \ 0937 20....               jsr     `?L1929`
    \ 093a a9..                 lda     #.byte0 `_StringLiteral_destination disk space insufficient`
    \ 093c 85..                 sta     zp:_Zp+2
    \ 093e a9..                 lda     #.byte1 `_StringLiteral_destination disk space insufficient`
    \ 0940 85..                 sta     zp:_Zp+3
    \ 0942 a9..                 lda     #.byte0 `_StringLiteral_File copy,`
    \ 0944 85..                 sta     zp:_Zp
    \ 0946 a9..                 lda     #.byte1 `_StringLiteral_File copy,`
    \ 0948 4c....               jmp     `?L1892`
    \ 094b          `?L495`:
    \ 094b a5..                 lda     zp:_Zp+24
    \ 094d d008                 bne     `?L738`
    \ 094f a9..                 lda     #.byte0 `_StringLiteral_from left to right`
    \ 0951 85..                 sta     zp:_Zp+4
    \ 0953 a9..                 lda     #.byte1 `_StringLiteral_from left to right`
    \ 0955 8006                 bra     `?L1868`
    \ 0957          `?L738`:
    \ 0957 a9..                 lda     #.byte0 `_StringLiteral_from right to left`
    \ 0959 85..                 sta     zp:_Zp+4
    \ 095b a9..                 lda     #.byte1 `_StringLiteral_from right to left`
    \ 095d          `?L1868`:
    \ 095d 85..                 sta     zp:_Zp+5
    \ 095f 20....               jsr     `?L1916`
    \ 0962 20....               jsr     `?L1940`
    \ 0965 20....               jsr     `?L2062`
    \ 0968 a9..                 lda     #.byte0 `_StringLiteral_File copy,`
    \ 096a 85..                 sta     zp:_Zp
    \ 096c a9..                 lda     #.byte1 `_StringLiteral_File copy,`
    \ 096e 20....               jsr     `?L1941`
    \ 0971 20....               jsr     `?L1922`
    \ 0974 aa                   tax
    \ 0975 f3db04               lbeq    `?L475`
    \ 0978 20....               jsr     `?L2065`
    \ 097b          `?L502`:
    \ 097b 20....               jsr     `?L1994`
    \ 097e 901d                 bcc     `?L501`
    \ 0980 a5..                 lda     zp:_Zp+24
    \ 0982 d004                 bne     `?L741`
    \ 0984 a901                 lda     #1
    \ 0986 8002                 bra     `?L1867`
    \ 0988 a900     `?L741`:    lda     #0
    \ 098a          `?L1867`:
    \ 098a 85..                 sta     zp:_Zp+2
    \ 098c a5..                 lda     zp:_Zp+24
    \ 098e d004                 bne     `?L744`
    \ 0990 a901                 lda     #1
    \ 0992 8002                 bra     `?L1866`
    \ 0994 a900     `?L744`:    lda     #0
    \ 0996          `?L1866`:
    \ 0996 85..                 sta     zp:_Zp
    \ 0998 a5..                 lda     zp:_Zp+2
    \ 099a 4c....               jmp     `?L1908`
    \ 099d          `?L501`:
    \ 099d 20....               jsr     `?L1959`
    \ 09a0 20....               jsr     `?L1919`
    \ 09a3 f005                 beq     `?L1595`
    \ 09a5          `?L1596`:
    \ 09a5 20....               jsr     `?L1998`
    \ 09a8 d0fb                 bne     `?L1596`
    \ 09aa          `?L1595`:
    \ 09aa 20....               jsr     `?L1918`
    \ 09ad 20....               jsr     `?L1965`
    \ 09b0 f3b401               lbeq    `?L503`
    \ 09b3 20....               jsr     `?L1951`
    \ 09b6 20....               jsr     `?L1942`
    \ 09b9 a9..                 lda     #.byte0 `_StringLiteral_source file`
    \ 09bb 85..                 sta     zp:_Zp+2
    \ 09bd a9..                 lda     #.byte1 `_StringLiteral_source file`
    \ 09bf 20....               jsr     `?L1945`
    \ 09c2 20....               jsr     `?L2074`
    \ 09c5 a9ff                 lda     #-1
    \ 09c7 20....               jsr     _DecVsp
    \ 09ca a004                 ldy     #4
    \ 09cc b1..                 lda     (_Zp+30),y
    \ 09ce a000                 ldy     #0
    \ 09d0 91..                 sta     (_Vsp),y
    \ 09d2 a003                 ldy     #3
    \ 09d4 b1..                 lda     (_Zp+30),y
    \ 09d6 85..                 sta     zp:_Zp+7
    \ 09d8 a5..                 lda     zp:_Zp+24
    \ 09da 20....               jsr     `?L1915`
    \ 09dd 20....               jsr     `?L1966`
    \ 09e0 20....               jsr     `?L2060`
    \ 09e3 20....               jsr     `?L1944`
    \ 09e6 a91e                 lda     #30
    \ 09e8 20....               jsr     `?L2058`
    \ 09eb d004                 bne     `?L747`
    \ 09ed a901                 lda     #1
    \ 09ef 8002                 bra     `?L1865`
    \ 09f1 a900     `?L747`:    lda     #0
    \ 09f3          `?L1865`:
    \ 09f3 85..                 sta     zp:_Zp
    \ 09f5 ad....               lda     legacyHDOSstate
    \ 09f8 20....               jsr     GetBAM
    \ 09fb a9..                 lda     #.byte0 `_StringLiteral_destination file`
    \ 09fd 85..                 sta     zp:_Zp+2
    \ 09ff a9..                 lda     #.byte1 `_StringLiteral_destination file`
    \ 0a01 20....               jsr     `?L1953`
    \ 0a04 a928                 lda     #40
    \ 0a06 20....               jsr     `?L2058`
    \ 0a09 d004                 bne     `?L750`
    \ 0a0b a901                 lda     #1
    \ 0a0d 8002                 bra     `?L1864`
    \ 0a0f a900     `?L750`:    lda     #0
    \ 0a11          `?L1864`:
    \ 0a11 85..                 sta     zp:_Zp
    \ 0a13 a5..                 lda     zp:_Zp+24
    \ 0a15 d004                 bne     `?L753`
    \ 0a17 a901                 lda     #1
    \ 0a19 8002                 bra     `?L1863`
    \ 0a1b a900     `?L753`:    lda     #0
    \ 0a1d          `?L1863`:
    \ 0a1d 85..                 sta     zp:_Zp+2
    \ 0a1f a5..                 lda     zp:_Zp+24
    \ 0a21 d004                 bne     `?L756`
    \ 0a23 a901                 lda     #1
    \ 0a25 8002                 bra     `?L1862`
    \ 0a27 a900     `?L756`:    lda     #0
    \ 0a29          `?L1862`:
    \ 0a29 85..                 sta     zp:_Zp+4
    \ 0a2b a5..                 lda     zp:_Zp+24
    \ 0a2d d004                 bne     `?L759`
    \ 0a2f a901                 lda     #1
    \ 0a31 8002                 bra     `?L1861`
    \ 0a33 a900     `?L759`:    lda     #0
    \ 0a35          `?L1861`:
    \ 0a35 85..                 sta     zp:_Zp+6
    \ 0a37 a9f9                 lda     #-7
    \ 0a39 20....               jsr     _DecVsp
    \ 0a3c a5..                 lda     zp:_Zp+6
    \ 0a3e 20....               jsr     `?L1936`
    \ 0a41 a049                 ldy     #73
    \ 0a43 b1..                 lda     (_Zp+6),y
    \ 0a45 a006                 ldy     #6
    \ 0a47 91..                 sta     (_Vsp),y
    \ 0a49 20....               jsr     `?L2034`
    \ 0a4c a048                 ldy     #72
    \ 0a4e b1..                 lda     (_Zp+4),y
    \ 0a50 a005                 ldy     #5
    \ 0a52 91..                 sta     (_Vsp),y
    \ 0a54 a900                 lda     #0
    \ 0a56 88                   dey
    \ 0a57 91..                 sta     (_Vsp),y
    \ 0a59 a2..                 ldx     #_Zp+4
    \ 0a5b a907                 lda     #7
    \ 0a5d 20....               jsr     `?L2037`
    \ 0a60 a909                 lda     #9
    \ 0a62 20....               jsr     `?L2037`
    \ 0a65 a5..                 lda     zp:_Zp+2
    \ 0a67 0a                   asl     a
    \ 0a68 aa                   tax
    \ 0a69 bd....               lda     midnight,x
    \ 0a6c 85..                 sta     zp:_Zp+2
    \ 0a6e bd....               lda     midnight+1,x
    \ 0a71 85..                 sta     zp:_Zp+3
    \ 0a73 a047                 ldy     #71
    \ 0a75 b1..                 lda     (_Zp+2),y
    \ 0a77 85..                 sta     zp:_Zp+7
    \ 0a79 a5..                 lda     zp:_Zp
    \ 0a7b 20....               jsr     `?L1915`
    \ 0a7e 20....               jsr     `?L1966`
    \ 0a81 20....               jsr     writeblockchain
    \ 0a84 a006                 ldy     #6
    \ 0a86 20....               jsr     _IncVsp
    \ 0a89 a002                 ldy     #2
    \ 0a8b b1..                 lda     (_Vsp),y
    \ 0a8d c8                   iny
    \ 0a8e 91..                 sta     (_Zp+30),y
    \ 0a90 a000                 ldy     #0
    \ 0a92 b1..                 lda     (_Vsp),y
    \ 0a94 a004                 ldy     #4
    \ 0a96 91..                 sta     (_Zp+30),y
    \ 0a98 a9..                 lda     #.byte0 _StringLiteral_directory
    \ 0a9a 85..                 sta     zp:_Zp+2
    \ 0a9c a9..                 lda     #.byte1 _StringLiteral_directory
    \ 0a9e 20....               jsr     `?L1953`
    \ 0aa1 a93c                 lda     #60
    \ 0aa3 20....               jsr     `?L2058`
    \ 0aa6 d004                 bne     `?L762`
    \ 0aa8 a901                 lda     #1
    \ 0aaa 8002                 bra     `?L1860`
    \ 0aac a900     `?L762`:    lda     #0
    \ 0aae          `?L1860`:
    \ 0aae 85..                 sta     zp:_Zp+10
    \ 0ab0 a5..                 lda     zp:_Zp+24
    \ 0ab2 d004                 bne     `?L765`
    \ 0ab4 a901                 lda     #1
    \ 0ab6 8002                 bra     `?L1859`
    \ 0ab8 a900     `?L765`:    lda     #0
    \ 0aba          `?L1859`:
    \ 0aba 85..                 sta     zp:_Zp+8
    \ 0abc a5..                 lda     zp:_Zp+24
    \ 0abe d004                 bne     `?L768`
    \ 0ac0 a901                 lda     #1
    \ 0ac2 8002                 bra     `?L1858`
    \ 0ac4 a900     `?L768`:    lda     #0
    \ 0ac6          `?L1858`:
    \ 0ac6 85..                 sta     zp:_Zp
    \ 0ac8 a5..                 lda     zp:_Zp+24
    \ 0aca d004                 bne     `?L771`
    \ 0acc a901                 lda     #1
    \ 0ace 8002                 bra     `?L1857`
    \ 0ad0 a900     `?L771`:    lda     #0
    \ 0ad2          `?L1857`:
    \ 0ad2 85..                 sta     zp:_Zp+2
    \ 0ad4 a5..                 lda     zp:_Zp+24
    \ 0ad6 d004                 bne     `?L774`
    \ 0ad8 a901                 lda     #1
    \ 0ada 8002                 bra     `?L1856`
    \ 0adc a900     `?L774`:    lda     #0
    \ 0ade          `?L1856`:
    \ 0ade 85..                 sta     zp:_Zp+4
    \ 0ae0 a5..                 lda     zp:_Zp+30
    \ 0ae2 85..                 sta     zp:_Zp+6
    \ 0ae4 a5..                 lda     zp:_Zp+31
    \ 0ae6 85..                 sta     zp:_Zp+7
    \ 0ae8 20....               jsr     `?L2034`
    \ 0aeb a049                 ldy     #73
    \ 0aed b1..                 lda     (_Zp+4),y
    \ 0aef 85..                 sta     zp:_Zp+4
    \ 0af1 a5..                 lda     zp:_Zp+2
    \ 0af3 0a                   asl     a
    \ 0af4 aa                   tax
    \ 0af5 bd....               lda     midnight,x
    \ 0af8 85..                 sta     zp:_Zp+2
    \ 0afa bd....               lda     midnight+1,x
    \ 0afd 85..                 sta     zp:_Zp+3
    \ 0aff 88                   dey
    \ 0b00 b1..                 lda     (_Zp+2),y
    \ 0b02 85..                 sta     zp:_Zp+3
    \ 0b04 a5..                 lda     zp:_Zp
    \ 0b06 20....               jsr     `?L1915`
    \ 0b09 88                   dey
    \ 0b0a b1..                 lda     (_Zp),y
    \ 0b0c 85..                 sta     zp:_Zp+2
    \ 0b0e a5..                 lda     zp:_Zp+8
    \ 0b10 85..                 sta     zp:_Zp+1
    \ 0b12 a5..                 lda     zp:_Zp+10
    \ 0b14 20....               jsr     `?L1947`
    \ 0b17 b1..                 lda     (_Zp+8),y
    \ 0b19 20....               jsr     `?L1928`
    \ 0b1c 20....               jsr     writenewdirententry
    \ 0b1f a9..                 lda     #.byte0 _StringLiteral_BAM
    \ 0b21 85..                 sta     zp:_Zp+2
    \ 0b23 a9..                 lda     #.byte1 _StringLiteral_BAM
    \ 0b25 20....               jsr     `?L1953`
    \ 0b28 a950                 lda     #80
    \ 0b2a 20....               jsr     `?L2058`
    \ 0b2d d004                 bne     `?L777`
    \ 0b2f a901                 lda     #1
    \ 0b31 8002                 bra     `?L1855`
    \ 0b33 a900     `?L777`:    lda     #0
    \ 0b35          `?L1855`:
    \ 0b35 85..                 sta     zp:_Zp+6
    \ 0b37 a5..                 lda     zp:_Zp+24
    \ 0b39 d004                 bne     `?L780`
    \ 0b3b a901                 lda     #1
    \ 0b3d 8002                 bra     `?L1854`
    \ 0b3f a900     `?L780`:    lda     #0
    \ 0b41          `?L1854`:
    \ 0b41 85..                 sta     zp:_Zp+4
    \ 0b43 a5..                 lda     zp:_Zp+24
    \ 0b45 d004                 bne     `?L783`
    \ 0b47 a901                 lda     #1
    \ 0b49 8002                 bra     `?L1853`
    \ 0b4b a900     `?L783`:    lda     #0
    \ 0b4d          `?L1853`:
    \ 0b4d 85..                 sta     zp:_Zp
    \ 0b4f a5..                 lda     zp:_Zp
    \ 0b51 20....               jsr     `?L1915`
    \ 0b54 a047                 ldy     #71
    \ 0b56 b1..                 lda     (_Zp),y
    \ 0b58 85..                 sta     zp:_Zp+2
    \ 0b5a a5..                 lda     zp:_Zp+4
    \ 0b5c 85..                 sta     zp:_Zp+1
    \ 0b5e a5..                 lda     zp:_Zp+6
    \ 0b60 20....               jsr     `?L1926`
    \ 0b63 20....               jsr     PutBAM
    \ 0b66          `?L503`:
    \ 0b66 e3..                 inw     zp:_Zp+26
    \ 0b68 4c....               jmp     `?L502`
    \ 0b6b          `?L494`:
    \ 0b6b 20....               jsr     `?L1916`
    \ 0b6e 20....               jsr     `?L1929`
    \ 0b71 a9..                 lda     #.byte0 `_StringLiteral_is not supported.`
    \ 0b73 20....               jsr     `?L2068`
    \ 0b76 a9..                 lda     #.byte0 `_StringLiteral_Copying storage card files/folders`
    \ 0b78 85..                 sta     zp:_Zp
    \ 0b7a a9..                 lda     #.byte1 `_StringLiteral_Copying storage card files/folders`
    \ 0b7c 4c....               jmp     `?L1892`
    \ 0b7f a9f6     `?L486`:    lda     #-10
    \ 0b81 45..                 eor     zp:_Zp+28
    \ 0b83 05..                 ora     zp:_Zp+29
    \ 0b85 f3b902               lbeq    `?L510`
    \ 0b88 a9f6                 lda     #246
    \ 0b8a c5..                 cmp     zp:_Zp+28
    \ 0b8c d007                 bne     `?L728`
    \ 0b8e a901                 lda     #1
    \ 0b90 c5..                 cmp     zp:_Zp+29
    \ 0b92 f3ac02               lbeq    `?L510`
    \ 0b95 a9f6     `?L728`:    lda     #246
    \ 0b97 c5..                 cmp     zp:_Zp+28
    \ 0b99 d007                 bne     `?L508`
    \ 0b9b a902                 lda     #2
    \ 0b9d c5..                 cmp     zp:_Zp+29
    \ 0b9f f39f02               lbeq    `?L510`
    \ 0ba2          `?L508`:
    \ 0ba2 20....               jsr     `?L2041`
    \ 0ba5 d33d01               lbne    `?L524`
    \ 0ba8 a5..                 lda     zp:_Zp+24
    \ 0baa 20....               jsr     `?L1915`
    \ 0bad e3..                 inw     zp:_Zp
    \ 0baf 20....               jsr     `?L1934`
    \ 0bb2 1a                   inc     a
    \ 0bb3 f32f01               lbeq    `?L524`
    \ 0bb6 98                   tya
    \ 0bb7 85..                 sta     zp:_Zp+3
    \ 0bb9 a9f8                 lda     #248
    \ 0bbb 85..                 sta     zp:_Zp
    \ 0bbd a900                 lda     #0
    \ 0bbf 85..                 sta     zp:_Zp+1
    \ 0bc1          `?L528`:
    \ 0bc1 a5..                 lda     zp:_Zp
    \ 0bc3 05..                 ora     zp:_Zp+1
    \ 0bc5 d3cf00               lbne    `?L527`
    \ 0bc8 a301                 ldz     #1
    \ 0bca d4..                 cpz     zp:_Zp+3
    \ 0bcc b014                 bcs     `?L534`
    \ 0bce 20....               jsr     `?L1916`
    \ 0bd1 a9..                 lda     #.byte0 `_StringLiteral_entries is not supported`
    \ 0bd3 85..                 sta     zp:_Zp+4
    \ 0bd5 a9..                 lda     #.byte1 `_StringLiteral_entries is not supported`
    \ 0bd7 85..                 sta     zp:_Zp+5
    \ 0bd9 a9..                 lda     #.byte0 `_StringLiteral_on multiple selected`
    \ 0bdb 85..                 sta     zp:_Zp+2
    \ 0bdd a9..                 lda     #.byte1 `_StringLiteral_on multiple selected`
    \ 0bdf 4c....               jmp     `?L1893`
    \ 0be2 a01e     `?L534`:    ldy     #30
    \ 0be4 b1..                 lda     (_Zp+30),y
    \ 0be6 85..                 sta     zp:_Zp+26
    \ 0be8 c8                   iny
    \ 0be9 b1..                 lda     (_Zp+30),y
    \ 0beb 85..                 sta     zp:_Zp+27
    \ 0bed 88                   dey
    \ 0bee b1..                 lda     (_Zp+30),y
    \ 0bf0 85..                 sta     zp:_Zp
    \ 0bf2 c8                   iny
    \ 0bf3 b1..                 lda     (_Zp+30),y
    \ 0bf5 20....               jsr     `?L2014`
    \ 0bf8 a303                 ldz     #3
    \ 0bfa 18                   clc
    \ 0bfb 72..                 adc     (_Zp+30),z
    \ 0bfd 85..                 sta     zp:_Zp+4
    \ 0bff a003                 ldy     #3
    \ 0c01 b1..                 lda     (_Zp+30),y
    \ 0c03 85..                 sta     zp:_Zp+3
    \ 0c05 b1..                 lda     (_Zp+30),y
    \ 0c07 20....               jsr     `?L1956`
    \ 0c0a a5..                 lda     zp:_Zp+24
    \ 0c0c 20....               jsr     `?L1936`
    \ 0c0f a000                 ldy     #0
    \ 0c11 b1..                 lda     (_Zp+6),y
    \ 0c13 20....               jsr     `?L1928`
    \ 0c16 20....               jsr     BAMCheckSizeinFilebuffer
    \ 0c19 a5..                 lda     zp:_Zp
    \ 0c1b c5..                 cmp     zp:_Zp+26
    \ 0c1d d05c                 bne     `?L539`
    \ 0c1f a5..                 lda     zp:_Zp+1
    \ 0c21 c5..                 cmp     zp:_Zp+27
    \ 0c23 d056                 bne     `?L539`
    \ 0c25 a5..                 lda     zp:_Zp+24
    \ 0c27 d005                 bne     `?L788`
    \ 0c29 20....               jsr     `?L2063`
    \ 0c2c 8003                 bra     `?L1852`
    \ 0c2e          `?L788`:
    \ 0c2e 20....               jsr     `?L2064`
    \ 0c31          `?L1852`:
    \ 0c31 85..                 sta     zp:_Zp+5
    \ 0c33 20....               jsr     `?L1916`
    \ 0c36 20....               jsr     `?L1935`
    \ 0c39 20....               jsr     `?L2078`
    \ 0c3c 20....               jsr     `?L1941`
    \ 0c3f 20....               jsr     `?L1922`
    \ 0c42 aa                   tax
    \ 0c43 f30d02               lbeq    `?L475`
    \ 0c46 a5..                 lda     zp:_Zp+24
    \ 0c48 20....               jsr     `?L1928`
    \ 0c4b 20....               jsr     GetBAM
    \ 0c4e a5..                 lda     zp:_Zp+24
    \ 0c50 20....               jsr     `?L1915`
    \ 0c53 20....               jsr     `?L1934`
    \ 0c56 85..                 sta     zp:_Zp+3
    \ 0c58 a5..                 lda     zp:_Zp+24
    \ 0c5a 20....               jsr     `?L1915`
    \ 0c5d 20....               jsr     `?L1954`
    \ 0c60 a5..                 lda     zp:_Zp+24
    \ 0c62 20....               jsr     `?L1926`
    \ 0c65 20....               jsr     deletedirententry
    \ 0c68 a5..                 lda     zp:_Zp+24
    \ 0c6a 20....               jsr     `?L1915`
    \ 0c6d 20....               jsr     `?L1954`
    \ 0c70 a5..                 lda     zp:_Zp+24
    \ 0c72 20....               jsr     `?L1926`
    \ 0c75 20....               jsr     PutBAM
    \ 0c78 4c....               jmp     `?L514`
    \ 0c7b          `?L539`:
    \ 0c7b 20....               jsr     `?L1916`
    \ 0c7e a9..                 lda     #.byte0 `_StringLiteral_directory is not empty`
    \ 0c80 85..                 sta     zp:_Zp+4
    \ 0c82 a9..                 lda     #.byte1 `_StringLiteral_directory is not empty`
    \ 0c84 85..                 sta     zp:_Zp+5
    \ 0c86 20....               jsr     `?L1935`
    \ 0c89          `?L1893`:
    \ 0c89 20....               jsr     `?L2078`
    \ 0c8c          `?L1892`:
    \ 0c8c 85..                 sta     zp:_Zp+1
    \ 0c8e a904                 lda     #4
    \ 0c90 20....               jsr     `?L1922`
    \ 0c93 4c....               jmp     `?L475`
    \ 0c96          `?L527`:
    \ 0c96 a6..                 ldx     zp:_Zp+24
    \ 0c98 86..                 stx     zp:_Zp+4
    \ 0c9a 98                   tya
    \ 0c9b 85..                 sta     zp:_Zp+5
    \ 0c9d cb....               asw     _Zp+4
    \ 0ca0 cb....               asw     _Zp+4
    \ 0ca3 cb....               asw     _Zp+4
    \ 0ca6 a5..                 lda     zp:_Zp+4
    \ 0ca8 85..                 sta     zp:_Zp+6
    \ 0caa a5..                 lda     zp:_Zp+5
    \ 0cac 85..                 sta     zp:_Zp+7
    \ 0cae a905                 lda     #5
    \ 0cb0 aa                   tax
    \ 0cb1 f006                 beq     `?L1637`
    \ 0cb3          `?L1638`:
    \ 0cb3 cb....               asw     _Zp+6
    \ 0cb6 ca                   dex
    \ 0cb7 d0fa                 bne     `?L1638`
    \ 0cb9          `?L1637`:
    \ 0cb9 a5..                 lda     zp:_Zp+6
    \ 0cbb 38                   sec
    \ 0cbc e5..                 sbc     zp:_Zp+4
    \ 0cbe 85..                 sta     zp:_Zp+4
    \ 0cc0 a5..                 lda     zp:_Zp+7
    \ 0cc2 e5..                 sbc     zp:_Zp+5
    \ 0cc4 85..                 sta     zp:_Zp+5
    \ 0cc6 18                   clc
    \ 0cc7 a5..                 lda     zp:_Zp+4
    \ 0cc9 69..                 adc     #.byte0 direntflags
    \ 0ccb 85..                 sta     zp:_Zp+4
    \ 0ccd a5..                 lda     zp:_Zp+5
    \ 0ccf 20....               jsr     `?L2070`
    \ 0cd2 c6..                 dec     zp:_Zp+2
    \ 0cd4 ab....               ldz     _Zp+2
    \ 0cd7 a901                 lda     #1
    \ 0cd9 32..                 and     (_Zp+4),z
    \ 0cdb f002                 beq     `?L529`
    \ 0cdd e6..                 inc     zp:_Zp+3
    \ 0cdf          `?L529`:
    \ 0cdf c3..                 dew     zp:_Zp
    \ 0ce1 4c....               jmp     `?L528`
    \ 0ce4 a002     `?L524`:    ldy     #2
    \ 0ce6 b1..                 lda     (_Zp+30),y
    \ 0ce8 f30101               lbeq    `?L543`
    \ 0ceb a31e                 ldz     #30
    \ 0ced b2..                 lda     (_Zp+30),z
    \ 0cef 1b                   inz
    \ 0cf0 12..                 ora     (_Zp+30),z
    \ 0cf2 f3f700               lbeq    `?L543`
    \ 0cf5 a5..                 lda     zp:_Zp+24
    \ 0cf7 d005                 bne     `?L794`
    \ 0cf9 20....               jsr     `?L2063`
    \ 0cfc 8003                 bra     `?L1850`
    \ 0cfe          `?L794`:
    \ 0cfe 20....               jsr     `?L2064`
    \ 0d01          `?L1850`:
    \ 0d01 85..                 sta     zp:_Zp+5
    \ 0d03 20....               jsr     `?L1916`
    \ 0d06 20....               jsr     `?L1940`
    \ 0d09 20....               jsr     `?L2062`
    \ 0d0c a9..                 lda     #.byte0 `_StringLiteral_File delete,`
    \ 0d0e 85..                 sta     zp:_Zp
    \ 0d10 a9..                 lda     #.byte1 `_StringLiteral_File delete,`
    \ 0d12 20....               jsr     `?L1941`
    \ 0d15 20....               jsr     `?L1922`
    \ 0d18 aa                   tax
    \ 0d19 f33701               lbeq    `?L475`
    \ 0d1c a5..                 lda     zp:_Zp+24
    \ 0d1e 20....               jsr     `?L1915`
    \ 0d21 20....               jsr     `?L1949`
    \ 0d24 d02d                 bne     `?L549`
    \ 0d26 20....               jsr     `?L1969`
    \ 0d29 9020                 bcc     `?L552`
    \ 0d2b 20....               jsr     `?L1916`
    \ 0d2e a9..                 lda     #.byte0 `_StringLiteral_not found`
    \ 0d30 85..                 sta     zp:_Zp+4
    \ 0d32 a9..                 lda     #.byte1 `_StringLiteral_not found`
    \ 0d34 85..                 sta     zp:_Zp+5
    \ 0d36 20....               jsr     `?L1935`
    \ 0d39 85..                 sta     zp:_Zp+3
    \ 0d3b a9..                 lda     #.byte0 `_StringLiteral_File `
    \ 0d3d 85..                 sta     zp:_Zp
    \ 0d3f a9..                 lda     #.byte1 `_StringLiteral_File `
    \ 0d41 85..                 sta     zp:_Zp+1
    \ 0d43 a904                 lda     #4
    \ 0d45 20....               jsr     `?L1922`
    \ 0d48 4c....               jmp     `?L569`
    \ 0d4b          `?L552`:
    \ 0d4b a5..                 lda     zp:_Zp+26
    \ 0d4d 20....               jsr     hyppo_rmfile
    \ 0d50 4c....               jmp     `?L569`
    \ 0d53          `?L549`:
    \ 0d53 a5..                 lda     zp:_Zp+24
    \ 0d55 20....               jsr     sizeselectcurrentifnone
    \ 0d58 a5..                 lda     zp:_Zp
    \ 0d5a 25..                 and     zp:_Zp+1
    \ 0d5c 1a                   inc     a
    \ 0d5d f3e900               lbeq    `?L514`
    \ 0d60 a9f8                 lda     #248
    \ 0d62 85..                 sta     zp:_Zp+26
    \ 0d64 a900                 lda     #0
    \ 0d66 85..                 sta     zp:_Zp+27
    \ 0d68          `?L559`:
    \ 0d68 a5..                 lda     zp:_Zp+26
    \ 0d6a 05..                 ora     zp:_Zp+27
    \ 0d6c f3da00               lbeq    `?L514`
    \ 0d6f 20....               jsr     `?L1959`
    \ 0d72 20....               jsr     `?L1919`
    \ 0d75 f005                 beq     `?L1651`
    \ 0d77          `?L1652`:
    \ 0d77 20....               jsr     `?L1998`
    \ 0d7a d0fb                 bne     `?L1652`
    \ 0d7c          `?L1651`:
    \ 0d7c 20....               jsr     `?L1918`
    \ 0d7f a5..                 lda     zp:_Zp+26
    \ 0d81 85..                 sta     zp:_Zp
    \ 0d83 c6..                 dec     zp:_Zp
    \ 0d85 ab....               ldz     _Zp
    \ 0d88 a901                 lda     #1
    \ 0d8a 32..                 and     (_Zp+2),z
    \ 0d8c f058                 beq     `?L560`
    \ 0d8e 20....               jsr     `?L1951`
    \ 0d91 c3..                 dew     zp:_Zp
    \ 0d93 20....               jsr     `?L1942`
    \ 0d96 20....               jsr     `?L1944`
    \ 0d99 20....               jsr     `?L2074`
    \ 0d9c a5..                 lda     zp:_Zp+24
    \ 0d9e 20....               jsr     `?L1928`
    \ 0da1 20....               jsr     GetBAM
    \ 0da4 a9..                 lda     #.byte0 `_StringLiteral_removing BAM entries`
    \ 0da6 85..                 sta     zp:_Zp+2
    \ 0da8 a9..                 lda     #.byte1 `_StringLiteral_removing BAM entries`
    \ 0daa 20....               jsr     `?L1953`
    \ 0dad a928                 lda     #40
    \ 0daf 20....               jsr     progress
    \ 0db2 a5..                 lda     zp:_Zp+26
    \ 0db4 85..                 sta     zp:_Zp+3
    \ 0db6 c6..                 dec     zp:_Zp+3
    \ 0db8 a5..                 lda     zp:_Zp+24
    \ 0dba 20....               jsr     `?L1915`
    \ 0dbd 20....               jsr     `?L1954`
    \ 0dc0 a5..                 lda     zp:_Zp+24
    \ 0dc2 20....               jsr     `?L1926`
    \ 0dc5 20....               jsr     deletedirententry
    \ 0dc8 a9..                 lda     #.byte0 `_StringLiteral_updating BAM`
    \ 0dca 85..                 sta     zp:_Zp+2
    \ 0dcc a9..                 lda     #.byte1 `_StringLiteral_updating BAM`
    \ 0dce 20....               jsr     `?L1953`
    \ 0dd1 a950                 lda     #80
    \ 0dd3 20....               jsr     progress
    \ 0dd6 a5..                 lda     zp:_Zp+24
    \ 0dd8 20....               jsr     `?L1915`
    \ 0ddb 20....               jsr     `?L1954`
    \ 0dde a5..                 lda     zp:_Zp+24
    \ 0de0 20....               jsr     `?L1926`
    \ 0de3 20....               jsr     PutBAM
    \ 0de6          `?L560`:
    \ 0de6 c3..                 dew     zp:_Zp+26
    \ 0de8 4c....               jmp     `?L559`
    \ 0deb          `?L543`:
    \ 0deb a5..                 lda     zp:_Zp+24
    \ 0ded d005                 bne     `?L791`
    \ 0def 20....               jsr     `?L2063`
    \ 0df2 8003                 bra     `?L1851`
    \ 0df4          `?L791`:
    \ 0df4 20....               jsr     `?L2064`
    \ 0df7          `?L1851`:
    \ 0df7 85..                 sta     zp:_Zp+5
    \ 0df9 20....               jsr     `?L1916`
    \ 0dfc 20....               jsr     `?L1935`
    \ 0dff 85..                 sta     zp:_Zp+3
    \ 0e01 a9..                 lda     #.byte0 `_StringLiteral_Directory structure delete,`
    \ 0e03 85..                 sta     zp:_Zp
    \ 0e05 a9..                 lda     #.byte1 `_StringLiteral_Directory structure delete,`
    \ 0e07 20....               jsr     `?L1941`
    \ 0e0a 20....               jsr     `?L1922`
    \ 0e0d aa                   tax
    \ 0e0e f038                 beq     `?L514`
    \ 0e10 20....               jsr     `?L1969`
    \ 0e13 901f                 bcc     `?L568`
    \ 0e15 20....               jsr     `?L1916`
    \ 0e18 a9..                 lda     #.byte0 `_StringLiteral_not found`
    \ 0e1a 85..                 sta     zp:_Zp+4
    \ 0e1c a9..                 lda     #.byte1 `_StringLiteral_not found`
    \ 0e1e 85..                 sta     zp:_Zp+5
    \ 0e20 20....               jsr     `?L1935`
    \ 0e23 85..                 sta     zp:_Zp+3
    \ 0e25 a9..                 lda     #.byte0 `_StringLiteral_Directory `
    \ 0e27 85..                 sta     zp:_Zp
    \ 0e29 a9..                 lda     #.byte1 `_StringLiteral_Directory `
    \ 0e2b 85..                 sta     zp:_Zp+1
    \ 0e2d a904                 lda     #4
    \ 0e2f 20....               jsr     `?L1922`
    \ 0e32 8005                 bra     `?L569`
    \ 0e34          `?L568`:
    \ 0e34 a5..                 lda     zp:_Zp+26
    \ 0e36 20....               jsr     hyppo_rmdir
    \ 0e39          `?L569`:
    \ 0e39 a5..                 lda     zp:_Zp+26
    \ 0e3b 20....               jsr     hyppo_closedir
    \ 0e3e 8008                 bra     `?L514`
    \ 0e40          `?L510`:
    \ 0e40 20....               jsr     `?L2065`
    \ 0e43          `?L512`:
    \ 0e43 20....               jsr     `?L1994`
    \ 0e46 9015                 bcc     `?L511`
    \ 0e48          `?L514`:
    \ 0e48 a5..                 lda     zp:_Zp+24
    \ 0e4a 85..                 sta     zp:_Zp
    \ 0e4c          `?L1908`:
    \ 0e4c 20....               jsr     `?L1920`
    \ 0e4f 20....               jsr     `?L1961`
    \ 0e52          `?L475`:
    \ 0e52 a5..                 lda     zp:_Zp+30
    \ 0e54 85..                 sta     zp:_Zp+26
    \ 0e56 a5..                 lda     zp:_Zp+31
    \ 0e58 85..                 sta     zp:_Zp+27
    \ 0e5a 4c....               jmp     `?L331`
    \ 0e5d          `?L511`:
    \ 0e5d 20....               jsr     `?L1959`
    \ 0e60 20....               jsr     `?L1919`
    \ 0e63 f005                 beq     `?L1677`
    \ 0e65          `?L1678`:
    \ 0e65 20....               jsr     `?L1998`
    \ 0e68 d0fb                 bne     `?L1678`
    \ 0e6a          `?L1677`:
    \ 0e6a 20....               jsr     `?L1918`
    \ 0e6d 20....               jsr     `?L1965`
    \ 0e70 f30e01               lbeq    `?L513`
    \ 0e73 20....               jsr     `?L1951`
    \ 0e76 20....               jsr     `?L1942`
    \ 0e79 a9..                 lda     #.byte0 `_StringLiteral_Enter the new name, empty to skip:`
    \ 0e7b 85..                 sta     zp:_Zp+2
    \ 0e7d a9..                 lda     #.byte1 `_StringLiteral_Enter the new name, empty to skip:`
    \ 0e7f 20....               jsr     `?L1948`
    \ 0e82 a94a                 lda     #74
    \ 0e84 20....               jsr     `?L1921`
    \ 0e87 20....               jsr     strcpy
    \ 0e8a 20....               jsr     `?L1940`
    \ 0e8d a900                 lda     #0
    \ 0e8f 7d....               adc     midnight+1,x
    \ 0e92 20....               jsr     `?L1948`
    \ 0e95 a94a                 lda     #74
    \ 0e97 20....               jsr     `?L1921`
    \ 0e9a 20....               jsr     inputbox
    \ 0e9d a5..                 lda     zp:_Zp+24
    \ 0e9f 20....               jsr     `?L1915`
    \ 0ea2 a04a                 ldy     #74
    \ 0ea4 b1..                 lda     (_Zp),y
    \ 0ea6 f3d800               lbeq    `?L513`
    \ 0ea9 20....               jsr     `?L1935`
    \ 0eac 20....               jsr     `?L1948`
    \ 0eaf 98                   tya
    \ 0eb0 20....               jsr     `?L1921`
    \ 0eb3 20....               jsr     `?L2073`
    \ 0eb6 20....               jsr     `?L1959`
    \ 0eb9 85..                 sta     zp:_Zp+1
    \ 0ebb 85..                 sta     zp:_Zp+3
    \ 0ebd a5..                 lda     zp:_Zp+1
    \ 0ebf 85..                 sta     zp:_Zp+2
    \ 0ec1 a5..                 lda     zp:_Zp
    \ 0ec3 20....               jsr     `?L1941`
    \ 0ec6 85..                 sta     zp:_Zp
    \ 0ec8 4242a5..             ldq     zp:_Zp
    \ 0ecc 424285..             stq     zp:_Zp+4
    \ 0ed0 a905                 lda     #5
    \ 0ed2 aa                   tax
    \ 0ed3 f007                 beq     `?L1684`
    \ 0ed5          `?L1685`:
    \ 0ed5 424206..             aslq    zp:_Zp+4
    \ 0ed9 ca                   dex
    \ 0eda d0f9                 bne     `?L1685`
    \ 0edc          `?L1684`:
    \ 0edc 20....               jsr     _SpillZP
    \ 0edf 04..                 .byte   4,_Zp+4
    \ 0ee1 20....               jsr     _FillQ
    \ 0ee4 38                   sec
    \ 0ee5 4242e5..             sbcq    zp:_Zp
    \ 0ee9 20....               jsr     `?L2008`
    \ 0eec a920                 lda     #32
    \ 0eee 91..                 sta     (_Vsp),y
    \ 0ef0 a900                 lda     #0
    \ 0ef2 aa                   tax
    \ 0ef3 a308                 ldz     #8
    \ 0ef5 20....               jsr     `?L2016`
    \ 0ef8 48                   pha
    \ 0ef9 da                   phx
    \ 0efa 5a                   phy
    \ 0efb db                   phz
    \ 0efc 20....               jsr     `?L1951`
    \ 0eff a905                 lda     #5
    \ 0f01 aa                   tax
    \ 0f02 f006                 beq     `?L1688`
    \ 0f04          `?L1689`:
    \ 0f04 cb....               asw     _Zp
    \ 0f07 ca                   dex
    \ 0f08 d0fa                 bne     `?L1689`
    \ 0f0a a900     `?L1688`:   lda     #0
    \ 0f0c 85..                 sta     zp:_Zp+2
    \ 0f0e 85..                 sta     zp:_Zp+3
    \ 0f10 fb                   plz
    \ 0f11 7a                   ply
    \ 0f12 fa                   plx
    \ 0f13 68                   pla
    \ 0f14 20....               jsr     `?L2016`
    \ 0f17 424285..             stq     zp:_Zp+4
    \ 0f1b a5..                 lda     zp:_Zp+30
    \ 0f1d 85..                 sta     zp:_Zp
    \ 0f1f a5..                 lda     zp:_Zp+31
    \ 0f21 20....               jsr     `?L1941`
    \ 0f24 85..                 sta     zp:_Zp+2
    \ 0f26 85..                 sta     zp:_Zp+3
    \ 0f28 20....               jsr     `?L2056`
    \ 0f2b 20....               jsr     `?L2041`
    \ 0f2e d023                 bne     `?L522`
    \ 0f30 a5..                 lda     zp:_Zp+30
    \ 0f32 18                   clc
    \ 0f33 6905                 adc     #5
    \ 0f35 85..                 sta     zp:_Zp+4
    \ 0f37 a5..                 lda     zp:_Zp+31
    \ 0f39 6900                 adc     #0
    \ 0f3b 85..                 sta     zp:_Zp+5
    \ 0f3d a003                 ldy     #3
    \ 0f3f b1..                 lda     (_Zp+30),y
    \ 0f41 20....               jsr     `?L1956`
    \ 0f44 a5..                 lda     zp:_Zp+24
    \ 0f46 20....               jsr     `?L1936`
    \ 0f49 a000                 ldy     #0
    \ 0f4b b1..                 lda     (_Zp+6),y
    \ 0f4d 20....               jsr     `?L1928`
    \ 0f50 20....               jsr     renamedisk
    \ 0f53          `?L522`:
    \ 0f53 a5..                 lda     zp:_Zp+24
    \ 0f55 20....               jsr     `?L1915`
    \ 0f58 a049                 ldy     #73
    \ 0f5a b1..                 lda     (_Zp),y
    \ 0f5c 85..                 sta     zp:_Zp+4
    \ 0f5e a5..                 lda     zp:_Zp+24
    \ 0f60 20....               jsr     `?L1915`
    \ 0f63 88                   dey
    \ 0f64 b1..                 lda     (_Zp),y
    \ 0f66 85..                 sta     zp:_Zp+3
    \ 0f68 a5..                 lda     zp:_Zp+24
    \ 0f6a 20....               jsr     `?L1915`
    \ 0f6d 88                   dey
    \ 0f6e 20....               jsr     `?L1955`
    \ 0f71 a5..                 lda     zp:_Zp+24
    \ 0f73 20....               jsr     `?L1936`
    \ 0f76 a000                 ldy     #0
    \ 0f78 b1..                 lda     (_Zp+6),y
    \ 0f7a 20....               jsr     `?L1928`
    \ 0f7d 20....               jsr     rewritedirent
    \ 0f80          `?L513`:
    \ 0f80 e3..                 inw     zp:_Zp+26
    \ 0f82 4c....               jmp     `?L512`
    \ 0f85          `?L461`:
    \ 0f85 20....               jsr     `?L1959`
    \ 0f88 20....               jsr     `?L1919`
    \ 0f8b f005                 beq     `?L1695`
    \ 0f8d          `?L1696`:
    \ 0f8d 20....               jsr     `?L1998`
    \ 0f90 d0fb                 bne     `?L1696`
    \ 0f92          `?L1695`:
    \ 0f92 20....               jsr     `?L1918`
    \ 0f95 20....               jsr     `?L1965`
    \ 0f98 f034                 beq     `?L463`
    \ 0f9a 20....               jsr     `?L1959`
    \ 0f9d 20....               jsr     `?L1919`
    \ 0fa0 f005                 beq     `?L1698`
    \ 0fa2          `?L1699`:
    \ 0fa2 20....               jsr     `?L1998`
    \ 0fa5 d0fb                 bne     `?L1699`
    \ 0fa7          `?L1698`:
    \ 0fa7 20....               jsr     `?L1918`
    \ 0faa a5..                 lda     zp:_Zp+24
    \ 0fac 20....               jsr     `?L1915`
    \ 0faf 20....               jsr     `?L1934`
    \ 0fb2 4b                   taz
    \ 0fb3 a901                 lda     #1
    \ 0fb5 32..                 and     (_Zp+2),z
    \ 0fb7 d00d                 bne     `?L469`
    \ 0fb9 a5..                 lda     zp:_Zp+26
    \ 0fbb 85..                 sta     zp:_Zp
    \ 0fbd a5..                 lda     zp:_Zp+24
    \ 0fbf 20....               jsr     `?L1930`
    \ 0fc2 a5..                 lda     zp:_Zp
    \ 0fc4 91..                 sta     (_Zp+2),y
    \ 0fc6          `?L469`:
    \ 0fc6 20....               jsr     `?L1951`
    \ 0fc9 20....               jsr     `?L1942`
    \ 0fcc e6..                 inc     zp:_Zp+32
    \ 0fce          `?L463`:
    \ 0fce e3..                 inw     zp:_Zp+26
    \ 0fd0 4c....               jmp     `?L462`
    \ 0fd3          `?L387`:
    \ 0fd3 20....               jsr     sidbong
    \ 0fd6 4c....               jmp     `?L331`
    \ 0fd9          `?L422`:
    \ 0fd9 a5..                 lda     zp:_Zp+24
    \ 0fdb 0a                   asl     a
    \ 0fdc aa                   tax
    \ 0fdd 18                   clc
    \ 0fde a946                 lda     #70
    \ 0fe0 20....               jsr     `?L1921`
    \ 0fe3 a901                 lda     #1
    \ 0fe5 a300                 ldz     #0
    \ 0fe7 52..                 eor     (_Zp),z
    \ 0fe9 92..                 sta     (_Zp),z
    \ 0feb a5..                 lda     zp:_Zp+24
    \ 0fed 20....               jsr     `?L1915`
    \ 0ff0 a928                 lda     #40
    \ 0ff2 20....               jsr     `?L1996`
    \ 0ff5 20....               jsr     `?L1915`
    \ 0ff8 a901                 lda     #1
    \ 0ffa c8                   iny
    \ 0ffb 20....               jsr     `?L1997`
    \ 0ffe 20....               jsr     `?L1915`
    \ 1001 a950                 lda     #80
    \ 1003 c8                   iny
    \ 1004 20....               jsr     `?L1997`
    \ 1007 85..                 sta     zp:_Zp
    \ 1009 20....               jsr     `?L1920`
    \ 100c 20....               jsr     `?L1961`
    \ 100f 4c....               jmp     `?L331`
    \ 1012 a30a     `?L429`:    ldz     #10
    \ 1014 a5..                 lda     zp:_Zp+24
    \ 1016 20....               jsr     `?L1915`
    \ 1019 20....               jsr     `?L1934`
    \ 101c 85..                 sta     zp:_Zp
    \ 101e d4..                 cpz     zp:_Zp
    \ 1020 b00e                 bcs     `?L450`
    \ 1022 a5..                 lda     zp:_Zp+24
    \ 1024 20....               jsr     `?L1915`
    \ 1027 e3..                 inw     zp:_Zp
    \ 1029 b1..                 lda     (_Zp),y
    \ 102b 38                   sec
    \ 102c e90a                 sbc     #10
    \ 102e 8008                 bra     `?L1897`
    \ 1030          `?L450`:
    \ 1030 a5..                 lda     zp:_Zp+24
    \ 1032 20....               jsr     `?L1915`
    \ 1035 e3..                 inw     zp:_Zp
    \ 1037 98                   tya
    \ 1038          `?L1897`:
    \ 1038 91..                 sta     (_Zp),y
    \ 103a 4c....               jmp     `?L331`
    \ 103d          `?L433`:
    \ 103d a5..                 lda     zp:_Zp+24
    \ 103f 20....               jsr     `?L1915`
    \ 1042 e3..                 inw     zp:_Zp
    \ 1044 a000                 ldy     #0
    \ 1046 b1..                 lda     (_Zp),y
    \ 1048 f3c9f0               lbeq    `?L331`
    \ 104b a5..                 lda     zp:_Zp+24
    \ 104d 20....               jsr     `?L1915`
    \ 1050 20....               jsr     `?L1995`
    \ 1053 f05e                 beq     `?L440`
    \ 1055 a6..                 ldx     zp:_Zp+24
    \ 1057 86..                 stx     zp:_Zp
    \ 1059 98                   tya
    \ 105a 20....               jsr     `?L1919`
    \ 105d f005                 beq     `?L1705`
    \ 105f          `?L1706`:
    \ 105f 20....               jsr     `?L1998`
    \ 1062 d0fb                 bne     `?L1706`
    \ 1064          `?L1705`:
    \ 1064 20....               jsr     `?L1918`
    \ 1067 a5..                 lda     zp:_Zp+24
    \ 1069 20....               jsr     `?L1915`
    \ 106c 20....               jsr     `?L2052`
    \ 106f f042                 beq     `?L440`
    \ 1071 a5..                 lda     zp:_Zp+24
    \ 1073 20....               jsr     `?L1915`
    \ 1076 20....               jsr     `?L2053`
    \ 1079 c3..                 dew     zp:_Zp+2
    \ 107b a5..                 lda     zp:_Zp+24
    \ 107d 20....               jsr     `?L1915`
    \ 1080 20....               jsr     `?L2010`
    \ 1083 a5..                 lda     zp:_Zp+24
    \ 1085 20....               jsr     swapdirententry
    \ 1088 20....               jsr     `?L1961`
    \ 108b 20....               jsr     `?L1959`
    \ 108e 20....               jsr     `?L1919`
    \ 1091 f005                 beq     `?L1710`
    \ 1093          `?L1711`:
    \ 1093 20....               jsr     `?L1998`
    \ 1096 d0fb                 bne     `?L1711`
    \ 1098          `?L1710`:
    \ 1098 20....               jsr     `?L1918`
    \ 109b a5..                 lda     zp:_Zp+24
    \ 109d 20....               jsr     `?L1915`
    \ 10a0 20....               jsr     `?L1934`
    \ 10a3 3a                   dec     a
    \ 10a4 20....               jsr     `?L1983`
    \ 10a7 9002                 bcc     `?L1713`
    \ 10a9 e6..                 inc     zp:_Zp+3
    \ 10ab a901     `?L1713`:   lda     #1
    \ 10ad a300                 ldz     #0
    \ 10af 12..                 ora     (_Zp+2),z
    \ 10b1 92..                 sta     (_Zp+2),z
    \ 10b3          `?L440`:
    \ 10b3 a5..                 lda     zp:_Zp+24
    \ 10b5 20....               jsr     `?L1915`
    \ 10b8 e3..                 inw     zp:_Zp
    \ 10ba b1..                 lda     (_Zp),y
    \ 10bc 3a                   dec     a
    \ 10bd 91..                 sta     (_Zp),y
    \ 10bf 4c....               jmp     `?L331`
    \ 10c2          `?L399`:
    \ 10c2 a5..                 lda     zp:_Zp+24
    \ 10c4 20....               jsr     `?L1915`
    \ 10c7 20....               jsr     `?L1949`
    \ 10ca d006                 bne     `?L626`
    \ 10cc 20....               jsr     sidbong
    \ 10cf 4c....               jmp     `?L331`
    \ 10d2          `?L626`:
    \ 10d2 20....               jsr     `?L1959`
    \ 10d5 20....               jsr     `?L1919`
    \ 10d8 f005                 beq     `?L1716`
    \ 10da          `?L1717`:
    \ 10da 20....               jsr     `?L1998`
    \ 10dd d0fb                 bne     `?L1717`
    \ 10df          `?L1716`:
    \ 10df 20....               jsr     `?L1918`
    \ 10e2 a5..                 lda     zp:_Zp+24
    \ 10e4 20....               jsr     `?L1915`
    \ 10e7 20....               jsr     `?L1934`
    \ 10ea 20....               jsr     `?L1983`
    \ 10ed 9002                 bcc     `?L1719`
    \ 10ef e6..                 inc     zp:_Zp+3
    \ 10f1          `?L1719`:
    \ 10f1 20....               jsr     `?L2072`
    \ 10f4 a5..                 lda     zp:_Zp+24
    \ 10f6 20....               jsr     `?L1915`
    \ 10f9 20....               jsr     `?L1995`
    \ 10fc d315f0               lbne    `?L331`
    \ 10ff a5..                 lda     zp:_Zp+24
    \ 1101 20....               jsr     `?L1915`
    \ 1104 20....               jsr     `?L2011`
    \ 1107 92..                 sta     (_Zp),z
    \ 1109 4c....               jmp     `?L331`
    \ 110c          `?L394`:
    \ 110c 20....               jsr     `?L2000`
    \ 110f 20....               jsr     helpbox
    \ 1112 4c....               jmp     `?L331`
    \ 1115          `?L428`:
    \ 1115 a5..                 lda     zp:_Zp+24
    \ 1117 20....               jsr     `?L1915`
    \ 111a e3..                 inw     zp:_Zp
    \ 111c a90a                 lda     #10
    \ 111e a300                 ldz     #0
    \ 1120 18                   clc
    \ 1121 72..                 adc     (_Zp),z
    \ 1123 92..                 sta     (_Zp),z
    \ 1125 4c....               jmp     `?L331`
    \ 1128          `?L432`:
    \ 1128 a5..                 lda     zp:_Zp+24
    \ 112a 20....               jsr     `?L1915`
    \ 112d 20....               jsr     `?L1934`
    \ 1130 48                   pha
    \ 1131 20....               jsr     `?L2042`
    \ 1134 20....               jsr     `?L1931`
    \ 1137 e3..                 inw     zp:_Zp
    \ 1139 20....               jsr     `?L1934`
    \ 113c 85..                 sta     zp:_Zp
    \ 113e 68                   pla
    \ 113f c5..                 cmp     zp:_Zp
    \ 1141 b3d0ef               lbcs    `?L331`
    \ 1144 a5..                 lda     zp:_Zp+24
    \ 1146 20....               jsr     `?L1915`
    \ 1149 20....               jsr     `?L1995`
    \ 114c f05b                 beq     `?L447`
    \ 114e a6..                 ldx     zp:_Zp+24
    \ 1150 86..                 stx     zp:_Zp
    \ 1152 98                   tya
    \ 1153 20....               jsr     `?L1919`
    \ 1156 f005                 beq     `?L1723`
    \ 1158          `?L1724`:
    \ 1158 20....               jsr     `?L1998`
    \ 115b d0fb                 bne     `?L1724`
    \ 115d          `?L1723`:
    \ 115d 20....               jsr     `?L1918`
    \ 1160 a5..                 lda     zp:_Zp+24
    \ 1162 20....               jsr     `?L1915`
    \ 1165 20....               jsr     `?L2052`
    \ 1168 f03f                 beq     `?L447`
    \ 116a a5..                 lda     zp:_Zp+24
    \ 116c 20....               jsr     `?L1915`
    \ 116f 20....               jsr     `?L2053`
    \ 1172 e3..                 inw     zp:_Zp+2
    \ 1174 a5..                 lda     zp:_Zp+24
    \ 1176 20....               jsr     `?L1915`
    \ 1179 20....               jsr     `?L2010`
    \ 117c a5..                 lda     zp:_Zp+24
    \ 117e 20....               jsr     swapdirententry
    \ 1181 20....               jsr     `?L1961`
    \ 1184 20....               jsr     `?L1959`
    \ 1187 20....               jsr     `?L1919`
    \ 118a f005                 beq     `?L1728`
    \ 118c          `?L1729`:
    \ 118c 20....               jsr     `?L1998`
    \ 118f d0fb                 bne     `?L1729`
    \ 1191          `?L1728`:
    \ 1191 20....               jsr     `?L1918`
    \ 1194 a5..                 lda     zp:_Zp+24
    \ 1196 20....               jsr     `?L1915`
    \ 1199 20....               jsr     `?L2011`
    \ 119c 20....               jsr     `?L1983`
    \ 119f 9002                 bcc     `?L1731`
    \ 11a1 e6..                 inc     zp:_Zp+3
    \ 11a3 a901     `?L1731`:   lda     #1
    \ 11a5 12..                 ora     (_Zp+2),z
    \ 11a7 92..                 sta     (_Zp+2),z
    \ 11a9          `?L447`:
    \ 11a9 a5..                 lda     zp:_Zp+24
    \ 11ab 20....               jsr     `?L1915`
    \ 11ae 20....               jsr     `?L2011`
    \ 11b1 92..                 sta     (_Zp),z
    \ 11b3 4c....               jmp     `?L331`
    \ 11b6          `?L398`:
    \ 11b6 a5..                 lda     zp:_Zp+24
    \ 11b8 20....               jsr     `?L1915`
    \ 11bb 20....               jsr     `?L1934`
    \ 11be 85..                 sta     zp:_Zp
    \ 11c0 98                   tya
    \ 11c1 20....               jsr     `?L1967`
    \ 11c4 a6..                 ldx     zp:_Zp+24
    \ 11c6 86..                 stx     zp:_Zp+4
    \ 11c8 a900                 lda     #0
    \ 11ca 85..                 sta     zp:_Zp+5
    \ 11cc 85..                 sta     zp:_Zp+6
    \ 11ce 85..                 sta     zp:_Zp+7
    \ 11d0 a90a                 lda     #10
    \ 11d2 aa                   tax
    \ 11d3 f007                 beq     `?L1734`
    \ 11d5          `?L1735`:
    \ 11d5 424206..             aslq    zp:_Zp+4
    \ 11d9 ca                   dex
    \ 11da d0f9                 bne     `?L1735`
    \ 11dc          `?L1734`:
    \ 11dc 4242a5..             ldq     zp:_Zp+4
    \ 11e0 424285..             stq     zp:_Zp
    \ 11e4 424206..             aslq    zp:_Zp+4
    \ 11e8 424206..             aslq    zp:_Zp+4
    \ 11ec 4242a5..             ldq     zp:_Zp+4
    \ 11f0 20....               jsr     `?L2016`
    \ 11f3 20....               jsr     `?L2008`
    \ 11f6 a940                 lda     #64
    \ 11f8 91..                 sta     (_Vsp),y
    \ 11fa a9..                 lda     #.byte0 lfnname
    \ 11fc a2..                 ldx     #.byte1 lfnname
    \ 11fe a300                 ldz     #0
    \ 1200 424285..             stq     zp:_Zp+4
    \ 1204 a900                 lda     #0
    \ 1206 a23e                 ldx     #62
    \ 1208 a308                 ldz     #8
    \ 120a 20....               jsr     `?L2016`
    \ 120d 48                   pha
    \ 120e da                   phx
    \ 120f 5a                   phy
    \ 1210 db                   phz
    \ 1211 a5..                 lda     zp:_Zp+24
    \ 1213 20....               jsr     `?L1915`
    \ 1216 20....               jsr     `?L1934`
    \ 1219 85..                 sta     zp:_Zp
    \ 121b 98                   tya
    \ 121c 85..                 sta     zp:_Zp+1
    \ 121e a906                 lda     #6
    \ 1220 aa                   tax
    \ 1221 f006                 beq     `?L1738`
    \ 1223          `?L1739`:
    \ 1223 cb....               asw     _Zp
    \ 1226 ca                   dex
    \ 1227 d0fa                 bne     `?L1739`
    \ 1229          `?L1738`:
    \ 1229 a5..                 lda     zp:_Zp+1
    \ 122b 097f                 ora     #127
    \ 122d 3001                 bmi     `?L1741`
    \ 122f 98                   tya
    \ 1230          `?L1741`:
    \ 1230 85..                 sta     zp:_Zp+2
    \ 1232 85..                 sta     zp:_Zp+3
    \ 1234 fb                   plz
    \ 1235 7a                   ply
    \ 1236 fa                   plx
    \ 1237 68                   pla
    \ 1238 20....               jsr     `?L2016`
    \ 123b 424285..             stq     zp:_Zp
    \ 123f 20....               jsr     `?L2056`
    \ 1242 a5..                 lda     zp:_Zp+24
    \ 1244 20....               jsr     `?L1915`
    \ 1247 98                   tya
    \ 1248 a346                 ldz     #70
    \ 124a 32..                 and     (_Zp),z
    \ 124c d39700               lbne    `?L633`
    \ 124f a910                 lda     #16
    \ 1251 a302                 ldz     #2
    \ 1253 32..                 and     (_Zp+26),z
    \ 1255 f02b                 beq     `?L636`
    \ 1257 20....               jsr     `?L1984`
    \ 125a 20....               jsr     `?L2054`
    \ 125d b016                 bcs     `?L639`
    \ 125f 20....               jsr     `?L1916`
    \ 1262 20....               jsr     `?L1982`
    \ 1265 a9..                 lda     #.byte0 `_StringLiteral_Storage card change directory,`
    \ 1267 85..                 sta     zp:_Zp
    \ 1269 a9..                 lda     #.byte1 `_StringLiteral_Storage card change directory,`
    \ 126b 85..                 sta     zp:_Zp+1
    \ 126d a904                 lda     #4
    \ 126f 20....               jsr     `?L1922`
    \ 1272 4c....               jmp     `?L331`
    \ 1275          `?L639`:
    \ 1275 a5..                 lda     zp:_Zp+24
    \ 1277 85..                 sta     zp:_Zp
    \ 1279 20....               jsr     `?L1920`
    \ 127c 20....               jsr     `?L1961`
    \ 127f 4c....               jmp     `?L331`
    \ 1282          `?L636`:
    \ 1282 a5..                 lda     zp:_Zp+24
    \ 1284 20....               jsr     `?L1915`
    \ 1287 88                   dey
    \ 1288 b1..                 lda     (_Zp),y
    \ 128a f014                 beq     `?L642`
    \ 128c 20....               jsr     `?L1984`
    \ 128f ad....               lda     legacyHDOSstate
    \ 1292 d007                 bne     `?L830`
    \ 1294 a901                 lda     #1
    \ 1296 20....               jsr     hyppo_dos_attach
    \ 1299 8017                 bra     `?L1880`
    \ 129b          `?L830`:
    \ 129b 20....               jsr     hyppo_d81attach1
    \ 129e 8012                 bra     `?L1880`
    \ 12a0          `?L642`:
    \ 12a0 20....               jsr     `?L1984`
    \ 12a3 ad....               lda     legacyHDOSstate
    \ 12a6 d007                 bne     `?L827`
    \ 12a8 a900                 lda     #0
    \ 12aa 20....               jsr     hyppo_dos_attach
    \ 12ad 8003                 bra     `?L1880`
    \ 12af          `?L827`:
    \ 12af 20....               jsr     hyppo_d81attach0
    \ 12b2          `?L1880`:
    \ 12b2 85..                 sta     zp:_Zp
    \ 12b4 a34a                 ldz     #74
    \ 12b6 d4..                 cpz     zp:_Zp
    \ 12b8 b01c                 bcs     `?L645`
    \ 12ba 20....               jsr     `?L1916`
    \ 12bd a9..                 lda     #.byte0 lfnname
    \ 12bf 85..                 sta     zp:_Zp+4
    \ 12c1 a9..                 lda     #.byte1 lfnname
    \ 12c3 85..                 sta     zp:_Zp+5
    \ 12c5 a9..                 lda     #.byte0 `_StringLiteral_mount failed for`
    \ 12c7 85..                 sta     zp:_Zp+2
    \ 12c9 a9..                 lda     #.byte1 `_StringLiteral_mount failed for`
    \ 12cb 85..                 sta     zp:_Zp+3
    \ 12cd a9..                 lda     #.byte0 `_StringLiteral_Storage card mounting,`
    \ 12cf 85..                 sta     zp:_Zp
    \ 12d1 a9..                 lda     #.byte1 `_StringLiteral_Storage card mounting,`
    \ 12d3 4c....               jmp     `?L1914`
    \ 12d6          `?L645`:
    \ 12d6 a5..                 lda     zp:_Zp+24
    \ 12d8 0a                   asl     a
    \ 12d9 aa                   tax
    \ 12da 18                   clc
    \ 12db a946                 lda     #70
    \ 12dd 20....               jsr     `?L1921`
    \ 12e0 20....               jsr     `?L1962`
    \ 12e3 804c                 bra     `?L1905`
    \ 12e5 a90f     `?L633`:    lda     #15
    \ 12e7 a302                 ldz     #2
    \ 12e9 32..                 and     (_Zp+26),z
    \ 12eb c905                 cmp     #5
    \ 12ed d04f                 bne     `?L648`
    \ 12ef a5..                 lda     zp:_Zp+24
    \ 12f1 20....               jsr     `?L1915`
    \ 12f4 e3..                 inw     zp:_Zp
    \ 12f6 e3..                 inw     zp:_Zp
    \ 12f8 88                   dey
    \ 12f9 b1..                 lda     (_Zp),y
    \ 12fb 1a                   inc     a
    \ 12fc f040                 beq     `?L648`
    \ 12fe a5..                 lda     zp:_Zp+24
    \ 1300 20....               jsr     `?L1915`
    \ 1303 a003                 ldy     #3
    \ 1305 b1..                 lda     (_Zp+26),y
    \ 1307 20....               jsr     `?L1996`
    \ 130a 20....               jsr     `?L1915`
    \ 130d a003                 ldy     #3
    \ 130f b1..                 lda     (_Zp+26),y
    \ 1311 a048                 ldy     #72
    \ 1313 91..                 sta     (_Zp),y
    \ 1315 a01e                 ldy     #30
    \ 1317 b1..                 lda     (_Zp+26),y
    \ 1319 85..                 sta     zp:_Zp
    \ 131b c8                   iny
    \ 131c b1..                 lda     (_Zp+26),y
    \ 131e 20....               jsr     `?L2014`
    \ 1321 1b                   inz
    \ 1322 18                   clc
    \ 1323 72..                 adc     (_Zp+26),z
    \ 1325 48                   pha
    \ 1326 20....               jsr     `?L2042`
    \ 1329 20....               jsr     `?L1931`
    \ 132c 68                   pla
    \ 132d a049                 ldy     #73
    \ 132f 91..                 sta     (_Zp),y
    \ 1331          `?L1905`:
    \ 1331 a5..                 lda     zp:_Zp+24
    \ 1333 85..                 sta     zp:_Zp
    \ 1335 20....               jsr     `?L1920`
    \ 1338 20....               jsr     `?L1961`
    \ 133b 4c....               jmp     `?L331`
    \ 133e          `?L648`:
    \ 133e 20....               jsr     sidbong
    \ 1341 a5..                 lda     zp:_Zp+24
    \ 1343 20....               jsr     `?L1915`
    \ 1346 e3..                 inw     zp:_Zp
    \ 1348 20....               jsr     `?L1934`
    \ 134b 1a                   inc     a
    \ 134c f3c5ed               lbeq    `?L331`
    \ 134f 20....               jsr     `?L1916`
    \ 1352 20....               jsr     `?L1929`
    \ 1355 a9..                 lda     #.byte0 `_StringLiteral_is not yet implemented.`
    \ 1357 85..                 sta     zp:_Zp+2
    \ 1359 a9..                 lda     #.byte1 `_StringLiteral_is not yet implemented.`
    \ 135b 85..                 sta     zp:_Zp+3
    \ 135d a9..                 lda     #.byte0 `_StringLiteral_This file type/directory`
    \ 135f 85..                 sta     zp:_Zp
    \ 1361 a9..                 lda     #.byte1 `_StringLiteral_This file type/directory`
    \ 1363          `?L1914`:
    \ 1363 85..                 sta     zp:_Zp+1
    \ 1365 a904                 lda     #4
    \ 1367 20....               jsr     `?L1922`
    \ 136a 4c....               jmp     `?L331`
    \ 136d          `?L425`:
    \ 136d a5..                 lda     zp:_Zp+24
    \ 136f d004                 bne     `?L703`
    \ 1371 a901                 lda     #1
    \ 1373 8002                 bra     `?L1877`
    \ 1375 a900     `?L703`:    lda     #0
    \ 1377          `?L1877`:
    \ 1377 85..                 sta     zp:_Zp
    \ 1379 a900                 lda     #0
    \ 137b 85..                 sta     zp:_Zp+1
    \ 137d a5..                 lda     zp:_Zp
    \ 137f 85..                 sta     zp:_Zp+24
    \ 1381 4c....               jmp     `?L331`
    \ 1384          `?L402`:
    \ 1384 a5..                 lda     zp:_Zp+24
    \ 1386 20....               jsr     `?L1915`
    \ 1389 20....               jsr     `?L1949`
    \ 138c d063                 bne     `?L612`
    \ 138e 20....               jsr     `?L2066`
    \ 1391          `?L616`:
    \ 1391 a5..                 lda     zp:_Zp+24
    \ 1393 20....               jsr     `?L1915`
    \ 1396 e3..                 inw     zp:_Zp
    \ 1398 20....               jsr     `?L1934`
    \ 139b c5..                 cmp     zp:_Zp+28
    \ 139d 98                   tya
    \ 139e e5..                 sbc     zp:_Zp+29
    \ 13a0 9371ed               lbcc    `?L331`
    \ 13a3 a5..                 lda     zp:_Zp+28
    \ 13a5 85..                 sta     zp:_Zp
    \ 13a7 a5..                 lda     zp:_Zp+29
    \ 13a9 20....               jsr     `?L1967`
    \ 13ac a910                 lda     #16
    \ 13ae a302                 ldz     #2
    \ 13b0 32..                 and     (_Zp+26),z
    \ 13b2 f039                 beq     `?L617`
    \ 13b4 a005                 ldy     #5
    \ 13b6 b1..                 lda     (_Zp+26),y
    \ 13b8 c92e                 cmp     #46
    \ 13ba d031                 bne     `?L617`
    \ 13bc c8                   iny
    \ 13bd b1..                 lda     (_Zp+26),y
    \ 13bf c92e                 cmp     #46
    \ 13c1 d02a                 bne     `?L617`
    \ 13c3 20....               jsr     `?L2039`
    \ 13c6 20....               jsr     hyppo_setname
    \ 13c9 20....               jsr     `?L2054`
    \ 13cc b015                 bcs     `?L622`
    \ 13ce 20....               jsr     `?L1916`
    \ 13d1 20....               jsr     `?L1982`
    \ 13d4 a9..                 lda     #.byte0 `_StringLiteral_Storage card parent directory,`
    \ 13d6 85..                 sta     zp:_Zp
    \ 13d8 a9..                 lda     #.byte1 `_StringLiteral_Storage card parent directory,`
    \ 13da 85..                 sta     zp:_Zp+1
    \ 13dc a904                 lda     #4
    \ 13de 20....               jsr     `?L1922`
    \ 13e1 800a                 bra     `?L617`
    \ 13e3          `?L622`:
    \ 13e3 a5..                 lda     zp:_Zp+24
    \ 13e5 85..                 sta     zp:_Zp
    \ 13e7 20....               jsr     `?L1920`
    \ 13ea 20....               jsr     `?L1961`
    \ 13ed          `?L617`:
    \ 13ed e3..                 inw     zp:_Zp+28
    \ 13ef 80a0                 bra     `?L616`
    \ 13f1          `?L612`:
    \ 13f1 a5..                 lda     zp:_Zp+24
    \ 13f3 20....               jsr     `?L1915`
    \ 13f6 a928                 lda     #40
    \ 13f8 20....               jsr     `?L1996`
    \ 13fb 20....               jsr     `?L1915`
    \ 13fe a901                 lda     #1
    \ 1400 c8                   iny
    \ 1401 20....               jsr     `?L1997`
    \ 1404 20....               jsr     `?L1915`
    \ 1407 a950                 lda     #80
    \ 1409 c8                   iny
    \ 140a 20....               jsr     `?L1997`
    \ 140d 85..                 sta     zp:_Zp
    \ 140f 20....               jsr     `?L1920`
    \ 1412 20....               jsr     `?L1961`
    \ 1415 4c....               jmp     `?L331`
    \ 1418          `?L382`:
    \ 1418 20....               jsr     sidbong
    \ 141b 4c....               jmp     `?L331`
    \ 141e          `?L334`:
    \ 141e a5..                 lda     zp:_Zp+30
    \ 1420 20....               jsr     `?L1915`
    \ 1423 e3..                 inw     zp:_Zp
    \ 1425 20....               jsr     `?L1934`
    \ 1428 48                   pha
    \ 1429 a6..                 ldx     zp:_Zp+30
    \ 142b 20....               jsr     `?L2043`
    \ 142e 20....               jsr     `?L1931`
    \ 1431 20....               jsr     `?L1934`
    \ 1434 85..                 sta     zp:_Zp
    \ 1436 68                   pla
    \ 1437 c5..                 cmp     zp:_Zp
    \ 1439 b012                 bcs     `?L339`
    \ 143b a5..                 lda     zp:_Zp+30
    \ 143d 20....               jsr     `?L1930`
    \ 1440 e3..                 inw     zp:_Zp+2
    \ 1442 a5..                 lda     zp:_Zp+30
    \ 1444 20....               jsr     `?L1915`
    \ 1447 e3..                 inw     zp:_Zp
    \ 1449 b1..                 lda     (_Zp+2),y
    \ 144b 91..                 sta     (_Zp),y
    \ 144d          `?L339`:
    \ 144d a5..                 lda     zp:_Zp+30
    \ 144f 20....               jsr     `?L1915`
    \ 1452 e3..                 inw     zp:_Zp
    \ 1454 e3..                 inw     zp:_Zp
    \ 1456 b1..                 lda     (_Zp),y
    \ 1458 1a                   inc     a
    \ 1459 d00a                 bne     `?L342`
    \ 145b a5..                 lda     zp:_Zp+30
    \ 145d 20....               jsr     `?L1915`
    \ 1460 e3..                 inw     zp:_Zp
    \ 1462 98                   tya
    \ 1463 91..                 sta     (_Zp),y
    \ 1465          `?L342`:
    \ 1465 a5..                 lda     zp:_Zp+30
    \ 1467 85..                 sta     zp:_Zp+2
    \ 1469 a5..                 lda     zp:_Zp+31
    \ 146b 20....               jsr     `?L1972`
    \ 146e 85..                 sta     zp:_Zp+28
    \ 1470 98                   tya
    \ 1471 85..                 sta     zp:_Zp+6
    \ 1473 a901                 lda     #1
    \ 1475 85..                 sta     zp:_Zp+5
    \ 1477 85..                 sta     zp:_Zp+4
    \ 1479 a903                 lda     #3
    \ 147b 85..                 sta     zp:_Zp+3
    \ 147d a917                 lda     #23
    \ 147f 85..                 sta     zp:_Zp+2
    \ 1481 a5..                 lda     zp:_Zp+28
    \ 1483 85..                 sta     zp:_Zp
    \ 1485 a927                 lda     #39
    \ 1487 18                   clc
    \ 1488 65..                 adc     zp:_Zp
    \ 148a 85..                 sta     zp:_Zp+1
    \ 148c 98                   tya
    \ 148d 85..                 sta     zp:_Zp
    \ 148f a5..                 lda     zp:_Zp+28
    \ 1491 20....               jsr     mcbox
    \ 1494 a901                 lda     #1
    \ 1496 20....               jsr     revers
    \ 1499 20....               jsr     `?L2050`
    \ 149c 20....               jsr     `?L2004`
    \ 149f a5..                 lda     zp:_Zp+30
    \ 14a1 85..                 sta     zp:_Zp+2
    \ 14a3 a5..                 lda     zp:_Zp+31
    \ 14a5 20....               jsr     `?L1932`
    \ 14a8 18                   clc
    \ 14a9 69..                 adc     #.byte0 disknames
    \ 14ab 85..                 sta     zp:_Zp
    \ 14ad a900                 lda     #0
    \ 14af 69..                 adc     #.byte1 disknames
    \ 14b1 85..                 sta     zp:_Zp+1
    \ 14b3 20....               jsr     `?L2031`
    \ 14b6 a5..                 lda     zp:_Zp+30
    \ 14b8 20....               jsr     `?L1915`
    \ 14bb 20....               jsr     `?L1949`
    \ 14be f01e                 beq     `?L345`
    \ 14c0 20....               jsr     wherex
    \ 14c3 1a                   inc     a
    \ 14c4 85..                 sta     zp:_Zp+1
    \ 14c6 20....               jsr     `?L2050`
    \ 14c9 85..                 sta     zp:_Zp
    \ 14cb a5..                 lda     zp:_Zp+1
    \ 14cd 20....               jsr     mcputsxy
    \ 14d0 a5..                 lda     zp:_Zp+30
    \ 14d2 20....               jsr     `?L1915`
    \ 14d5 e3..                 inw     zp:_Zp
    \ 14d7 e3..                 inw     zp:_Zp
    \ 14d9 e3..                 inw     zp:_Zp
    \ 14db 20....               jsr     `?L2031`
    \ 14de          `?L345`:
    \ 14de a9..                 lda     #.byte0 `_StringLiteral_ drv:`
    \ 14e0 85..                 sta     zp:_Zp+2
    \ 14e2 a9..                 lda     #.byte1 `_StringLiteral_ drv:`
    \ 14e4 85..                 sta     zp:_Zp+3
    \ 14e6 a917                 lda     #23
    \ 14e8 20....               jsr     `?L2004`
    \ 14eb a900                 lda     #0
    \ 14ed 85..                 sta     zp:_Zp+4
    \ 14ef a5..                 lda     zp:_Zp+30
    \ 14f1 20....               jsr     `?L1915`
    \ 14f4 a000                 ldy     #0
    \ 14f6 b1..                 lda     (_Zp),y
    \ 14f8 85..                 sta     zp:_Zp
    \ 14fa 98                   tya
    \ 14fb 85..                 sta     zp:_Zp+1
    \ 14fd 20....               jsr     `?L2077`
    \ 1500 a920                 lda     #32
    \ 1502 20....               jsr     cputc
    \ 1505 a5..                 lda     zp:_Zp+30
    \ 1507 20....               jsr     `?L1915`
    \ 150a e3..                 inw     zp:_Zp
    \ 150c 20....               jsr     `?L1934`
    \ 150f 1a                   inc     a
    \ 1510 d01a                 bne     `?L347`
    \ 1512 a9..                 lda     #.byte0 `_StringLiteral_ empty `
    \ 1514 85..                 sta     zp:_Zp+2
    \ 1516 a9..                 lda     #.byte1 `_StringLiteral_ empty `
    \ 1518 85..                 sta     zp:_Zp+3
    \ 151a a903                 lda     #3
    \ 151c 85..                 sta     zp:_Zp
    \ 151e a5..                 lda     zp:_Zp+28
    \ 1520 85..                 sta     zp:_Zp+1
    \ 1522 a911                 lda     #17
    \ 1524 18                   clc
    \ 1525 65..                 adc     zp:_Zp+1
    \ 1527 20....               jsr     mcputsxy
    \ 152a 803b                 bra     `?L348`
    \ 152c          `?L347`:
    \ 152c a5..                 lda     zp:_Zp+24
    \ 152e 38                   sec
    \ 152f e5..                 sbc     zp:_Zp+30
    \ 1531 05..                 ora     zp:_Zp+31
    \ 1533 f003                 beq     `?L691`
    \ 1535 98                   tya
    \ 1536 8002                 bra     `?L1879`
    \ 1538 a901     `?L691`:    lda     #1
    \ 153a          `?L1879`:
    \ 153a 85..                 sta     zp:_Zp+8
    \ 153c a5..                 lda     zp:_Zp+30
    \ 153e 20....               jsr     `?L1915`
    \ 1541 e3..                 inw     zp:_Zp
    \ 1543 e3..                 inw     zp:_Zp
    \ 1545 b1..                 lda     (_Zp),y
    \ 1547 85..                 sta     zp:_Zp+4
    \ 1549 a5..                 lda     zp:_Zp+30
    \ 154b 20....               jsr     `?L1915`
    \ 154e e3..                 inw     zp:_Zp
    \ 1550 b1..                 lda     (_Zp),y
    \ 1552 85..                 sta     zp:_Zp+3
    \ 1554 a901                 lda     #1
    \ 1556 85..                 sta     zp:_Zp+2
    \ 1558 a5..                 lda     zp:_Zp+28
    \ 155a 85..                 sta     zp:_Zp+1
    \ 155c e6..                 inc     zp:_Zp+1
    \ 155e a5..                 lda     zp:_Zp+30
    \ 1560 85..                 sta     zp:_Zp
    \ 1562 a5..                 lda     zp:_Zp+8
    \ 1564 20....               jsr     listbox
    \ 1567          `?L348`:
    \ 1567 a5..                 lda     zp:_Zp+30
    \ 1569 20....               jsr     `?L1915`
    \ 156c a901                 lda     #1
    \ 156e a044                 ldy     #68
    \ 1570 51..                 eor     (_Zp),y
    \ 1572 c8                   iny
    \ 1573 31..                 and     (_Zp),y
    \ 1575 1a                   inc     a
    \ 1576 d02d                 bne     `?L350`
    \ 1578 a901                 lda     #1
    \ 157a 20....               jsr     blink
    \ 157d a908                 lda     #8
    \ 157f 20....               jsr     textcolor
    \ 1582 a9..                 lda     #.byte0 `_StringLiteral_ disk access error `
    \ 1584 85..                 sta     zp:_Zp+2
    \ 1586 a9..                 lda     #.byte1 `_StringLiteral_ disk access error `
    \ 1588 20....               jsr     `?L1950`
    \ 158b a900                 lda     #0
    \ 158d 20....               jsr     blink
    \ 1590 20....               jsr     sidbong
    \ 1593 a5..                 lda     zp:_Zp+30
    \ 1595 20....               jsr     `?L1915`
    \ 1598 a044                 ldy     #68
    \ 159a a9ff                 lda     #255
    \ 159c 91..                 sta     (_Zp),y
    \ 159e c8                   iny
    \ 159f a9ff                 lda     #255
    \ 15a1 91..                 sta     (_Zp),y
    \ 15a3 8045                 bra     `?L351`
    \ 15a5          `?L350`:
    \ 15a5 a5..                 lda     zp:_Zp+30
    \ 15a7 20....               jsr     `?L1915`
    \ 15aa 88                   dey
    \ 15ab b1..                 lda     (_Zp),y
    \ 15ad c8                   iny
    \ 15ae 31..                 and     (_Zp),y
    \ 15b0 1a                   inc     a
    \ 15b1 f02e                 beq     `?L353`
    \ 15b3 a9..                 lda     #.byte0 `_StringLiteral_ `
    \ 15b5 85..                 sta     zp:_Zp+2
    \ 15b7 a9..                 lda     #.byte1 `_StringLiteral_ `
    \ 15b9 20....               jsr     `?L1950`
    \ 15bc a900                 lda     #0
    \ 15be 85..                 sta     zp:_Zp+4
    \ 15c0 a5..                 lda     zp:_Zp+30
    \ 15c2 20....               jsr     `?L1936`
    \ 15c5 a344                 ldz     #68
    \ 15c7 b2..                 lda     (_Zp+6),z
    \ 15c9 85..                 sta     zp:_Zp
    \ 15cb 1b                   inz
    \ 15cc b2..                 lda     (_Zp+6),z
    \ 15ce 20....               jsr     `?L1941`
    \ 15d1 20....               jsr     `?L2077`
    \ 15d4 a9..                 lda     #.byte0 `_StringLiteral_ blocks free `
    \ 15d6 85..                 sta     zp:_Zp
    \ 15d8 a9..                 lda     #.byte1 `_StringLiteral_ blocks free `
    \ 15da 85..                 sta     zp:_Zp+1
    \ 15dc 20....               jsr     msprintf
    \ 15df 8009                 bra     `?L351`
    \ 15e1          `?L353`:
    \ 15e1 a9..                 lda     #.byte0 `_StringLiteral_ F11 to mount real drive `
    \ 15e3 85..                 sta     zp:_Zp+2
    \ 15e5 a9..                 lda     #.byte1 `_StringLiteral_ F11 to mount real drive `
    \ 15e7 20....               jsr     `?L1950`
    \ 15ea          `?L351`:
    \ 15ea 20....               jsr     `?L1980`
    \ 15ed e3..                 inw     zp:_Zp+30
    \ 15ef 4c....               jmp     `?L335`
    \ 15f2          `?L306`:
1698                    }
1699                  }
1700                }
    \ 15f2 a203                 ldx     #3
    \ 15f4 a008                 ldy     #8
    \ 15f6 4c....               jmp     _DeallocStackRestore
    \ 15f9          `?L316`:
    \ 15f9 e3..                 inw     zp:_Zp+28
    \ 15fb 4c....               jmp     `?L315`
    \ 15fe          `?L307`:
    \ 15fe a5..                 lda     zp:_Zp+28
    \ 1600 85..                 sta     zp:_Zp
    \ 1602 a5..                 lda     zp:_Zp+28
    \ 1604 0a                   asl     a
    \ 1605 aa                   tax
    \ 1606 bd....               lda     midnight,x
    \ 1609 85..                 sta     zp:_Zp+2
    \ 160b bd....               lda     midnight+1,x
    \ 160e 85..                 sta     zp:_Zp+3
    \ 1610 a5..                 lda     zp:_Zp
    \ 1612 a000                 ldy     #0
    \ 1614 91..                 sta     (_Zp+2),y
    \ 1616 a9..                 lda     #.byte0 `_StringLiteral_already mounted`
    \ 1618 85..                 sta     zp:_Zp+2
    \ 161a a9..                 lda     #.byte1 `_StringLiteral_already mounted`
    \ 161c 85..                 sta     zp:_Zp+3
    \ 161e a5..                 lda     zp:_Zp+28
    \ 1620 20....               jsr     `?L1915`
    \ 1623 e3..                 inw     zp:_Zp
    \ 1625 e3..                 inw     zp:_Zp
    \ 1627 e3..                 inw     zp:_Zp
    \ 1629 20....               jsr     strcpy
    \ 162c a5..                 lda     zp:_Zp+28
    \ 162e 20....               jsr     `?L1915`
    \ 1631 a928                 lda     #40
    \ 1633 a047                 ldy     #71
    \ 1635 91..                 sta     (_Zp),y
    \ 1637 a5..                 lda     zp:_Zp+28
    \ 1639 20....               jsr     `?L1915`
    \ 163c a901                 lda     #1
    \ 163e c8                   iny
    \ 163f 91..                 sta     (_Zp),y
    \ 1641 a5..                 lda     zp:_Zp+28
    \ 1643 20....               jsr     `?L1915`
    \ 1646 a950                 lda     #80
    \ 1648 c8                   iny
    \ 1649 91..                 sta     (_Zp),y
    \ 164b a5..                 lda     zp:_Zp+28
    \ 164d 20....               jsr     `?L1915`
    \ 1650 e3..                 inw     zp:_Zp
    \ 1652 a900                 lda     #0
    \ 1654 a000                 ldy     #0
    \ 1656 91..                 sta     (_Zp),y
    \ 1658 a5..                 lda     zp:_Zp+28
    \ 165a 0a                   asl     a
    \ 165b aa                   tax
    \ 165c 18                   clc
    \ 165d a946                 lda     #70
    \ 165f 20....               jsr     `?L1985`
    \ 1662 20....               jsr     `?L1962`
    \ 1665 a901                 lda     #1
    \ 1667 45..                 eor     zp:_Zp+28
    \ 1669 05..                 ora     zp:_Zp+29
    \ 166b d027                 bne     `?L312`
    \ 166d ad....               lda     legacyHDOSstate
    \ 1670 d022                 bne     `?L312`
    \ 1672 a5..                 lda     zp:_Zp+28
    \ 1674 20....               jsr     `?L1915`
    \ 1677 20....               jsr     `?L1949`
    \ 167a f018                 beq     `?L312`
    \ 167c ad8bd6               lda     0xd68b
    \ 167f 8908                 bit     #8
    \ 1681 d011                 bne     `?L312`
    \ 1683 a5..                 lda     zp:_Zp+28
    \ 1685 0a                   asl     a
    \ 1686 aa                   tax
    \ 1687 18                   clc
    \ 1688 6b                   tza
    \ 1689 20....               jsr     `?L1985`
    \ 168c a9fe                 lda     #-2
    \ 168e a300                 ldz     #0
    \ 1690 32..                 and     (_Zp),z
    \ 1692 92..                 sta     (_Zp),z
    \ 1694          `?L312`:
    \ 1694 20....               jsr     `?L1916`
    \ 1697 20....               jsr     `?L1929`
    \ 169a a9..                 lda     #.byte0 `_StringLiteral_ `
    \ 169c 85..                 sta     zp:_Zp+2
    \ 169e a9..                 lda     #.byte1 `_StringLiteral_ `
    \ 16a0 85..                 sta     zp:_Zp+3
    \ 16a2 20....               jsr     `?L2040`
    \ 16a5 a902                 lda     #2
    \ 16a7 20....               jsr     `?L1922`
    \ 16aa a5..                 lda     zp:_Zp+28
    \ 16ac 85..                 sta     zp:_Zp+2
    \ 16ae a5..                 lda     zp:_Zp+29
    \ 16b0 20....               jsr     `?L1972`
    \ 16b3 85..                 sta     zp:_Zp+4
    \ 16b5 a9..                 lda     #.byte0 `_StringLiteral_reading disk drives`
    \ 16b7 85..                 sta     zp:_Zp+2
    \ 16b9 a9..                 lda     #.byte1 `_StringLiteral_reading disk drives`
    \ 16bb 85..                 sta     zp:_Zp+3
    \ 16bd a9..                 lda     #.byte0 `_StringLiteral_Initialising...`
    \ 16bf 85..                 sta     zp:_Zp
    \ 16c1 a9..                 lda     #.byte1 `_StringLiteral_Initialising...`
    \ 16c3 85..                 sta     zp:_Zp+1
    \ 16c5 a5..                 lda     zp:_Zp+4
    \ 16c7 18                   clc
    \ 16c8 6928                 adc     #40
    \ 16ca 20....               jsr     progress
    \ 16cd a5..                 lda     zp:_Zp+28
    \ 16cf 85..                 sta     zp:_Zp
    \ 16d1 a5..                 lda     zp:_Zp+28
    \ 16d3 20....               jsr     `?L1920`
    \ 16d6 a5..                 lda     zp:_Zp+28
    \ 16d8 20....               jsr     Deselect
    \ 16db e3..                 inw     zp:_Zp+28
    \ 16dd 4c....               jmp     `?L308`
    \ 0000                      .section code,text
    \ 0000 0a       `?L1915`:   asl     a
    \ 0001 aa                   tax
    \ 0002 bd....               lda     midnight,x
    \ 0005 85..                 sta     zp:_Zp
    \ 0007 bd....               lda     midnight+1,x
    \ 000a 85..                 sta     zp:_Zp+1
    \ 000c 60                   rts
    \ 0000                      .section code,text
    \ 0000 a9fc     `?L1916`:   lda     #-4
    \ 0002 20....               jsr     _DecVsp
    \ 0005 a003                 ldy     #3
    \ 0007 a900                 lda     #0
    \ 0009 91..                 sta     (_Vsp),y
    \ 000b 88                   dey
    \ 000c 91..                 sta     (_Vsp),y
    \ 000e 88                   dey
    \ 000f 91..                 sta     (_Vsp),y
    \ 0011 88                   dey
    \ 0012 91..                 sta     (_Vsp),y
    \ 0014 60                   rts
    \ 0000                      .section code,text
    \ 0000          `?L1918`:
    \ 0000 a5..                 lda     zp:_Zp+2
    \ 0002 38                   sec
    \ 0003 e5..                 sbc     zp:_Zp
    \ 0005 85..                 sta     zp:_Zp
    \ 0007 a5..                 lda     zp:_Zp+3
    \ 0009 e5..                 sbc     zp:_Zp+1
    \ 000b 85..                 sta     zp:_Zp+1
    \ 000d 18                   clc
    \ 000e a5..                 lda     zp:_Zp
    \ 0010 69..                 adc     #.byte0 direntflags
    \ 0012 85..                 sta     zp:_Zp+2
    \ 0014 a5..                 lda     zp:_Zp+1
    \ 0016 69..                 adc     #.byte1 direntflags
    \ 0018 85..                 sta     zp:_Zp+3
    \ 001a 60                   rts
    \ 0000                      .section code,text
    \ 0000          `?L1919`:
    \ 0000 85..                 sta     zp:_Zp+1
    \ 0002 cb....               asw     _Zp
    \ 0005 cb....               asw     _Zp
    \ 0008 cb....               asw     _Zp
    \ 000b a5..                 lda     zp:_Zp
    \ 000d 85..                 sta     zp:_Zp+2
    \ 000f a5..                 lda     zp:_Zp+1
    \ 0011 85..                 sta     zp:_Zp+3
    \ 0013 a905                 lda     #5
    \ 0015 aa                   tax
    \ 0016 60                   rts
    \ 0000                      .section code,text
    \ 0000 0a       `?L1920`:   asl     a
    \ 0001 aa                   tax
    \ 0002 bd....               lda     midnight,x
    \ 0005 85..                 sta     zp:_Zp+2
    \ 0007 bd....               lda     midnight+1,x
    \ 000a 85..                 sta     zp:_Zp+3
    \ 000c a000                 ldy     #0
    \ 000e b1..                 lda     (_Zp+2),y
    \ 0010 4c....               jmp     UpdateSectors
    \ 0000                      .section code,text
    \ 0000          `?L1921`:
    \ 0000 7d....               adc     midnight,x
    \ 0003 85..                 sta     zp:_Zp
    \ 0005 a900                 lda     #0
    \ 0007 7d....               adc     midnight+1,x
    \ 000a 85..                 sta     zp:_Zp+1
    \ 000c 60                   rts
    \ 0000                      .section code,text
    \ 0000          `?L1922`:
    \ 0000 20....               jsr     messagebox
    \ 0003 a003                 ldy     #3
    \ 0005 4c....               jmp     _IncVsp
    \ 0000                      .section code,text
    \ 0000          `?L1924`:
    \ 0000 20....               jsr     shortcutprint
    \ 0003 a9..                 lda     #.byte0 `_StringLiteral_      `
    \ 0005 85..                 sta     zp:_Zp+2
    \ 0007 a9..                 lda     #.byte1 `_StringLiteral_      `
    \ 0009 85..                 sta     zp:_Zp+3
    \ 000b 60                   rts
    \ 0000                      .section code,text
    \ 0000 0a       `?L1926`:   asl     a
    \ 0001 aa                   tax
    \ 0002 bd....               lda     midnight,x
    \ 0005 85..                 sta     zp:_Zp+4
    \ 0007 bd....               lda     midnight+1,x
    \ 000a 85..                 sta     zp:_Zp+5
    \ 000c a000                 ldy     #0
    \ 000e          `?L1927`:
    \ 000e b1..                 lda     (_Zp+4),y
    \ 0010          `?L1928`:
    \ 0010 85..                 sta     zp:_Zp
    \ 0012 ad....               lda     legacyHDOSstate
    \ 0015 60                   rts
    \ 0000                      .section code,text
    \ 0000          `?L1929`:
    \ 0000 a9..                 lda     #.byte0 `_StringLiteral_ `
    \ 0002 85..                 sta     zp:_Zp+4
    \ 0004 a9..                 lda     #.byte1 `_StringLiteral_ `
    \ 0006 85..                 sta     zp:_Zp+5
    \ 0008 60                   rts
    \ 0000                      .section code,text
    \ 0000 0a       `?L1930`:   asl     a
    \ 0001 aa                   tax
    \ 0002 bd....               lda     midnight,x
    \ 0005 85..                 sta     zp:_Zp+2
    \ 0007 bd....               lda     midnight+1,x
    \ 000a 85..                 sta     zp:_Zp+3
    \ 000c e3..                 inw     zp:_Zp+2
    \ 000e 60                   rts
    \ 0000                      .section code,text
    \ 0000 0a       `?L1931`:   asl     a
    \ 0001 aa                   tax
    \ 0002 bc....               ldy     midnight,x
    \ 0005 84..                 sty     zp:_Zp
    \ 0007 bc....               ldy     midnight+1,x
    \ 000a 84..                 sty     zp:_Zp+1
    \ 000c 60                   rts
    \ 0000                      .section code,text
    \ 0000          `?L1932`:
    \ 0000 85..                 sta     zp:_Zp+3
    \ 0002 a5..                 lda     zp:_Zp+2
    \ 0004 85..                 sta     zp:_Zp
    \ 0006 cb....               asw     _Zp+2
    \ 0009 cb....               asw     _Zp+2
    \ 000c cb....               asw     _Zp+2
    \ 000f cb....               asw     _Zp+2
    \ 0012 a5..                 lda     zp:_Zp+2
    \ 0014 18                   clc
    \ 0015 65..                 adc     zp:_Zp
    \ 0017 60                   rts
    \ 0000                      .section code,text
    \ 0000          `?L1933`:
    \ 0000 a5..                 lda     zp:_Zp+30
    \ 0002 18                   clc
    \ 0003 65..                 adc     zp:_Zp+28
    \ 0005 85..                 sta     zp:_Zp
    \ 0007 a5..                 lda     zp:_Zp+31
    \ 0009 65..                 adc     zp:_Zp+29
    \ 000b 85..                 sta     zp:_Zp+1
    \ 000d a5..                 lda     zp:_Zp+35
    \ 000f 38                   sec
    \ 0010 e5..                 sbc     zp:_Zp
    \ 0012 05..                 ora     zp:_Zp+1
    \ 0014 60                   rts
    \ 0000                      .section code,text
    \ 0000          `?L1934`:
    \ 0000 e3..                 inw     zp:_Zp
    \ 0002 a000                 ldy     #0
    \ 0004 b1..                 lda     (_Zp),y
    \ 0006 60                   rts
    \ 0000                      .section code,text
    \ 0000          `?L1935`:
    \ 0000 a5..                 lda     zp:_Zp+30
    \ 0002 18                   clc
    \ 0003 6905                 adc     #5
    \ 0005 85..                 sta     zp:_Zp+2
    \ 0007 a5..                 lda     zp:_Zp+31
    \ 0009 6900                 adc     #0
    \ 000b 60                   rts
    \ 0000                      .section code,text
    \ 0000 0a       `?L1936`:   asl     a
    \ 0001 aa                   tax
    \ 0002 bd....               lda     midnight,x
    \ 0005 85..                 sta     zp:_Zp+6
    \ 0007 bd....               lda     midnight+1,x
    \ 000a 85..                 sta     zp:_Zp+7
    \ 000c 60                   rts
    \ 0000                      .section code,text
    \ 0000          `?L1937`:
    \ 0000 85..                 sta     zp:_Zp+5
    \ 0002 85..                 sta     zp:_Zp+4
    \ 0004 a903                 lda     #3
    \ 0006 85..                 sta     zp:_Zp+3
    \ 0008 a914                 lda     #20
    \ 000a 85..                 sta     zp:_Zp+2
    \ 000c a946                 lda     #70
    \ 000e 85..                 sta     zp:_Zp+1
    \ 0010 a904                 lda     #4
    \ 0012 85..                 sta     zp:_Zp
    \ 0014 a90a                 lda     #10
    \ 0016 20....               jsr     mcbox
    \ 0019 a901                 lda     #1
    \ 001b 20....               jsr     revers
    \ 001e a9..                 lda     #.byte0 `_StringLiteral_ Midnight Mega `
    \ 0020 85..                 sta     zp:_Zp+2
    \ 0022 a9..                 lda     #.byte1 `_StringLiteral_ Midnight Mega `
    \ 0024 85..                 sta     zp:_Zp+3
    \ 0026 a904                 lda     #4
    \ 0028 85..                 sta     zp:_Zp
    \ 002a a90e                 lda     #14
    \ 002c 4c....               jmp     mcputsxy
    \ 0000                      .section code,text
    \ 0000          `?L1940`:
    \ 0000 a5..                 lda     zp:_Zp+24
    \ 0002 0a                   asl     a
    \ 0003 aa                   tax
    \ 0004 18                   clc
    \ 0005 a94a                 lda     #74
    \ 0007 7d....               adc     midnight,x
    \ 000a 85..                 sta     zp:_Zp+2
    \ 000c 60                   rts
    \ 0000                      .section code,text
    \ 0000          `?L1941`:
    \ 0000 85..                 sta     zp:_Zp+1
    \ 0002 a900                 lda     #0
    \ 0004 60                   rts
    \ 0000                      .section code,text
    \ 0000          `?L1942`:
    \ 0000 a5..                 lda     zp:_Zp+24
    \ 0002 20....               jsr     getdirententry
    \ 0005 a5..                 lda     zp:_Zp
    \ 0007 85..                 sta     zp:_Zp+30
    \ 0009 a5..                 lda     zp:_Zp+1
    \ 000b 85..                 sta     zp:_Zp+31
    \ 000d 60                   rts
    \ 0000                      .section code,text
    \ 0000          `?L1944`:
    \ 0000 a9..                 lda     #.byte0 _StringLiteral_BAM
    \ 0002 85..                 sta     zp:_Zp+2
    \ 0004 a9..                 lda     #.byte1 _StringLiteral_BAM
    \ 0006          `?L1945`:
    \ 0006 85..                 sta     zp:_Zp+3
    \ 0008 a9..                 lda     #.byte0 `_StringLiteral_Reading...`
    \ 000a 85..                 sta     zp:_Zp
    \ 000c a9..                 lda     #.byte1 `_StringLiteral_Reading...`
    \ 000e 85..                 sta     zp:_Zp+1
    \ 0010 60                   rts
    \ 0000                      .section code,text
    \ 0000          `?L1946`:
    \ 0000 85..                 sta     zp:_Zp+2
    \ 0002 a5..                 lda     zp:_Zp+24
    \ 0004 85..                 sta     zp:_Zp+1
    \ 0006 a5..                 lda     zp:_Zp+24
    \ 0008 0a       `?L1947`:   asl     a
    \ 0009 aa                   tax
    \ 000a bd....               lda     midnight,x
    \ 000d 85..                 sta     zp:_Zp+8
    \ 000f bd....               lda     midnight+1,x
    \ 0012 85..                 sta     zp:_Zp+9
    \ 0014 a000                 ldy     #0
    \ 0016 60                   rts
    \ 0000                      .section code,text
    \ 0000          `?L1948`:
    \ 0000 85..                 sta     zp:_Zp+3
    \ 0002 a5..                 lda     zp:_Zp+24
    \ 0004 0a                   asl     a
    \ 0005 aa                   tax
    \ 0006 18                   clc
    \ 0007 60                   rts
    \ 0000                      .section code,text
    \ 0000 a901     `?L1949`:   lda     #1
    \ 0002 a346                 ldz     #70
    \ 0004 32..                 and     (_Zp),z
    \ 0006 60                   rts
    \ 0000                      .section code,text
    \ 0000          `?L1950`:
    \ 0000 85..                 sta     zp:_Zp+3
    \ 0002 a917                 lda     #23
    \ 0004 85..                 sta     zp:_Zp
    \ 0006 a5..                 lda     zp:_Zp+28
    \ 0008 85..                 sta     zp:_Zp+1
    \ 000a a90c                 lda     #12
    \ 000c 18                   clc
    \ 000d 65..                 adc     zp:_Zp+1
    \ 000f 4c....               jmp     mcputsxy
    \ 0000                      .section code,text
    \ 0000          `?L1951`:
    \ 0000 a5..                 lda     zp:_Zp+26
    \ 0002 85..                 sta     zp:_Zp
    \ 0004 a5..                 lda     zp:_Zp+27
    \ 0006 85..                 sta     zp:_Zp+1
    \ 0008 60                   rts
    \ 0000                      .section code,text
    \ 0000          `?L1952`:
    \ 0000 b1..                 lda     (_Vsp),y
    \ 0002 85..                 sta     zp:_Zp
    \ 0004 a900                 lda     #0
    \ 0006 85..                 sta     zp:_Zp+1
    \ 0008 c8                   iny
    \ 0009 b1..                 lda     (_Vsp),y
    \ 000b 85..                 sta     zp:_Zp+2
    \ 000d 38                   sec
    \ 000e a5..                 lda     zp:_Zp
    \ 0010 e5..                 sbc     zp:_Zp+2
    \ 0012 60                   rts
    \ 0000                      .section code,text
    \ 0000          `?L1953`:
    \ 0000 85..                 sta     zp:_Zp+3
    \ 0002 a9..                 lda     #.byte0 `_StringLiteral_Writing...`
    \ 0004 85..                 sta     zp:_Zp
    \ 0006 a9..                 lda     #.byte1 `_StringLiteral_Writing...`
    \ 0008 85..                 sta     zp:_Zp+1
    \ 000a 60                   rts
    \ 0000                      .section code,text
    \ 0000 a047     `?L1954`:   ldy     #71
    \ 0002          `?L1955`:
    \ 0002 b1..                 lda     (_Zp),y
    \ 0004          `?L1956`:
    \ 0004 85..                 sta     zp:_Zp+2
    \ 0006          `?L1957`:
    \ 0006 a5..                 lda     zp:_Zp+24
    \ 0008 85..                 sta     zp:_Zp+1
    \ 000a 60                   rts
    \ 0000                      .section code,text
    \ 0000 aa       `?L1958`:   tax
    \ 0001 a920                 lda     #32
    \ 0003 9d....               sta     s,x
    \ 0006 60                   rts
    \ 0000                      .section code,text
    \ 0000          `?L1959`:
    \ 0000 a6..                 ldx     zp:_Zp+24
    \ 0002          `?L1960`:
    \ 0002 86..                 stx     zp:_Zp
    \ 0004 a900                 lda     #0
    \ 0006 60                   rts
    \ 0000                      .section code,text
    \ 0000          `?L1961`:
    \ 0000 a5..                 lda     zp:_Zp+24
    \ 0002 4c....               jmp     Deselect
    \ 0000                      .section code,text
    \ 0000 a901     `?L1962`:   lda     #1
    \ 0002 a300                 ldz     #0
    \ 0004 12..                 ora     (_Zp),z
    \ 0006 92..                 sta     (_Zp),z
    \ 0008 60                   rts
    \ 0000                      .section code,text
    \ 0000          `?L1963`:
    \ 0000 20....               jsr     mcputsxy
    \ 0003 a9..                 lda     #.byte0 `_StringLiteral_ The MEGA65 file commander `
    \ 0005 85..                 sta     zp:_Zp+2
    \ 0007 a9..                 lda     #.byte1 `_StringLiteral_ The MEGA65 file commander `
    \ 0009 85..                 sta     zp:_Zp+3
    \ 000b a904                 lda     #4
    \ 000d 85..                 sta     zp:_Zp
    \ 000f 60                   rts
    \ 0000                      .section code,text
    \ 0000          `?L1965`:
    \ 0000 a5..                 lda     zp:_Zp+26
    \ 0002 85..                 sta     zp:_Zp
    \ 0004 ab....               ldz     _Zp
    \ 0007 a901                 lda     #1
    \ 0009 32..                 and     (_Zp+2),z
    \ 000b 60                   rts
    \ 0000                      .section code,text
    \ 0000 a000     `?L1966`:   ldy     #0
    \ 0002 b1..                 lda     (_Zp),y
    \ 0004 85..                 sta     zp:_Zp+6
    \ 0006 a980                 lda     #128
    \ 0008 85..                 sta     zp:_Zp+4
    \ 000a a90c                 lda     #12
    \ 000c 85..                 sta     zp:_Zp+5
    \ 000e a900                 lda     #0
    \ 0010 a26a                 ldx     #106
    \ 0012 a308                 ldz     #8
    \ 0014 424285..             stq     zp:_Zp
    \ 0018 ad....               lda     legacyHDOSstate
    \ 001b 60                   rts
    \ 0000                      .section code,text
    \ 0000          `?L1967`:
    \ 0000 85..                 sta     zp:_Zp+1
    \ 0002 a5..                 lda     zp:_Zp+24
    \ 0004 20....               jsr     getdirententry
    \ 0007 a5..                 lda     zp:_Zp
    \ 0009 85..                 sta     zp:_Zp+26
    \ 000b a5..                 lda     zp:_Zp+1
    \ 000d 85..                 sta     zp:_Zp+27
    \ 000f 60                   rts
    \ 0000                      .section code,text
    \ 0000          `?L1969`:
    \ 0000 a5..                 lda     zp:_Zp+30
    \ 0002 18                   clc
    \ 0003 6905                 adc     #5
    \ 0005 85..                 sta     zp:_Zp
    \ 0007 a5..                 lda     zp:_Zp+31
    \ 0009 6900                 adc     #0
    \ 000b 85..                 sta     zp:_Zp+1
    \ 000d 20....               jsr     hyppo_setname
    \ 0010 20....               jsr     hyppo_findfirst
    \ 0013 85..                 sta     zp:_Zp+26
    \ 0015 ab....               ldz     _Zp+26
    \ 0018 c284                 cpz     #-124
    \ 001a 60                   rts
    \ 0000                      .section code,text
    \ 0000          `?L1972`:
    \ 0000 85..                 sta     zp:_Zp+3
    \ 0002 cb....               asw     _Zp+2
    \ 0005 cb....               asw     _Zp+2
    \ 0008 cb....               asw     _Zp+2
    \ 000b a5..                 lda     zp:_Zp+2
    \ 000d 85..                 sta     zp:_Zp
    \ 000f cb....               asw     _Zp+2
    \ 0012 cb....               asw     _Zp+2
    \ 0015 a5..                 lda     zp:_Zp+2
    \ 0017 18                   clc
    \ 0018 65..                 adc     zp:_Zp
    \ 001a 60                   rts
    \ 0000                      .section code,text
    \ 0000          `?L1973`:
    \ 0000 85..                 sta     zp:_Zp
    \ 0002 ad....               lda     option
    \ 0005 4c....               jmp     optionstring
    \ 0000                      .section code,text
    \ 0000          `?L1974`:
    \ 0000 85..                 sta     zp:_Zp
    \ 0002 a900                 lda     #0
    \ 0004 85..                 sta     zp:_Zp+1
    \ 0006 85..                 sta     zp:_Zp+2
    \ 0008 85..                 sta     zp:_Zp+3
    \ 000a 60                   rts
    \ 0000                      .section code,text
    \ 0000          `?L1975`:
    \ 0000 424285..             stq     zp:_Zp+24
    \ 0004 a001                 ldy     #1
    \ 0006 b1..                 lda     (_Vsp),y
    \ 0008 85..                 sta     zp:_Zp+28
    \ 000a a900                 lda     #0
    \ 000c 85..                 sta     zp:_Zp+29
    \ 000e 20....               jsr     wherex
    \ 0011 85..                 sta     zp:_Zp
    \ 0013 38                   sec
    \ 0014 a5..                 lda     zp:_Zp+28
    \ 0016 e5..                 sbc     zp:_Zp
    \ 0018 60                   rts
    \ 0000                      .section code,text
    \ 0000          `?L1977`:
    \ 0000 a5..                 lda     zp:_Zp+24
    \ 0002 18                   clc
    \ 0003 6905                 adc     #5
    \ 0005 85..                 sta     zp:_Zp+4
    \ 0007 a5..                 lda     zp:_Zp+25
    \ 0009 6900                 adc     #0
    \ 000b 85..                 sta     zp:_Zp+5
    \ 000d 60                   rts
    \ 0000                      .section code,text
    \ 0000          `?L1978`:
    \ 0000 a9..                 lda     #.byte0 `_StringLiteral_   OK   `
    \ 0002 85..                 sta     zp:_Zp+2
    \ 0004 a9..                 lda     #.byte1 `_StringLiteral_   OK   `
    \ 0006 85..                 sta     zp:_Zp+3
    \ 0008 a912                 lda     #18
    \ 000a 85..                 sta     zp:_Zp
    \ 000c a924                 lda     #36
    \ 000e          `?L1979`:
    \ 000e 20....               jsr     mcputsxy
    \ 0011 a900     `?L1980`:   lda     #0
    \ 0013 4c....               jmp     revers
    \ 0000                      .section code,text
    \ 0000          `?L1981`:
    \ 0000 6d....               adc     taskblock
    \ 0003 85..                 sta     zp:_Zp
    \ 0005 a900                 lda     #0
    \ 0007 6d....               adc     taskblock+1
    \ 000a 85..                 sta     zp:_Zp+1
    \ 000c ad....               lda     taskblock
    \ 000f 85..                 sta     zp:_Zp+4
    \ 0011 ad....               lda     taskblock+1
    \ 0014 85..                 sta     zp:_Zp+5
    \ 0016 60                   rts
    \ 0000                      .section code,text
    \ 0000          `?L1982`:
    \ 0000 a5..                 lda     zp:_Zp+26
    \ 0002 18                   clc
    \ 0003 6905                 adc     #5
    \ 0005 85..                 sta     zp:_Zp+4
    \ 0007 a5..                 lda     zp:_Zp+27
    \ 0009 6900                 adc     #0
    \ 000b 85..                 sta     zp:_Zp+5
    \ 000d a9..                 lda     #.byte0 `_StringLiteral_open failed for`
    \ 000f 85..                 sta     zp:_Zp+2
    \ 0011 a9..                 lda     #.byte1 `_StringLiteral_open failed for`
    \ 0013 85..                 sta     zp:_Zp+3
    \ 0015 60                   rts
    \ 0000                      .section code,text
    \ 0000          `?L1983`:
    \ 0000 85..                 sta     zp:_Zp
    \ 0002 18                   clc
    \ 0003 a5..                 lda     zp:_Zp+2
    \ 0005 65..                 adc     zp:_Zp
    \ 0007 85..                 sta     zp:_Zp+2
    \ 0009 60                   rts
    \ 0000                      .section code,text
    \ 0000          `?L1984`:
    \ 0000 a9..                 lda     #.byte0 lfnname
    \ 0002 85..                 sta     zp:_Zp
    \ 0004 a9..                 lda     #.byte1 lfnname
    \ 0006 85..                 sta     zp:_Zp+1
    \ 0008 4c....               jmp     hyppo_setname
    \ 0000                      .section code,text
    \ 0000          `?L1985`:
    \ 0000 7d....               adc     midnight,x
    \ 0003 85..                 sta     zp:_Zp
    \ 0005 98                   tya
    \ 0006 7d....               adc     midnight+1,x
    \ 0009 85..                 sta     zp:_Zp+1
    \ 000b 60                   rts
    \ 0000                      .section code,text
    \ 0000          `?L1986`:
    \ 0000 20....               jsr     getdirententry
    \ 0003 a5..                 lda     zp:_Zp+24
    \ 0005 a01e                 ldy     #30
    \ 0007 18                   clc
    \ 0008 71..                 adc     (_Zp),y
    \ 000a 85..                 sta     zp:_Zp+24
    \ 000c a5..                 lda     zp:_Zp+25
    \ 000e c8                   iny
    \ 000f 71..                 adc     (_Zp),y
    \ 0011 85..                 sta     zp:_Zp+25
    \ 0013 60                   rts
    \ 0000                      .section code,text
    \ 0000          `?L1988`:
    \ 0000 20....               jsr     shortcutprint
    \ 0003 a9..                 lda     #.byte0 _StringLiteral_Delete
    \ 0005 85..                 sta     zp:_Zp+2
    \ 0007 a9..                 lda     #.byte1 _StringLiteral_Delete
    \ 0009 85..                 sta     zp:_Zp+3
    \ 000b 60                   rts
    \ 0000                      .section code,text
    \ 0000          `?L1990`:
    \ 0000 20....               jsr     shortcutprint
    \ 0003 a9..                 lda     #.byte0 _StringLiteral_Rename
    \ 0005 85..                 sta     zp:_Zp+2
    \ 0007 a9..                 lda     #.byte1 _StringLiteral_Rename
    \ 0009 85..                 sta     zp:_Zp+3
    \ 000b 60                   rts
    \ 0000                      .section code,text
    \ 0000          `?L1992`:
    \ 0000 20....               jsr     shortcutprint
    \ 0003 a9..                 lda     #.byte0 `_StringLiteral_Edit  `
    \ 0005 85..                 sta     zp:_Zp+2
    \ 0007 a9..                 lda     #.byte1 `_StringLiteral_Edit  `
    \ 0009 85..                 sta     zp:_Zp+3
    \ 000b 60                   rts
    \ 0000                      .section code,text
    \ 0000          `?L1994`:
    \ 0000 a5..                 lda     zp:_Zp+26
    \ 0002 c9f8                 cmp     #248
    \ 0004 a5..                 lda     zp:_Zp+27
    \ 0006 e900                 sbc     #0
    \ 0008 60                   rts
    \ 0000                      .section code,text
    \ 0000 a902     `?L1995`:   lda     #2
    \ 0002 a346                 ldz     #70
    \ 0004 32..                 and     (_Zp),z
    \ 0006 60                   rts
    \ 0000                      .section code,text
    \ 0000 a047     `?L1996`:   ldy     #71
    \ 0002          `?L1997`:
    \ 0002 91..                 sta     (_Zp),y
    \ 0004 a5..                 lda     zp:_Zp+24
    \ 0006 60                   rts
    \ 0000                      .section code,text
    \ 0000          `?L1998`:
    \ 0000 cb....               asw     _Zp+2
    \ 0003 ca                   dex
    \ 0004 60                   rts
    \ 0000                      .section code,text
    \ 0000          `?L1999`:
    \ 0000 a5..                 lda     zp:_Zp+28
    \ 0002 85..                 sta     zp:_Zp+4
    \ 0004 a5..                 lda     zp:_Zp+29
    \ 0006 85..                 sta     zp:_Zp+5
    \ 0008 4242a5..             ldq     zp:_Zp+24
    \ 000c 424285..             stq     zp:_Zp
    \ 0010 60                   rts
    \ 0000                      .section code,text
    \ 0000 a900     `?L2000`:   lda     #0
    \ 0002 85..                 sta     zp:_Zp
    \ 0004 a914                 lda     #20
    \ 0006 4c....               jmp     shortcuts
    \ 0000                      .section code,text
    \ 0000 a900     `?L2001`:   lda     #0
    \ 0002 85..                 sta     zp:_Zp+1
    \ 0004 4c....               jmp     _ValueSwitch16
    \ 0000                      .section code,text
    \ 0000 a001     `?L2002`:   ldy     #1
    \ 0002 b1..                 lda     (_Vsp),y
    \ 0004 85..                 sta     zp:_Zp
    \ 0006 88                   dey
    \ 0007 b1..                 lda     (_Vsp),y
    \ 0009 20....               jsr     _Mul8
    \ 000c a5..                 lda     zp:_Zp+1
    \ 000e 097f                 ora     #127
    \ 0010 60                   rts
    \ 0000                      .section code,text
    \ 0000          `?L2004`:
    \ 0000 85..                 sta     zp:_Zp
    \ 0002 a5..                 lda     zp:_Zp+28
    \ 0004 85..                 sta     zp:_Zp+1
    \ 0006 e6..                 inc     zp:_Zp+1
    \ 0008 e6..                 inc     zp:_Zp+1
    \ 000a a5..                 lda     zp:_Zp+1
    \ 000c 4c....               jmp     mcputsxy
    \ 0000                      .section code,text
    \ 0000          `?L2005`:
    \ 0000 85..                 sta     zp:_Zp+1
    \ 0002 a90a                 lda     #10
    \ 0004 85..                 sta     zp:_Zp+10
    \ 0006 a900                 lda     #0
    \ 0008 85..                 sta     zp:_Zp+11
    \ 000a 20....               jsr     _DivMod16
    \ 000d a930                 lda     #48
    \ 000f 18                   clc
    \ 0010 60                   rts
    \ 0000                      .section code,text
    \ 0000          `?L2007`:
    \ 0000 85..                 sta     zp:_Zp+3
    \ 0002 a9..                 lda     #.byte0 `_StringLiteral_ 9`
    \ 0004 85..                 sta     zp:_Zp
    \ 0006 a9..                 lda     #.byte1 `_StringLiteral_ 9`
    \ 0008 85..                 sta     zp:_Zp+1
    \ 000a a901                 lda     #1
    \ 000c 4c....               jmp     shortcutprint
    \ 0000                      .section code,text
    \ 0000          `?L2008`:
    \ 0000 424285..             stq     zp:_Zp
    \ 0004 a9fe                 lda     #-2
    \ 0006 20....               jsr     _DecVsp
    \ 0009 a001                 ldy     #1
    \ 000b a900                 lda     #0
    \ 000d 91..                 sta     (_Vsp),y
    \ 000f 88                   dey
    \ 0010 60                   rts
    \ 0000                      .section code,text
    \ 0000          `?L2010`:
    \ 0000 e3..                 inw     zp:_Zp
    \ 0002 b1..                 lda     (_Zp),y
    \ 0004 85..                 sta     zp:_Zp
    \ 0006 98                   tya
    \ 0007 85..                 sta     zp:_Zp+1
    \ 0009 60                   rts
    \ 0000                      .section code,text
    \ 0000          `?L2011`:
    \ 0000 e3..                 inw     zp:_Zp
    \ 0002 a901                 lda     #1
    \ 0004 a300                 ldz     #0
    \ 0006 18                   clc
    \ 0007 72..                 adc     (_Zp),z
    \ 0009 60                   rts
    \ 0000                      .section code,text
    \ 0000          `?L2012`:
    \ 0000 a2..                 ldx     #_Zp+6
    \ 0002 a901                 lda     #1
    \ 0004 20....               jsr     _LoadVspEA
    \ 0007 a2..                 ldx     #_Zp+4
    \ 0009 a902                 lda     #2
    \ 000b 4c....               jmp     _LoadVspEA
    \ 0000                      .section code,text
    \ 0000          `?L2014`:
    \ 0000 85..                 sta     zp:_Zp+1
    \ 0002 a928                 lda     #40
    \ 0004 85..                 sta     zp:_Zp+10
    \ 0006 a900                 lda     #0
    \ 0008 85..                 sta     zp:_Zp+11
    \ 000a 20....               jsr     _UDivMod16
    \ 000d a5..                 lda     zp:_Zp
    \ 000f 60                   rts
    \ 0000                      .section code,text
    \ 0000 18       `?L2016`:   clc
    \ 0001 424265..             adcq    zp:_Zp
    \ 0005 60                   rts
    \ 0000                      .section code,text
    \ 0000          `?L2017`:
    \ 0000 85..                 sta     zp:_Zp+3
    \ 0002 a9..                 lda     #.byte0 `_StringLiteral_ 1`
    \ 0004 85..                 sta     zp:_Zp
    \ 0006 60                   rts
    \ 0000                      .section code,text
    \ 0000          `?L2018`:
    \ 0000 20....               jsr     shortcutprint
    \ 0003 a9..                 lda     #.byte0 `_StringLiteral_Mount `
    \ 0005 85..                 sta     zp:_Zp+2
    \ 0007 a9..                 lda     #.byte1 `_StringLiteral_Mount `
    \ 0009 85..                 sta     zp:_Zp+3
    \ 000b          `?L2020`:
    \ 000b a9..                 lda     #.byte0 `_StringLiteral_ 2`
    \ 000d 85..                 sta     zp:_Zp
    \ 000f 60                   rts
    \ 0000                      .section code,text
    \ 0000          `?L2021`:
    \ 0000 20....               jsr     shortcutprint
    \ 0003 a9..                 lda     #.byte0 `_StringLiteral_View  `
    \ 0005 85..                 sta     zp:_Zp+2
    \ 0007 a9..                 lda     #.byte1 `_StringLiteral_View  `
    \ 0009          `?L2023`:
    \ 0009 85..                 sta     zp:_Zp+3
    \ 000b          `?L2024`:
    \ 000b a9..                 lda     #.byte0 `_StringLiteral_ 3`
    \ 000d 85..                 sta     zp:_Zp
    \ 000f 60                   rts
    \ 0000                      .section code,text
    \ 0000          `?L2025`:
    \ 0000 20....               jsr     shortcutprint
    \ 0003 a9..                 lda     #.byte0 `_StringLiteral_Mkdir `
    \ 0005 85..                 sta     zp:_Zp+2
    \ 0007 a9..                 lda     #.byte1 `_StringLiteral_Mkdir `
    \ 0009          `?L2027`:
    \ 0009 85..                 sta     zp:_Zp+3
    \ 000b          `?L2028`:
    \ 000b a9..                 lda     #.byte0 `_StringLiteral_ 7`
    \ 000d 85..                 sta     zp:_Zp
    \ 000f 60                   rts
    \ 0000                      .section code,text
    \ 0000 a264     `?L2029`:   ldx     #100
    \ 0002 86..                 stx     zp:_Zp
    \ 0004 20....               jsr     _Mul8
    \ 0007          `?L2030`:
    \ 0007 a5..                 lda     zp:_Zp
    \ 0009 85..                 sta     zp:_Zp+24
    \ 000b a5..                 lda     zp:_Zp+1
    \ 000d 85..                 sta     zp:_Zp+25
    \ 000f 60                   rts
    \ 0000                      .section code,text
    \ 0000          `?L2031`:
    \ 0000 20....               jsr     msprintf
    \ 0003 a920                 lda     #32
    \ 0005 4c....               jmp     cputc
    \ 0000                      .section code,text
    \ 0000          `?L2033`:
    \ 0000 a5..                 lda     zp:_Zp+28
    \ 0002 85..                 sta     zp:_Zp
    \ 0004 a5..                 lda     zp:_Zp+30
    \ 0006 18                   clc
    \ 0007 65..                 adc     zp:_Zp
    \ 0009 4b                   taz
    \ 000a a901                 lda     #1
    \ 000c 32..                 and     (_Zp+2),z
    \ 000e 60                   rts
    \ 0000                      .section code,text
    \ 0000          `?L2034`:
    \ 0000 a5..                 lda     zp:_Zp+4
    \ 0002 0a                   asl     a
    \ 0003 aa                   tax
    \ 0004 bd....               lda     midnight,x
    \ 0007 85..                 sta     zp:_Zp+4
    \ 0009 bd....               lda     midnight+1,x
    \ 000c 85..                 sta     zp:_Zp+5
    \ 000e 60                   rts
    \ 0000                      .section code,text
    \ 0000          `?L2035`:
    \ 0000 85..                 sta     zp:_Zp+3
    \ 0002 a5..                 lda     zp:_Zp+28
    \ 0004 85..                 sta     zp:_Zp
    \ 0006 a5..                 lda     zp:_Zp+29
    \ 0008 85..                 sta     zp:_Zp+1
    \ 000a 4c....               jmp     _ValueSwitch16
    \ 0000                      .section code,text
    \ 0000          `?L2036`:
    \ 0000 a9..                 lda     #.byte0 `_StringLiteral_storage card`
    \ 0002 85..                 sta     zp:_Zp
    \ 0004 a9..                 lda     #.byte1 `_StringLiteral_storage card`
    \ 0006 85..                 sta     zp:_Zp+1
    \ 0008 a910                 lda     #16
    \ 000a 4c....               jmp     strcopy
    \ 0000                      .section code,text
    \ 0000          `?L2037`:
    \ 0000 20....               jsr     _LoadVspEA
    \ 0003 88                   dey
    \ 0004 a5..                 lda     zp:_Zp+5
    \ 0006 91..                 sta     (_Vsp),y
    \ 0008 88                   dey
    \ 0009 a5..                 lda     zp:_Zp+4
    \ 000b 91..                 sta     (_Vsp),y
    \ 000d 60                   rts
    \ 0000                      .section code,text
    \ 0000          `?L2039`:
    \ 0000 a5..                 lda     zp:_Zp+26
    \ 0002 18                   clc
    \ 0003 6905                 adc     #5
    \ 0005 85..                 sta     zp:_Zp
    \ 0007 a5..                 lda     zp:_Zp+27
    \ 0009 6900                 adc     #0
    \ 000b 85..                 sta     zp:_Zp+1
    \ 000d 60                   rts
    \ 0000                      .section code,text
    \ 0000          `?L2040`:
    \ 0000 a9..                 lda     #.byte0 `_StringLiteral_ `
    \ 0002 85..                 sta     zp:_Zp
    \ 0004 a9..                 lda     #.byte1 `_StringLiteral_ `
    \ 0006 85..                 sta     zp:_Zp+1
    \ 0008 60                   rts
    \ 0000                      .section code,text
    \ 0000 a90f     `?L2041`:   lda     #15
    \ 0002 a302                 ldz     #2
    \ 0004 32..                 and     (_Zp+30),z
    \ 0006 c905                 cmp     #5
    \ 0008 60                   rts
    \ 0000                      .section code,text
    \ 0000          `?L2042`:
    \ 0000 a6..                 ldx     zp:_Zp+24
    \ 0002          `?L2043`:
    \ 0002 86..                 stx     zp:_Zp
    \ 0004 a5..                 lda     zp:_Zp
    \ 0006 60                   rts
    \ 0000                      .section code,text
    \ 0000          `?L2044`:
    \ 0000 b1..                 lda     (_Zp),y
    \ 0002          `?L2045`:
    \ 0002 85..                 sta     zp:_Zp+1
    \ 0004 a5..                 lda     zp:_Zp+24
    \ 0006 60                   rts
    \ 0000                      .section code,text
    \ 0000          `?L2046`:
    \ 0000 20....               jsr     helpbegin
    \ 0003 a901                 lda     #1
    \ 0005 85..                 sta     zp:_Zp
    \ 0007 60                   rts
    \ 0000                      .section code,text
    \ 0000          `?L2048`:
    \ 0000 69..                 adc     #.byte0 disknames
    \ 0002 85..                 sta     zp:_Zp+2
    \ 0004 a900                 lda     #0
    \ 0006 69..                 adc     #.byte1 disknames
    \ 0008 85..                 sta     zp:_Zp+3
    \ 000a 60                   rts
    \ 0000                      .section code,text
    \ 0000          `?L2049`:
    \ 0000 85..                 sta     zp:_Zp+3
    \ 0002 a5..                 lda     zp:_Zp
    \ 0004 c5..                 cmp     zp:_Zp+2
    \ 0006 a5..                 lda     zp:_Zp+1
    \ 0008 e5..                 sbc     zp:_Zp+3
    \ 000a 60                   rts
    \ 0000                      .section code,text
    \ 0000          `?L2050`:
    \ 0000 a9..                 lda     #.byte0 `_StringLiteral_ `
    \ 0002 85..                 sta     zp:_Zp+2
    \ 0004 a9..                 lda     #.byte1 `_StringLiteral_ `
    \ 0006          `?L2051`:
    \ 0006 85..                 sta     zp:_Zp+3
    \ 0008 a900                 lda     #0
    \ 000a 60                   rts
    \ 0000                      .section code,text
    \ 0000          `?L2052`:
    \ 0000 e3..                 inw     zp:_Zp
    \ 0002 b1..                 lda     (_Zp),y
    \ 0004 4b                   taz
    \ 0005 a901                 lda     #1
    \ 0007 32..                 and     (_Zp+2),z
    \ 0009 60                   rts
    \ 0000                      .section code,text
    \ 0000          `?L2053`:
    \ 0000 e3..                 inw     zp:_Zp
    \ 0002 b1..                 lda     (_Zp),y
    \ 0004 85..                 sta     zp:_Zp+2
    \ 0006 98                   tya
    \ 0007 85..                 sta     zp:_Zp+3
    \ 0009 60                   rts
    \ 0000                      .section code,text
    \ 0000          `?L2054`:
    \ 0000 20....               jsr     hyppo_chdir
    \ 0003 85..                 sta     zp:_Zp
    \ 0005 a30f                 ldz     #15
    \ 0007 d4..                 cpz     zp:_Zp
    \ 0009 60                   rts
    \ 0000                      .section code,text
    \ 0000          `?L2056`:
    \ 0000 20....               jsr     lcopy
    \ 0003 a001                 ldy     #1
    \ 0005 4c....               jmp     _IncVsp
    \ 0000                      .section code,text
    \ 0000          `?L2058`:
    \ 0000 20....               jsr     progress
    \ 0003 a5..                 lda     zp:_Zp+24
    \ 0005 60                   rts
    \ 0000                      .section code,text
    \ 0000          `?L2060`:
    \ 0000 20....               jsr     readblockchain
    \ 0003 a000                 ldy     #0
    \ 0005 4c....               jmp     _IncVsp
    \ 0000                      .section code,text
    \ 0000 98       `?L2062`:   tya
    \ 0001 7d....               adc     midnight+1,x
    \ 0004 85..                 sta     zp:_Zp+3
    \ 0006 60                   rts
    \ 0000                      .section code,text
    \ 0000          `?L2063`:
    \ 0000 a9..                 lda     #.byte0 `_StringLiteral_from left side`
    \ 0002 85..                 sta     zp:_Zp+4
    \ 0004 a9..                 lda     #.byte1 `_StringLiteral_from left side`
    \ 0006 60                   rts
    \ 0000                      .section code,text
    \ 0000          `?L2064`:
    \ 0000 a9..                 lda     #.byte0 `_StringLiteral_from right side`
    \ 0002 85..                 sta     zp:_Zp+4
    \ 0004 a9..                 lda     #.byte1 `_StringLiteral_from right side`
    \ 0006 60                   rts
    \ 0000                      .section code,text
    \ 0000 a900     `?L2065`:   lda     #0
    \ 0002 85..                 sta     zp:_Zp+26
    \ 0004 85..                 sta     zp:_Zp+27
    \ 0006 60                   rts
    \ 0000                      .section code,text
    \ 0000 a900     `?L2066`:   lda     #0
    \ 0002 85..                 sta     zp:_Zp+28
    \ 0004 85..                 sta     zp:_Zp+29
    \ 0006 60                   rts
    \ 0000                      .section code,text
    \ 0000          `?L2067`:
    \ 0000 85..                 sta     zp:_Zp
    \ 0002 18                   clc
    \ 0003 a5..                 lda     zp:_Zp+24
    \ 0005 65..                 adc     zp:_Zp
    \ 0007 85..                 sta     zp:_Zp+24
    \ 0009 60                   rts
    \ 0000                      .section code,text
    \ 0000          `?L2068`:
    \ 0000 85..                 sta     zp:_Zp+2
    \ 0002 a9..                 lda     #.byte1 `_StringLiteral_is not supported.`
    \ 0004 85..                 sta     zp:_Zp+3
    \ 0006 60                   rts
    \ 0000                      .section code,text
    \ 0000          `?L2069`:
    \ 0000 b1..                 lda     (_Zp),y
    \ 0002 85..                 sta     zp:_Zp+2
    \ 0004 a5..                 lda     zp:_Zp+25
    \ 0006 60                   rts
    \ 0000                      .section code,text
    \ 0000          `?L2070`:
    \ 0000 69..                 adc     #.byte1 direntflags
    \ 0002 85..                 sta     zp:_Zp+5
    \ 0004 a5..                 lda     zp:_Zp
    \ 0006 85..                 sta     zp:_Zp+2
    \ 0008 60                   rts
    \ 0000                      .section code,text
    \ 0000          `?L2071`:
    \ 0000 a5..                 lda     zp:_Zp
    \ 0002 c902                 cmp     #2
    \ 0004 a5..                 lda     zp:_Zp+1
    \ 0006 e900                 sbc     #0
    \ 0008 60                   rts
    \ 0000                      .section code,text
    \ 0000 a901     `?L2072`:   lda     #1
    \ 0002 a300                 ldz     #0
    \ 0004 52..                 eor     (_Zp+2),z
    \ 0006 92..                 sta     (_Zp+2),z
    \ 0008 60                   rts
    \ 0000                      .section code,text
    \ 0000 a910     `?L2073`:   lda     #16
    \ 0002 4c....               jmp     strmakefilename
    \ 0000                      .section code,text
    \ 0000 a914     `?L2074`:   lda     #20
    \ 0002 4c....               jmp     progress
    \ 0000                      .section code,text
    \ 0000 a200     `?L2075`:   ldx     #0
    \ 0002 a002                 ldy     #2
    \ 0004 4c....               jmp     _AllocStackSave
    \ 0000                      .section code,text
    \ 0000          `?L2076`:
    \ 0000 85..                 sta     zp:_Zp
    \ 0002 a9..                 lda     #.byte1 `_StringLiteral_real drive`
    \ 0004 85..                 sta     zp:_Zp+1
    \ 0006 a910                 lda     #16
    \ 0008 60                   rts
    \ 0000                      .section code,text
    \ 0000          `?L2077`:
    \ 0000 85..                 sta     zp:_Zp+2
    \ 0002 85..                 sta     zp:_Zp+3
    \ 0004 4c....               jmp     csputdec
    \ 0000                      .section code,text
    \ 0000          `?L2078`:
    \ 0000 85..                 sta     zp:_Zp+3
    \ 0002 a9..                 lda     #.byte0 `_StringLiteral_Directory delete,`
    \ 0004 85..                 sta     zp:_Zp
    \ 0006 a9..                 lda     #.byte1 `_StringLiteral_Directory delete,`
    \ 0008 60                   rts
    \ 0000                      .section code,text
    \ 0000          `?L2079`:
    \ 0000 a9..                 lda     #.byte0 `_StringLiteral_v0.6.7-beta`
    \ 0002 85..                 sta     zp:_Zp
    \ 0004 a9..                 lda     #.byte1 `_StringLiteral_v0.6.7-beta`
    \ 0006 85..                 sta     zp:_Zp+1
    \ 0008 60                   rts
    \ 0000                      .section code,text
    \ 0000          `?L2080`:
    \ 0000 a9..                 lda     #.byte0 s
    \ 0002 85..                 sta     zp:_Zp+2
    \ 0004 a9..                 lda     #.byte1 s
    \ 0006 85..                 sta     zp:_Zp+3
    \ 0008 60                   rts
    \ 0000                      .section switch,rodata
    \ 0000 0700     `?L678`:    .word   7
    \ 0002 ....                 .word   `?L110`-1
    \ 0004 0300                 .word   3
    \ 0006 ....                 .word   `?L111`-1
    \ 0008 0d00                 .word   13
    \ 000a ....                 .word   `?L113`-1
    \ 000c 1100                 .word   17
    \ 000e ....                 .word   `?L115`-1
    \ 0010 1b00                 .word   27
    \ 0012 ....                 .word   `?L111`-1
    \ 0014 1d00                 .word   29
    \ 0016 ....                 .word   `?L115`-1
    \ 0018 2000                 .word   32
    \ 001a ....                 .word   `?L114`-1
    \ 001c 9100                 .word   145
    \ 001e ....                 .word   `?L117`-1
    \ 0020 9d00                 .word   157
    \ 0022 ....                 .word   `?L117`-1
    \ 0000                      .section switch,rodata
    \ 0000 0600     `?L679`:    .word   6
    \ 0002 ....                 .word   `?L150`-1
    \ 0004 0300                 .word   3
    \ 0006 ....                 .word   `?L151`-1
    \ 0008 0d00                 .word   13
    \ 000a ....                 .word   `?L153`-1
    \ 000c 1100                 .word   17
    \ 000e ....                 .word   `?L154`-1
    \ 0010 1b00                 .word   27
    \ 0012 ....                 .word   `?L151`-1
    \ 0014 1d00                 .word   29
    \ 0016 ....                 .word   `?L154`-1
    \ 0018 9100                 .word   145
    \ 001a ....                 .word   `?L156`-1
    \ 001c 9d00                 .word   157
    \ 001e ....                 .word   `?L156`-1
    \ 0000                      .section switch,rodata
    \ 0000 0500     `?L683`:    .word   5
    \ 0002 ....                 .word   `?L200`-1
    \ 0004 0300                 .word   3
    \ 0006 ....                 .word   `?L201`-1
    \ 0008 0d00                 .word   13
    \ 000a ....                 .word   `?L203`-1
    \ 000c 1100                 .word   17
    \ 000e ....                 .word   `?L205`-1
    \ 0010 1b00                 .word   27
    \ 0012 ....                 .word   `?L201`-1
    \ 0014 2000                 .word   32
    \ 0016 ....                 .word   `?L203`-1
    \ 0018 9100                 .word   145
    \ 001a ....                 .word   `?L206`-1
    \ 0000                      .section switch,rodata
    \ 0000 0300     `?L685`:    .word   3
    \ 0002 ....                 .word   `?L236`-1
    \ 0004 0300                 .word   3
    \ 0006 ....                 .word   `?L237`-1
    \ 0008 0d00                 .word   13
    \ 000a ....                 .word   `?L239`-1
    \ 000c 1b00                 .word   27
    \ 000e ....                 .word   `?L237`-1
    \ 0010 2000                 .word   32
    \ 0012 ....                 .word   `?L239`-1
    \ 0000                      .section switch,rodata
    \ 0000 0e00     `?L694`:    .word   14
    \ 0002 ....                 .word   `?L361`-1
    \ 0004 0300                 .word   3
    \ 0006 ....                 .word   `?L362`-1
    \ 0008 0d00                 .word   13
    \ 000a ....                 .word   `?L364`-1
    \ 000c 1100                 .word   17
    \ 000e ....                 .word   `?L357`-1
    \ 0010 1b00                 .word   27
    \ 0012 ....                 .word   `?L362`-1
    \ 0014 1f00                 .word   31
    \ 0016 ....                 .word   `?L357`-1
    \ 0018 2000                 .word   32
    \ 001a ....                 .word   `?L357`-1
    \ 001c 9100                 .word   145
    \ 001e ....                 .word   `?L357`-1
    \ 0020 f100                 .word   241
    \ 0022 ....                 .word   `?L357`-1
    \ 0024 9101                 .word   0x191
    \ 0026 ....                 .word   `?L357`-1
    \ 0028 9401                 .word   0x194
    \ 002a ....                 .word   `?L357`-1
    \ 002c f101                 .word   0x1f1
    \ 002e ....                 .word   `?L357`-1
    \ 0030 9102                 .word   0x291
    \ 0032 ....                 .word   `?L357`-1
    \ 0034 9402                 .word   0x294
    \ 0036 ....                 .word   `?L357`-1
    \ 0038 f102                 .word   0x2f1
    \ 003a ....                 .word   `?L357`-1
    \ 003c 1204                 .word   0x412
    \ 003e ....                 .word   `?L357`-1
    \ 0000                      .section switch,rodata
    \ 0000 3400     `?L693`:    .word   52
    \ 0002 ....                 .word   `?L382`-1
    \ 0004 0300                 .word   3
    \ 0006 ....                 .word   `?L402`-1
    \ 0008 0900                 .word   9
    \ 000a ....                 .word   `?L425`-1
    \ 000c 0d00                 .word   13
    \ 000e ....                 .word   `?L398`-1
    \ 0010 1100                 .word   17
    \ 0012 ....                 .word   `?L432`-1
    \ 0014 1b00                 .word   27
    \ 0016 ....                 .word   `?L402`-1
    \ 0018 1d00                 .word   29
    \ 001a ....                 .word   `?L428`-1
    \ 001c 1f00                 .word   31
    \ 001e ....                 .word   `?L394`-1
    \ 0020 2000                 .word   32
    \ 0022 ....                 .word   `?L399`-1
    \ 0024 5f00                 .word   95
    \ 0026 ....                 .word   `?L402`-1
    \ 0028 9100                 .word   145
    \ 002a ....                 .word   `?L433`-1
    \ 002c 9d00                 .word   157
    \ 002e ....                 .word   `?L429`-1
    \ 0030 f100                 .word   241
    \ 0032 ....                 .word   `?L394`-1
    \ 0034 f200                 .word   242
    \ 0036 ....                 .word   `?L422`-1
    \ 0038 f300                 .word   243
    \ 003a ....                 .word   `?L387`-1
    \ 003c f400                 .word   244
    \ 003e ....                 .word   `?L387`-1
    \ 0040 f500                 .word   245
    \ 0042 ....                 .word   `?L414`-1
    \ 0044 f600                 .word   246
    \ 0046 ....                 .word   `?L414`-1
    \ 0048 f700                 .word   247
    \ 004a ....                 .word   `?L410`-1
    \ 004c f800                 .word   248
    \ 004e ....                 .word   `?L414`-1
    \ 0050 f900                 .word   249
    \ 0052 ....                 .word   `?L407`-1
    \ 0054 fa00                 .word   250
    \ 0056 ....                 .word   `?L384`-1
    \ 0058 fb00                 .word   251
    \ 005a ....                 .word   `?L406`-1
    \ 005c ff00                 .word   255
    \ 005e ....                 .word   `?L331`-1
    \ 0060 0901                 .word   0x109
    \ 0062 ....                 .word   `?L425`-1
    \ 0064 9101                 .word   0x191
    \ 0066 ....                 .word   `?L433`-1
    \ 0068 9401                 .word   0x194
    \ 006a ....                 .word   `?L399`-1
    \ 006c 9d01                 .word   0x19d
    \ 006e ....                 .word   `?L429`-1
    \ 0070 f101                 .word   0x1f1
    \ 0072 ....                 .word   `?L394`-1
    \ 0074 f201                 .word   0x1f2
    \ 0076 ....                 .word   `?L422`-1
    \ 0078 f301                 .word   0x1f3
    \ 007a ....                 .word   `?L387`-1
    \ 007c f401                 .word   500
    \ 007e ....                 .word   `?L387`-1
    \ 0080 f601                 .word   0x1f6
    \ 0082 ....                 .word   `?L414`-1
    \ 0084 f701                 .word   0x1f7
    \ 0086 ....                 .word   `?L410`-1
    \ 0088 f801                 .word   0x1f8
    \ 008a ....                 .word   `?L414`-1
    \ 008c fa01                 .word   0x1fa
    \ 008e ....                 .word   `?L384`-1
    \ 0090 0902                 .word   0x209
    \ 0092 ....                 .word   `?L425`-1
    \ 0094 9102                 .word   0x291
    \ 0096 ....                 .word   `?L433`-1
    \ 0098 9402                 .word   0x294
    \ 009a ....                 .word   `?L399`-1
    \ 009c 9d02                 .word   0x29d
    \ 009e ....                 .word   `?L429`-1
    \ 00a0 f102                 .word   0x2f1
    \ 00a2 ....                 .word   `?L394`-1
    \ 00a4 f202                 .word   0x2f2
    \ 00a6 ....                 .word   `?L422`-1
    \ 00a8 f302                 .word   0x2f3
    \ 00aa ....                 .word   `?L387`-1
    \ 00ac f402                 .word   0x2f4
    \ 00ae ....                 .word   `?L387`-1
    \ 00b0 f602                 .word   0x2f6
    \ 00b2 ....                 .word   `?L414`-1
    \ 00b4 f702                 .word   0x2f7
    \ 00b6 ....                 .word   `?L410`-1
    \ 00b8 f802                 .word   0x2f8
    \ 00ba ....                 .word   `?L414`-1
    \ 00bc fa02                 .word   0x2fa
    \ 00be ....                 .word   `?L384`-1
    \ 00c0 1204                 .word   0x412
    \ 00c2 ....                 .word   `?L405`-1
    \ 00c4 1504                 .word   0x415
    \ 00c6 ....                 .word   `?L387`-1
    \ 00c8 f408                 .word   0x8f4
    \ 00ca ....                 .word   `?L421`-1
    \ 00cc f608                 .word   0x8f6
    \ 00ce ....                 .word   `?L413`-1
    \ 00d0 f808                 .word   0x8f8
    \ 00d2 ....                 .word   `?L409`-1
    \ 00d4 fa08                 .word   0x8fa
    \ 00d6 ....                 .word   `?L408`-1
    \ 0000                      .section cdata,rodata
    \ 0000                      .pubweak `_StringLiteral_ `
    \ 0000          `_StringLiteral_ `:
    \ 0000 2000                 .byte   32,0
    \ 0000                      .section cdata,rodata
    \ 0000                      .pubweak `_StringLiteral_[32,30]`
    \ 0000          `_StringLiteral_[32,30]`:
    \ 0000 201e00               .byte   32,30,0
    \ 0000                      .section cdata,rodata
    \ 0000                      .pubweak `_StringLiteral_    `
    \ 0000          `_StringLiteral_    `:
    \ 0000 20202020             .byte   32,32,32,32,0
    \ 0004 00
    \ 0000                      .section cdata,rodata
    \ 0000                      .pubweak `_StringLiteral_     `
    \ 0000          `_StringLiteral_     `:
    \ 0000 20202020             .byte   32,32,32,32,32,0
    \ 0004 2000
    \ 0000                      .section cdata,rodata
    \ 0000                      .pubweak `_StringLiteral_      `
    \ 0000          `_StringLiteral_      `:
    \ 0000 20202020             .byte   32,32,32,32,32,32,0
    \ 0004 202000
    \ 0000                      .section cdata,rodata
    \ 0000                      .pubweak `_StringLiteral_   OK   `
    \ 0000          `_StringLiteral_   OK   `:
    \ 0000 2020204f             .byte   32,32,32,79,75,32,32,32,0
    \ 0004 4b202020
    \ 0008 00
    \ 0000                      .section cdata,rodata
    \ 0000                      .pubweak `_StringLiteral_ 1`
    \ 0000          `_StringLiteral_ 1`:
    \ 0000 203100               .byte   32,49,0
    \ 0000                      .section cdata,rodata
    \ 0000                      .pubweak `_StringLiteral_ 10`
    \ 0000          `_StringLiteral_ 10`:
    \ 0000 20313000             .byte   32,49,48,0
    \ 0000                      .section cdata,rodata
    \ 0000                      .pubweak `_StringLiteral_ 2`
    \ 0000          `_StringLiteral_ 2`:
    \ 0000 203200               .byte   32,50,0
    \ 0000                      .section cdata,rodata
    \ 0000                      .pubweak `_StringLiteral_ 3`
    \ 0000          `_StringLiteral_ 3`:
    \ 0000 203300               .byte   32,51,0
    \ 0000                      .section cdata,rodata
    \ 0000                      .pubweak `_StringLiteral_ 4`
    \ 0000          `_StringLiteral_ 4`:
    \ 0000 203400               .byte   32,52,0
    \ 0000                      .section cdata,rodata
    \ 0000                      .pubweak `_StringLiteral_ 5`
    \ 0000          `_StringLiteral_ 5`:
    \ 0000 203500               .byte   32,53,0
    \ 0000                      .section cdata,rodata
    \ 0000                      .pubweak `_StringLiteral_ 6`
    \ 0000          `_StringLiteral_ 6`:
    \ 0000 203600               .byte   32,54,0
    \ 0000                      .section cdata,rodata
    \ 0000                      .pubweak `_StringLiteral_ 7`
    \ 0000          `_StringLiteral_ 7`:
    \ 0000 203700               .byte   32,55,0
    \ 0000                      .section cdata,rodata
    \ 0000                      .pubweak `_StringLiteral_ 8`
    \ 0000          `_StringLiteral_ 8`:
    \ 0000 203800               .byte   32,56,0
    \ 0000                      .section cdata,rodata
    \ 0000                      .pubweak `_StringLiteral_ 9`
    \ 0000          `_StringLiteral_ 9`:
    \ 0000 203900               .byte   32,57,0
    \ 0000                      .section cdata,rodata
    \ 0000                      .pubweak `_StringLiteral_ F11 to mount real drive `
    \ 0000          `_StringLiteral_ F11 to mount real drive `:
    \ 0000 20463131             .byte   32,70,49,49,32,116,111,32,109,111,117,110,116,32,114,101,97,108,32,100,114,105,118,101,32,0
    \ 0004 20746f20
    \ 0008 6d6f756e
    \ 000c 74207265
    \ 0010 616c2064
    \ 0014 72697665
    \ 0018 2000
    \ 0000                      .section cdata,rodata
    \ 0000                      .pubweak `_StringLiteral_ List of ROM files `
    \ 0000          `_StringLiteral_ List of ROM files `:
    \ 0000 204c6973             .byte   32,76,105,115,116,32,111,102,32,82,79,77,32,102,105,108,101,115,32,0
    \ 0004 74206f66
    \ 0008 20524f4d
    \ 000c 2066696c
    \ 0010 65732000
    \ 0000                      .section cdata,rodata
    \ 0000                      .pubweak `_StringLiteral_ Menu `
    \ 0000          `_StringLiteral_ Menu `:
    \ 0000 204d656e             .byte   32,77,101,110,117,32,0
    \ 0004 752000
    \ 0000                      .section cdata,rodata
    \ 0000                      .pubweak `_StringLiteral_ Midnight Mega `
    \ 0000          `_StringLiteral_ Midnight Mega `:
    \ 0000 204d6964             .byte   32,77,105,100,110,105,103,104,116,32,77,101,103,97,32,0
    \ 0004 6e696768
    \ 0008 74204d65
    \ 000c 67612000
    \ 0000                      .section cdata,rodata
    \ 0000                      .pubweak `_StringLiteral_ RETURN`
    \ 0000          `_StringLiteral_ RETURN`:
    \ 0000 20524554             .byte   32,82,69,84,85,82,78,0
    \ 0004 55524e00
    \ 0000                      .section cdata,rodata
    \ 0000                      .pubweak `_StringLiteral_ STOP`
    \ 0000          `_StringLiteral_ STOP`:
    \ 0000 2053544f             .byte   32,83,84,79,80,0
    \ 0004 5000
    \ 0000                      .section cdata,rodata
    \ 0000                      .pubweak `_StringLiteral_ Setup `
    \ 0000          `_StringLiteral_ Setup `:
    \ 0000 20536574             .byte   32,83,101,116,117,112,32,0
    \ 0004 75702000
    \ 0000                      .section cdata,rodata
    \ 0000                      .pubweak `_StringLiteral_ Space`
    \ 0000          `_StringLiteral_ Space`:
    \ 0000 20537061             .byte   32,83,112,97,99,101,0
    \ 0004 636500
    \ 0000                      .section cdata,rodata
    \ 0000                      .pubweak `_StringLiteral_ The MEGA65 file commander `
    \ 0000          `_StringLiteral_ The MEGA65 file commander `:
    \ 0000 20546865             .byte   32,84,104,101,32,77,69,71,65,54,53,32,102,105,108,101,32,99,111,109,109,97,110,100,101,114,32,0
    \ 0004 204d4547
    \ 0008 41363520
    \ 000c 66696c65
    \ 0010 20636f6d
    \ 0014 6d616e64
    \ 0018 65722000
    \ 0000                      .section cdata,rodata
    \ 0000                      .pubweak `_StringLiteral_ blocks free `
    \ 0000          `_StringLiteral_ blocks free `:
    \ 0000 20626c6f             .byte   32,98,108,111,99,107,115,32,102,114,101,101,32,0
    \ 0004 636b7320
    \ 0008 66726565
    \ 000c 2000
    \ 0000                      .section cdata,rodata
    \ 0000                      .pubweak `_StringLiteral_ disk access error `
    \ 0000          `_StringLiteral_ disk access error `:
    \ 0000 20646973             .byte   32,100,105,115,107,32,97,99,99,101,115,115,32,101,114,114,111,114,32,0
    \ 0004 6b206163
    \ 0008 63657373
    \ 000c 20657272
    \ 0010 6f722000
    \ 0000                      .section cdata,rodata
    \ 0000                      .pubweak `_StringLiteral_ drv:`
    \ 0000          `_StringLiteral_ drv:`:
    \ 0000 20647276             .byte   32,100,114,118,58,0
    \ 0004 3a00
    \ 0000                      .section cdata,rodata
    \ 0000                      .pubweak `_StringLiteral_ empty `
    \ 0000          `_StringLiteral_ empty `:
    \ 0000 20656d70             .byte   32,101,109,112,116,121,32,0
    \ 0004 74792000
    \ 0000                      .section cdata,rodata
    \ 0000                      .pubweak `_StringLiteral_ github.com/nobruinfo `
    \ 0000          `_StringLiteral_ github.com/nobruinfo `:
    \ 0000 20676974             .byte   32,103,105,116,104,117,98,46,99,111,109,47,110,111,98,114,117,105,110,102,111,32,0
    \ 0004 6875622e
    \ 0008 636f6d2f
    \ 000c 6e6f6272
    \ 0010 75696e66
    \ 0014 6f2000
    \ 0000                      .section cdata,rodata
    \ 0000                      .pubweak `_StringLiteral_ v`
    \ 0000          `_StringLiteral_ v`:
    \ 0000 207600               .byte   32,118,0
    \ 0000                      .section cdata,rodata
    \ 0000                      .pubweak `_StringLiteral_A HICKUP.M65 v1.2 or older is active on your storage card`
    \ 0000          `_StringLiteral_A HICKUP.M65 v1.2 or older is active on your storage card`:
    \ 0000 41204849             .byte   65,32,72,73,67,75,85,80,46,77,54,53,32,118,49,46,50,32,111,114,32,111,108,100,101,114,32,105,115,32,97,99,116,105,118,101,32,111,110,32,121,111,117,114,32,115,116,111,114,97,103,101,32,99,97,114,100,0
    \ 0004 434b5550
    \ 0008 2e4d3635
    \ 000c 2076312e
    \ 0010 32206f72
    \ 0014 206f6c64
    \ 0018 65722069
    \ 001c 73206163
    \ 0020 74697665
    \ 0024 206f6e20
    \ 0028 796f7572
    \ 002c 2073746f
    \ 0030 72616765
    \ 0034 20636172
    \ 0038 6400
    \ 0000                      .section cdata,rodata
    \ 0000                      .pubweak `_StringLiteral_Arrange entries:`
    \ 0000          `_StringLiteral_Arrange entries:`:
    \ 0000 41727261             .byte   65,114,114,97,110,103,101,32,101,110,116,114,105,101,115,58,0
    \ 0004 6e676520
    \ 0008 656e7472
    \ 000c 6965733a
    \ 0010 00
    \ 0000                      .section cdata,rodata
    \ 0000                      .pubweak _StringLiteral_BAM
    \ 0000          _StringLiteral_BAM:
    \ 0000 42414d00             .byte   66,65,77,0
    \ 0000                      .section cdata,rodata
    \ 0000                      .pubweak `_StringLiteral_BETA! use MOUNT hack POKE`
    \ 0000          `_StringLiteral_BETA! use MOUNT hack POKE`:
    \ 0000 42455441             .byte   66,69,84,65,33,32,117,115,101,32,77,79,85,78,84,32,104,97,99,107,32,80,79,75,69,0
    \ 0004 21207573
    \ 0008 65204d4f
    \ 000c 554e5420
    \ 0010 6861636b
    \ 0014 20504f4b
    \ 0018 4500
    \ 0000                      .section cdata,rodata
    \ 0000                      .pubweak `_StringLiteral_BETA! use drives 8 and 9`
    \ 0000          `_StringLiteral_BETA! use drives 8 and 9`:
    \ 0000 42455441             .byte   66,69,84,65,33,32,117,115,101,32,100,114,105,118,101,115,32,56,32,97,110,100,32,57,0
    \ 0004 21207573
    \ 0008 65206472
    \ 000c 69766573
    \ 0010 20382061
    \ 0014 6e642039
    \ 0018 00
    \ 0000                      .section cdata,rodata
    \ 0000                      .pubweak `_StringLiteral_Copy  `
    \ 0000          `_StringLiteral_Copy  `:
    \ 0000 436f7079             .byte   67,111,112,121,32,32,0
    \ 0004 202000
    \ 0000                      .section cdata,rodata
    \ 0000                      .pubweak `_StringLiteral_Copying from/to storage cards`
    \ 0000          `_StringLiteral_Copying from/to storage cards`:
    \ 0000 436f7079             .byte   67,111,112,121,105,110,103,32,102,114,111,109,47,116,111,32,115,116,111,114,97,103,101,32,99,97,114,100,115,0
    \ 0004 696e6720
    \ 0008 66726f6d
    \ 000c 2f746f20
    \ 0010 73746f72
    \ 0014 61676520
    \ 0018 63617264
    \ 001c 7300
    \ 0000                      .section cdata,rodata
    \ 0000                      .pubweak `_StringLiteral_Copying full directory structures`
    \ 0000          `_StringLiteral_Copying full directory structures`:
    \ 0000 436f7079             .byte   67,111,112,121,105,110,103,32,102,117,108,108,32,100,105,114,101,99,116,111,114,121,32,115,116,114,117,99,116,117,114,101,115,0
    \ 0004 696e6720
    \ 0008 66756c6c
    \ 000c 20646972
    \ 0010 6563746f
    \ 0014 72792073
    \ 0018 74727563
    \ 001c 74757265
    \ 0020 7300
    \ 0000                      .section cdata,rodata
    \ 0000                      .pubweak `_StringLiteral_Copying storage card files/folders`
    \ 0000          `_StringLiteral_Copying storage card files/folders`:
    \ 0000 436f7079             .byte   67,111,112,121,105,110,103,32,115,116,111,114,97,103,101,32,99,97,114,100,32,102,105,108,101,115,47,102,111,108,100,101,114,115,0
    \ 0004 696e6720
    \ 0008 73746f72
    \ 000c 61676520
    \ 0010 63617264
    \ 0014 2066696c
    \ 0018 65732f66
    \ 001c 6f6c6465
    \ 0020 727300
    \ 0000                      .section cdata,rodata
    \ 0000                      .pubweak `_StringLiteral_Copying subdirectories`
    \ 0000          `_StringLiteral_Copying subdirectories`:
    \ 0000 436f7079             .byte   67,111,112,121,105,110,103,32,115,117,98,100,105,114,101,99,116,111,114,105,101,115,0
    \ 0004 696e6720
    \ 0008 73756264
    \ 000c 69726563
    \ 0010 746f7269
    \ 0014 657300
    \ 0000                      .section cdata,rodata
    \ 0000                      .pubweak `_StringLiteral_Crsr down`
    \ 0000          `_StringLiteral_Crsr down`:
    \ 0000 43727372             .byte   67,114,115,114,32,100,111,119,110,0
    \ 0004 20646f77
    \ 0008 6e00
    \ 0000                      .section cdata,rodata
    \ 0000                      .pubweak `_StringLiteral_Crsr up`
    \ 0000          `_StringLiteral_Crsr up`:
    \ 0000 43727372             .byte   67,114,115,114,32,117,112,0
    \ 0004 20757000
    \ 0000                      .section cdata,rodata
    \ 0000                      .pubweak `_StringLiteral_Currently this option dialog cannot`
    \ 0000          `_StringLiteral_Currently this option dialog cannot`:
    \ 0000 43757272             .byte   67,117,114,114,101,110,116,108,121,32,116,104,105,115,32,111,112,116,105,111,110,32,100,105,97,108,111,103,32,99,97,110,110,111,116,0
    \ 0004 656e746c
    \ 0008 79207468
    \ 000c 6973206f
    \ 0010 7074696f
    \ 0014 6e206469
    \ 0018 616c6f67
    \ 001c 2063616e
    \ 0020 6e6f7400
    \ 0000                      .section cdata,rodata
    \ 0000                      .pubweak _StringLiteral_Delete
    \ 0000          _StringLiteral_Delete:
    \ 0000 44656c65             .byte   68,101,108,101,116,101,0
    \ 0004 746500
    \ 0000                      .section cdata,rodata
    \ 0000                      .pubweak `_StringLiteral_Directory `
    \ 0000          `_StringLiteral_Directory `:
    \ 0000 44697265             .byte   68,105,114,101,99,116,111,114,121,32,0
    \ 0004 63746f72
    \ 0008 792000
    \ 0000                      .section cdata,rodata
    \ 0000                      .pubweak `_StringLiteral_Directory delete,`
    \ 0000          `_StringLiteral_Directory delete,`:
    \ 0000 44697265             .byte   68,105,114,101,99,116,111,114,121,32,100,101,108,101,116,101,44,0
    \ 0004 63746f72
    \ 0008 79206465
    \ 000c 6c657465
    \ 0010 2c00
    \ 0000                      .section cdata,rodata
    \ 0000                      .pubweak `_StringLiteral_Directory entry sorting,`
    \ 0000          `_StringLiteral_Directory entry sorting,`:
    \ 0000 44697265             .byte   68,105,114,101,99,116,111,114,121,32,101,110,116,114,121,32,115,111,114,116,105,110,103,44,0
    \ 0004 63746f72
    \ 0008 7920656e
    \ 000c 74727920
    \ 0010 736f7274
    \ 0014 696e672c
    \ 0018 00
    \ 0000                      .section cdata,rodata
    \ 0000                      .pubweak `_StringLiteral_Directory operation on`
    \ 0000          `_StringLiteral_Directory operation on`:
    \ 0000 44697265             .byte   68,105,114,101,99,116,111,114,121,32,111,112,101,114,97,116,105,111,110,32,111,110,0
    \ 0004 63746f72
    \ 0008 79206f70
    \ 000c 65726174
    \ 0010 696f6e20
    \ 0014 6f6e00
    \ 0000                      .section cdata,rodata
    \ 0000                      .pubweak `_StringLiteral_Directory structure delete,`
    \ 0000          `_StringLiteral_Directory structure delete,`:
    \ 0000 44697265             .byte   68,105,114,101,99,116,111,114,121,32,115,116,114,117,99,116,117,114,101,32,100,101,108,101,116,101,44,0
    \ 0004 63746f72
    \ 0008 79207374
    \ 000c 72756374
    \ 0010 75726520
    \ 0014 64656c65
    \ 0018 74652c00
    \ 0000                      .section cdata,rodata
    \ 0000                      .pubweak `_StringLiteral_Disk copy,`
    \ 0000          `_StringLiteral_Disk copy,`:
    \ 0000 4469736b             .byte   68,105,115,107,32,99,111,112,121,44,0
    \ 0004 20636f70
    \ 0008 792c00
    \ 0000                      .section cdata,rodata
    \ 0000                      .pubweak `_StringLiteral_Disk will be quickformatted`
    \ 0000          `_StringLiteral_Disk will be quickformatted`:
    \ 0000 4469736b             .byte   68,105,115,107,32,119,105,108,108,32,98,101,32,113,117,105,99,107,102,111,114,109,97,116,116,101,100,0
    \ 0004 2077696c
    \ 0008 6c206265
    \ 000c 20717569
    \ 0010 636b666f
    \ 0014 726d6174
    \ 0018 74656400
    \ 0000                      .section cdata,rodata
    \ 0000                      .pubweak _StringLiteral_DskCpy
    \ 0000          _StringLiteral_DskCpy:
    \ 0000 44736b43             .byte   68,115,107,67,112,121,0
    \ 0004 707900
    \ 0000                      .section cdata,rodata
    \ 0000                      .pubweak `_StringLiteral_ERROR text data file not found!`
    \ 0000          `_StringLiteral_ERROR text data file not found!`:
    \ 0000 4552524f             .byte   69,82,82,79,82,32,116,101,120,116,32,100,97,116,97,32,102,105,108,101,32,110,111,116,32,102,111,117,110,100,33,0
    \ 0004 52207465
    \ 0008 78742064
    \ 000c 61746120
    \ 0010 66696c65
    \ 0014 206e6f74
    \ 0018 20666f75
    \ 001c 6e642100
    \ 0000                      .section cdata,rodata
    \ 0000                      .pubweak `_StringLiteral_ERROR too much text data for available blocks!`
    \ 0000          `_StringLiteral_ERROR too much text data for available blocks!`:
    \ 0000 4552524f             .byte   69,82,82,79,82,32,116,111,111,32,109,117,99,104,32,116,101,120,116,32,100,97,116,97,32,102,111,114,32,97,118,97,105,108,97,98,108,101,32,98,108,111,99,107,115,33,0
    \ 0004 5220746f
    \ 0008 6f206d75
    \ 000c 63682074
    \ 0010 65787420
    \ 0014 64617461
    \ 0018 20666f72
    \ 001c 20617661
    \ 0020 696c6162
    \ 0024 6c652062
    \ 0028 6c6f636b
    \ 002c 732100
    \ 0000                      .section cdata,rodata
    \ 0000                      .pubweak `_StringLiteral_Edit  `
    \ 0000          `_StringLiteral_Edit  `:
    \ 0000 45646974             .byte   69,100,105,116,32,32,0
    \ 0004 202000
    \ 0000                      .section cdata,rodata
    \ 0000                      .pubweak `_StringLiteral_Enter amount of tracks 2..80, 0 to quit:`
    \ 0000          `_StringLiteral_Enter amount of tracks 2..80, 0 to quit:`:
    \ 0000 456e7465             .byte   69,110,116,101,114,32,97,109,111,117,110,116,32,111,102,32,116,114,97,99,107,115,32,50,46,46,56,48,44,32,48,32,116,111,32,113,117,105,116,58,0
    \ 0004 7220616d
    \ 0008 6f756e74
    \ 000c 206f6620
    \ 0010 74726163
    \ 0014 6b732032
    \ 0018 2e2e3830
    \ 001c 2c203020
    \ 0020 746f2071
    \ 0024 7569743a
    \ 0028 00
    \ 0000                      .section cdata,rodata
    \ 0000                      .pubweak `_StringLiteral_Enter the new name, empty to skip:`
    \ 0000          `_StringLiteral_Enter the new name, empty to skip:`:
    \ 0000 456e7465             .byte   69,110,116,101,114,32,116,104,101,32,110,101,119,32,110,97,109,101,44,32,101,109,112,116,121,32,116,111,32,115,107,105,112,58,0
    \ 0004 72207468
    \ 0008 65206e65
    \ 000c 77206e61
    \ 0010 6d652c20
    \ 0014 656d7074
    \ 0018 7920746f
    \ 001c 20736b69
    \ 0020 703a00
    \ 0000                      .section cdata,rodata
    \ 0000                      .pubweak `_StringLiteral_File `
    \ 0000          `_StringLiteral_File `:
    \ 0000 46696c65             .byte   70,105,108,101,32,0
    \ 0004 2000
    \ 0000                      .section cdata,rodata
    \ 0000                      .pubweak `_StringLiteral_File copy,`
    \ 0000          `_StringLiteral_File copy,`:
    \ 0000 46696c65             .byte   70,105,108,101,32,99,111,112,121,44,0
    \ 0004 20636f70
    \ 0008 792c00
    \ 0000                      .section cdata,rodata
    \ 0000                      .pubweak `_StringLiteral_File delete,`
    \ 0000          `_StringLiteral_File delete,`:
    \ 0000 46696c65             .byte   70,105,108,101,32,100,101,108,101,116,101,44,0
    \ 0004 2064656c
    \ 0008 6574652c
    \ 000c 00
    \ 0000                      .section cdata,rodata
    \ 0000                      .pubweak `_StringLiteral_File type for`
    \ 0000          `_StringLiteral_File type for`:
    \ 0000 46696c65             .byte   70,105,108,101,32,116,121,112,101,32,102,111,114,0
    \ 0004 20747970
    \ 0008 6520666f
    \ 000c 7200
    \ 0000                      .section cdata,rodata
    \ 0000                      .pubweak _StringLiteral_Format
    \ 0000          _StringLiteral_Format:
    \ 0000 466f726d             .byte   70,111,114,109,97,116,0
    \ 0004 617400
    \ 0000                      .section cdata,rodata
    \ 0000                      .pubweak _StringLiteral_Freezer
    \ 0000          _StringLiteral_Freezer:
    \ 0000 46726565             .byte   70,114,101,101,122,101,114,0
    \ 0004 7a657200
    \ 0000                      .section cdata,rodata
    \ 0000                      .pubweak _StringLiteral_Freezr
    \ 0000          _StringLiteral_Freezr:
    \ 0000 46726565             .byte   70,114,101,101,122,114,0
    \ 0004 7a7200
    \ 0000                      .section cdata,rodata
    \ 0000                      .pubweak `_StringLiteral_Help  `
    \ 0000          `_StringLiteral_Help  `:
    \ 0000 48656c70             .byte   72,101,108,112,32,32,0
    \ 0004 202000
    \ 0000                      .section cdata,rodata
    \ 0000                      .pubweak `_StringLiteral_Initialising...`
    \ 0000          `_StringLiteral_Initialising...`:
    \ 0000 496e6974             .byte   73,110,105,116,105,97,108,105,115,105,110,103,46,46,46,0
    \ 0004 69616c69
    \ 0008 73696e67
    \ 000c 2e2e2e00
    \ 0000                      .section cdata,rodata
    \ 0000                      .pubweak _StringLiteral_MIDNIGHTMEGATEXT
    \ 0000          _StringLiteral_MIDNIGHTMEGATEXT:
    \ 0000 4d49444e             .byte   77,73,68,78,73,71,72,84,77,69,71,65,84,69,88,84,0
    \ 0004 49474854
    \ 0008 4d454741
    \ 000c 54455854
    \ 0010 00
    \ 0000                      .section cdata,rodata
    \ 0000                      .pubweak `_StringLiteral_Menu  `
    \ 0000          `_StringLiteral_Menu  `:
    \ 0000 4d656e75             .byte   77,101,110,117,32,32,0
    \ 0004 202000
    \ 0000                      .section cdata,rodata
    \ 0000                      .pubweak `_StringLiteral_Mkdir `
    \ 0000          `_StringLiteral_Mkdir `:
    \ 0000 4d6b6469             .byte   77,107,100,105,114,32,0
    \ 0004 722000
    \ 0000                      .section cdata,rodata
    \ 0000                      .pubweak `_StringLiteral_Mount `
    \ 0000          `_StringLiteral_Mount `:
    \ 0000 4d6f756e             .byte   77,111,117,110,116,32,0
    \ 0004 742000
    \ 0000                      .section cdata,rodata
    \ 0000                      .pubweak `_StringLiteral_No space to create a`
    \ 0000          `_StringLiteral_No space to create a`:
    \ 0000 4e6f2073             .byte   78,111,32,115,112,97,99,101,32,116,111,32,99,114,101,97,116,101,32,97,0
    \ 0004 70616365
    \ 0008 20746f20
    \ 000c 63726561
    \ 0010 74652061
    \ 0014 00
    \ 0000                      .section cdata,rodata
    \ 0000                      .pubweak `_StringLiteral_Not enough tracks available`
    \ 0000          `_StringLiteral_Not enough tracks available`:
    \ 0000 4e6f7420             .byte   78,111,116,32,101,110,111,117,103,104,32,116,114,97,99,107,115,32,97,118,97,105,108,97,98,108,101,0
    \ 0004 656e6f75
    \ 0008 67682074
    \ 000c 7261636b
    \ 0010 73206176
    \ 0014 61696c61
    \ 0018 626c6500
    \ 0000                      .section cdata,rodata
    \ 0000                      .pubweak `_StringLiteral_Operation on mulitiple`
    \ 0000          `_StringLiteral_Operation on mulitiple`:
    \ 0000 4f706572             .byte   79,112,101,114,97,116,105,111,110,32,111,110,32,109,117,108,105,116,105,112,108,101,0
    \ 0004 6174696f
    \ 0008 6e206f6e
    \ 000c 206d756c
    \ 0010 69746970
    \ 0014 6c6500
    \ 0000                      .section cdata,rodata
    \ 0000                      .pubweak `_StringLiteral_Please enter name of the subdirectory`
    \ 0000          `_StringLiteral_Please enter name of the subdirectory`:
    \ 0000 506c6561             .byte   80,108,101,97,115,101,32,101,110,116,101,114,32,110,97,109,101,32,111,102,32,116,104,101,32,115,117,98,100,105,114,101,99,116,111,114,121,0
    \ 0004 73652065
    \ 0008 6e746572
    \ 000c 206e616d
    \ 0010 65206f66
    \ 0014 20746865
    \ 0018 20737562
    \ 001c 64697265
    \ 0020 63746f72
    \ 0024 7900
    \ 0000                      .section cdata,rodata
    \ 0000                      .pubweak `_StringLiteral_Please enter the disk's name`
    \ 0000          `_StringLiteral_Please enter the disk's name`:
    \ 0000 506c6561             .byte   80,108,101,97,115,101,32,101,110,116,101,114,32,116,104,101,32,100,105,115,107,39,115,32,110,97,109,101,0
    \ 0004 73652065
    \ 0008 6e746572
    \ 000c 20746865
    \ 0010 20646973
    \ 0014 6b277320
    \ 0018 6e616d65
    \ 001c 00
    \ 0000                      .section cdata,rodata
    \ 0000                      .pubweak `_StringLiteral_Press RETURN or STOP to continue.`
    \ 0000          `_StringLiteral_Press RETURN or STOP to continue.`:
    \ 0000 50726573             .byte   80,114,101,115,115,32,82,69,84,85,82,78,32,111,114,32,83,84,79,80,32,116,111,32,99,111,110,116,105,110,117,101,46,0
    \ 0004 73205245
    \ 0008 5455524e
    \ 000c 206f7220
    \ 0010 53544f50
    \ 0014 20746f20
    \ 0018 636f6e74
    \ 001c 696e7565
    \ 0020 2e00
    \ 0000                      .section cdata,rodata
    \ 0000                      .pubweak `_StringLiteral_Press RETURN to continue, STOP to halt.`
    \ 0000          `_StringLiteral_Press RETURN to continue, STOP to halt.`:
    \ 0000 50726573             .byte   80,114,101,115,115,32,82,69,84,85,82,78,32,116,111,32,99,111,110,116,105,110,117,101,44,32,83,84,79,80,32,116,111,32,104,97,108,116,46,0
    \ 0004 73205245
    \ 0008 5455524e
    \ 000c 20746f20
    \ 0010 636f6e74
    \ 0014 696e7565
    \ 0018 2c205354
    \ 001c 4f502074
    \ 0020 6f206861
    \ 0024 6c742e00
    \ 0000                      .section cdata,rodata
    \ 0000                      .pubweak `_StringLiteral_Programme terminating.`
    \ 0000          `_StringLiteral_Programme terminating.`:
    \ 0000 50726f67             .byte   80,114,111,103,114,97,109,109,101,32,116,101,114,109,105,110,97,116,105,110,103,46,0
    \ 0004 72616d6d
    \ 0008 65207465
    \ 000c 726d696e
    \ 0010 6174696e
    \ 0014 672e00
    \ 0000                      .section cdata,rodata
    \ 0000                      .pubweak `_StringLiteral_Quit `
    \ 0000          `_StringLiteral_Quit `:
    \ 0000 51756974             .byte   81,117,105,116,32,0
    \ 0004 2000
    \ 0000                      .section cdata,rodata
    \ 0000                      .pubweak `_StringLiteral_Quit  `
    \ 0000          `_StringLiteral_Quit  `:
    \ 0000 51756974             .byte   81,117,105,116,32,32,0
    \ 0004 202000
    \ 0000                      .section cdata,rodata
    \ 0000                      .pubweak _StringLiteral_ROMlst
    \ 0000          _StringLiteral_ROMlst:
    \ 0000 524f4d6c             .byte   82,79,77,108,115,116,0
    \ 0004 737400
    \ 0000                      .section cdata,rodata
    \ 0000                      .pubweak `_StringLiteral_Reading...`
    \ 0000          `_StringLiteral_Reading...`:
    \ 0000 52656164             .byte   82,101,97,100,105,110,103,46,46,46,0
    \ 0004 696e672e
    \ 0008 2e2e00
    \ 0000                      .section cdata,rodata
    \ 0000                      .pubweak _StringLiteral_Rename
    \ 0000          _StringLiteral_Rename:
    \ 0000 52656e61             .byte   82,101,110,97,109,101,0
    \ 0004 6d6500
    \ 0000                      .section cdata,rodata
    \ 0000                      .pubweak `_StringLiteral_Storage card change directory,`
    \ 0000          `_StringLiteral_Storage card change directory,`:
    \ 0000 53746f72             .byte   83,116,111,114,97,103,101,32,99,97,114,100,32,99,104,97,110,103,101,32,100,105,114,101,99,116,111,114,121,44,0
    \ 0004 61676520
    \ 0008 63617264
    \ 000c 20636861
    \ 0010 6e676520
    \ 0014 64697265
    \ 0018 63746f72
    \ 001c 792c00
    \ 0000                      .section cdata,rodata
    \ 0000                      .pubweak `_StringLiteral_Storage card mounting,`
    \ 0000          `_StringLiteral_Storage card mounting,`:
    \ 0000 53746f72             .byte   83,116,111,114,97,103,101,32,99,97,114,100,32,109,111,117,110,116,105,110,103,44,0
    \ 0004 61676520
    \ 0008 63617264
    \ 000c 206d6f75
    \ 0010 6e74696e
    \ 0014 672c00
    \ 0000                      .section cdata,rodata
    \ 0000                      .pubweak `_StringLiteral_Storage card parent directory,`
    \ 0000          `_StringLiteral_Storage card parent directory,`:
    \ 0000 53746f72             .byte   83,116,111,114,97,103,101,32,99,97,114,100,32,112,97,114,101,110,116,32,100,105,114,101,99,116,111,114,121,44,0
    \ 0004 61676520
    \ 0008 63617264
    \ 000c 20706172
    \ 0010 656e7420
    \ 0014 64697265
    \ 0018 63746f72
    \ 001c 792c00
    \ 0000                      .section cdata,rodata
    \ 0000                      .pubweak `_StringLiteral_The to be formatted disk/image file has to`
    \ 0000          `_StringLiteral_The to be formatted disk/image file has to`:
    \ 0000 54686520             .byte   84,104,101,32,116,111,32,98,101,32,102,111,114,109,97,116,116,101,100,32,100,105,115,107,47,105,109,97,103,101,32,102,105,108,101,32,104,97,115,32,116,111,0
    \ 0004 746f2062
    \ 0008 6520666f
    \ 000c 726d6174
    \ 0010 74656420
    \ 0014 6469736b
    \ 0018 2f696d61
    \ 001c 67652066
    \ 0020 696c6520
    \ 0024 68617320
    \ 0028 746f00
    \ 0000                      .section cdata,rodata
    \ 0000                      .pubweak `_StringLiteral_This file type/directory`
    \ 0000          `_StringLiteral_This file type/directory`:
    \ 0000 54686973             .byte   84,104,105,115,32,102,105,108,101,32,116,121,112,101,47,100,105,114,101,99,116,111,114,121,0
    \ 0004 2066696c
    \ 0008 65207479
    \ 000c 70652f64
    \ 0010 69726563
    \ 0014 746f7279
    \ 0018 00
    \ 0000                      .section cdata,rodata
    \ 0000                      .pubweak `_StringLiteral_To create a directory a disk has to`
    \ 0000          `_StringLiteral_To create a directory a disk has to`:
    \ 0000 546f2063             .byte   84,111,32,99,114,101,97,116,101,32,97,32,100,105,114,101,99,116,111,114,121,32,97,32,100,105,115,107,32,104,97,115,32,116,111,0
    \ 0004 72656174
    \ 0008 65206120
    \ 000c 64697265
    \ 0010 63746f72
    \ 0014 79206120
    \ 0018 6469736b
    \ 001c 20686173
    \ 0020 20746f00
    \ 0000                      .section cdata,rodata
    \ 0000                      .pubweak _StringLiteral_Unmount
    \ 0000          _StringLiteral_Unmount:
    \ 0000 556e6d6f             .byte   85,110,109,111,117,110,116,0
    \ 0004 756e7400
    \ 0000                      .section cdata,rodata
    \ 0000                      .pubweak `_StringLiteral_Use the spacebar to select/unselect.`
    \ 0000          `_StringLiteral_Use the spacebar to select/unselect.`:
    \ 0000 55736520             .byte   85,115,101,32,116,104,101,32,115,112,97,99,101,98,97,114,32,116,111,32,115,101,108,101,99,116,47,117,110,115,101,108,101,99,116,46,0
    \ 0004 74686520
    \ 0008 73706163
    \ 000c 65626172
    \ 0010 20746f20
    \ 0014 73656c65
    \ 0018 63742f75
    \ 001c 6e73656c
    \ 0020 6563742e
    \ 0024 00
    \ 0000                      .section cdata,rodata
    \ 0000                      .pubweak `_StringLiteral_View  `
    \ 0000          `_StringLiteral_View  `:
    \ 0000 56696577             .byte   86,105,101,119,32,32,0
    \ 0004 202000
    \ 0000                      .section cdata,rodata
    \ 0000                      .pubweak `_StringLiteral_Writing...`
    \ 0000          `_StringLiteral_Writing...`:
    \ 0000 57726974             .byte   87,114,105,116,105,110,103,46,46,46,0
    \ 0004 696e672e
    \ 0008 2e2e00
    \ 0000                      .section cdata,rodata
    \ 0000                      .pubweak `_StringLiteral_Your version of the Hyppo/HDOS is too old`
    \ 0000          `_StringLiteral_Your version of the Hyppo/HDOS is too old`:
    \ 0000 596f7572             .byte   89,111,117,114,32,118,101,114,115,105,111,110,32,111,102,32,116,104,101,32,72,121,112,112,111,47,72,68,79,83,32,105,115,32,116,111,111,32,111,108,100,0
    \ 0004 20766572
    \ 0008 73696f6e
    \ 000c 206f6620
    \ 0010 74686520
    \ 0014 48797070
    \ 0018 6f2f4844
    \ 001c 4f532069
    \ 0020 7320746f
    \ 0024 6f206f6c
    \ 0028 6400
    \ 0000                      .section cdata,rodata
    \ 0000                      .pubweak _StringLiteral_abort
    \ 0000          _StringLiteral_abort:
    \ 0000 61626f72             .byte   97,98,111,114,116,0
    \ 0004 7400
    \ 0000                      .section cdata,rodata
    \ 0000                      .pubweak `_StringLiteral_accept.`
    \ 0000          `_StringLiteral_accept.`:
    \ 0000 61636365             .byte   97,99,99,101,112,116,46,0
    \ 0004 70742e00
    \ 0000                      .section cdata,rodata
    \ 0000                      .pubweak `_StringLiteral_already mounted`
    \ 0000          `_StringLiteral_already mounted`:
    \ 0000 616c7265             .byte   97,108,114,101,97,100,121,32,109,111,117,110,116,101,100,0
    \ 0004 61647920
    \ 0008 6d6f756e
    \ 000c 74656400
    \ 0000                      .section cdata,rodata
    \ 0000                      .pubweak `_StringLiteral_be mounted and its root directory selected.`
    \ 0000          `_StringLiteral_be mounted and its root directory selected.`:
    \ 0000 6265206d             .byte   98,101,32,109,111,117,110,116,101,100,32,97,110,100,32,105,116,115,32,114,111,111,116,32,100,105,114,101,99,116,111,114,121,32,115,101,108,101,99,116,101,100,46,0
    \ 0004 6f756e74
    \ 0008 65642061
    \ 000c 6e642069
    \ 0010 74732072
    \ 0014 6f6f7420
    \ 0018 64697265
    \ 001c 63746f72
    \ 0020 79207365
    \ 0024 6c656374
    \ 0028 65642e00
    \ 0000                      .section cdata,rodata
    \ 0000                      .pubweak `_StringLiteral_be quit unsaved. So use RETURN to`
    \ 0000          `_StringLiteral_be quit unsaved. So use RETURN to`:
    \ 0000 62652071             .byte   98,101,32,113,117,105,116,32,117,110,115,97,118,101,100,46,32,83,111,32,117,115,101,32,82,69,84,85,82,78,32,116,111,0
    \ 0004 75697420
    \ 0008 756e7361
    \ 000c 7665642e
    \ 0010 20536f20
    \ 0014 75736520
    \ 0018 52455455
    \ 001c 524e2074
    \ 0020 6f00
    \ 0000                      .section cdata,rodata
    \ 0000                      .pubweak `_StringLiteral_copy allocated BAM blocks only`
    \ 0000          `_StringLiteral_copy allocated BAM blocks only`:
    \ 0000 636f7079             .byte   99,111,112,121,32,97,108,108,111,99,97,116,101,100,32,66,65,77,32,98,108,111,99,107,115,32,111,110,108,121,0
    \ 0004 20616c6c
    \ 0008 6f636174
    \ 000c 65642042
    \ 0010 414d2062
    \ 0014 6c6f636b
    \ 0018 73206f6e
    \ 001c 6c7900
    \ 0000                      .section cdata,rodata
    \ 0000                      .pubweak `_StringLiteral_destination disk space insufficient`
    \ 0000          `_StringLiteral_destination disk space insufficient`:
    \ 0000 64657374             .byte   100,101,115,116,105,110,97,116,105,111,110,32,100,105,115,107,32,115,112,97,99,101,32,105,110,115,117,102,102,105,99,105,101,110,116,0
    \ 0004 696e6174
    \ 0008 696f6e20
    \ 000c 6469736b
    \ 0010 20737061
    \ 0014 63652069
    \ 0018 6e737566
    \ 001c 66696369
    \ 0020 656e7400
    \ 0000                      .section cdata,rodata
    \ 0000                      .pubweak `_StringLiteral_destination disk will be OVERWRITTEN`
    \ 0000          `_StringLiteral_destination disk will be OVERWRITTEN`:
    \ 0000 64657374             .byte   100,101,115,116,105,110,97,116,105,111,110,32,100,105,115,107,32,119,105,108,108,32,98,101,32,79,86,69,82,87,82,73,84,84,69,78,0
    \ 0004 696e6174
    \ 0008 696f6e20
    \ 000c 6469736b
    \ 0010 2077696c
    \ 0014 6c206265
    \ 0018 204f5645
    \ 001c 52575249
    \ 0020 5454454e
    \ 0024 00
    \ 0000                      .section cdata,rodata
    \ 0000                      .pubweak `_StringLiteral_destination file`
    \ 0000          `_StringLiteral_destination file`:
    \ 0000 64657374             .byte   100,101,115,116,105,110,97,116,105,111,110,32,102,105,108,101,0
    \ 0004 696e6174
    \ 0008 696f6e20
    \ 000c 66696c65
    \ 0010 00
    \ 0000                      .section cdata,rodata
    \ 0000                      .pubweak `_StringLiteral_did you save your work?`
    \ 0000          `_StringLiteral_did you save your work?`:
    \ 0000 64696420             .byte   100,105,100,32,121,111,117,32,115,97,118,101,32,121,111,117,114,32,119,111,114,107,63,0
    \ 0004 796f7520
    \ 0008 73617665
    \ 000c 20796f75
    \ 0010 7220776f
    \ 0014 726b3f00
    \ 0000                      .section cdata,rodata
    \ 0000                      .pubweak _StringLiteral_directory
    \ 0000          _StringLiteral_directory:
    \ 0000 64697265             .byte   100,105,114,101,99,116,111,114,121,0
    \ 0004 63746f72
    \ 0008 7900
    \ 0000                      .section cdata,rodata
    \ 0000                      .pubweak `_StringLiteral_directory is not empty`
    \ 0000          `_StringLiteral_directory is not empty`:
    \ 0000 64697265             .byte   100,105,114,101,99,116,111,114,121,32,105,115,32,110,111,116,32,101,109,112,116,121,0
    \ 0004 63746f72
    \ 0008 79206973
    \ 000c 206e6f74
    \ 0010 20656d70
    \ 0014 747900
    \ 0000                      .section cdata,rodata
    \ 0000                      .pubweak `_StringLiteral_entries is not supported`
    \ 0000          `_StringLiteral_entries is not supported`:
    \ 0000 656e7472             .byte   101,110,116,114,105,101,115,32,105,115,32,110,111,116,32,115,117,112,112,111,114,116,101,100,0
    \ 0004 69657320
    \ 0008 6973206e
    \ 000c 6f742073
    \ 0010 7570706f
    \ 0014 72746564
    \ 0018 00
    \ 0000                      .section cdata,rodata
    \ 0000                      .pubweak `_StringLiteral_from left side`
    \ 0000          `_StringLiteral_from left side`:
    \ 0000 66726f6d             .byte   102,114,111,109,32,108,101,102,116,32,115,105,100,101,0
    \ 0004 206c6566
    \ 0008 74207369
    \ 000c 646500
    \ 0000                      .section cdata,rodata
    \ 0000                      .pubweak `_StringLiteral_from left to right`
    \ 0000          `_StringLiteral_from left to right`:
    \ 0000 66726f6d             .byte   102,114,111,109,32,108,101,102,116,32,116,111,32,114,105,103,104,116,0
    \ 0004 206c6566
    \ 0008 7420746f
    \ 000c 20726967
    \ 0010 687400
    \ 0000                      .section cdata,rodata
    \ 0000                      .pubweak `_StringLiteral_from right side`
    \ 0000          `_StringLiteral_from right side`:
    \ 0000 66726f6d             .byte   102,114,111,109,32,114,105,103,104,116,32,115,105,100,101,0
    \ 0004 20726967
    \ 0008 68742073
    \ 000c 69646500
    \ 0000                      .section cdata,rodata
    \ 0000                      .pubweak `_StringLiteral_from right to left`
    \ 0000          `_StringLiteral_from right to left`:
    \ 0000 66726f6d             .byte   102,114,111,109,32,114,105,103,104,116,32,116,111,32,108,101,102,116,0
    \ 0004 20726967
    \ 0008 68742074
    \ 000c 6f206c65
    \ 0010 667400
    \ 0000                      .section cdata,rodata
    \ 0000                      .pubweak `_StringLiteral_is not supported`
    \ 0000          `_StringLiteral_is not supported`:
    \ 0000 6973206e             .byte   105,115,32,110,111,116,32,115,117,112,112,111,114,116,101,100,0
    \ 0004 6f742073
    \ 0008 7570706f
    \ 000c 72746564
    \ 0010 00
    \ 0000                      .section cdata,rodata
    \ 0000                      .pubweak `_StringLiteral_is not supported.`
    \ 0000          `_StringLiteral_is not supported.`:
    \ 0000 6973206e             .byte   105,115,32,110,111,116,32,115,117,112,112,111,114,116,101,100,46,0
    \ 0004 6f742073
    \ 0008 7570706f
    \ 000c 72746564
    \ 0010 2e00
    \ 0000                      .section cdata,rodata
    \ 0000                      .pubweak `_StringLiteral_is not yet implemented.`
    \ 0000          `_StringLiteral_is not yet implemented.`:
    \ 0000 6973206e             .byte   105,115,32,110,111,116,32,121,101,116,32,105,109,112,108,101,109,101,110,116,101,100,46,0
    \ 0004 6f742079
    \ 0008 65742069
    \ 000c 6d706c65
    \ 0010 6d656e74
    \ 0014 65642e00
    \ 0000                      .section cdata,rodata
    \ 0000                      .pubweak `_StringLiteral_left drive?`
    \ 0000          `_StringLiteral_left drive?`:
    \ 0000 6c656674             .byte   108,101,102,116,32,100,114,105,118,101,63,0
    \ 0004 20647269
    \ 0008 76653f00
    \ 0000                      .section cdata,rodata
    \ 0000                      .pubweak `_StringLiteral_mount failed for`
    \ 0000          `_StringLiteral_mount failed for`:
    \ 0000 6d6f756e             .byte   109,111,117,110,116,32,102,97,105,108,101,100,32,102,111,114,0
    \ 0004 74206661
    \ 0008 696c6564
    \ 000c 20666f72
    \ 0010 00
    \ 0000                      .section cdata,rodata
    \ 0000                      .pubweak `_StringLiteral_mounted on left side`
    \ 0000          `_StringLiteral_mounted on left side`:
    \ 0000 6d6f756e             .byte   109,111,117,110,116,101,100,32,111,110,32,108,101,102,116,32,115,105,100,101,0
    \ 0004 74656420
    \ 0008 6f6e206c
    \ 000c 65667420
    \ 0010 73696465
    \ 0014 00
    \ 0000                      .section cdata,rodata
    \ 0000                      .pubweak `_StringLiteral_mounted on right side`
    \ 0000          `_StringLiteral_mounted on right side`:
    \ 0000 6d6f756e             .byte   109,111,117,110,116,101,100,32,111,110,32,114,105,103,104,116,32,115,105,100,101,0
    \ 0004 74656420
    \ 0008 6f6e2072
    \ 000c 69676874
    \ 0010 20736964
    \ 0014 6500
    \ 0000                      .section cdata,rodata
    \ 0000                      .pubweak `_StringLiteral_multiple selected entries`
    \ 0000          `_StringLiteral_multiple selected entries`:
    \ 0000 6d756c74             .byte   109,117,108,116,105,112,108,101,32,115,101,108,101,99,116,101,100,32,101,110,116,114,105,101,115,0
    \ 0004 69706c65
    \ 0008 2073656c
    \ 000c 65637465
    \ 0010 6420656e
    \ 0014 74726965
    \ 0018 7300
    \ 0000                      .section cdata,rodata
    \ 0000                      .pubweak `_StringLiteral_not found`
    \ 0000          `_StringLiteral_not found`:
    \ 0000 6e6f7420             .byte   110,111,116,32,102,111,117,110,100,0
    \ 0004 666f756e
    \ 0008 6400
    \ 0000                      .section cdata,rodata
    \ 0000                      .pubweak `_StringLiteral_on multiple selected`
    \ 0000          `_StringLiteral_on multiple selected`:
    \ 0000 6f6e206d             .byte   111,110,32,109,117,108,116,105,112,108,101,32,115,101,108,101,99,116,101,100,0
    \ 0004 756c7469
    \ 0008 706c6520
    \ 000c 73656c65
    \ 0010 63746564
    \ 0014 00
    \ 0000                      .section cdata,rodata
    \ 0000                      .pubweak `_StringLiteral_on storage card not possible`
    \ 0000          `_StringLiteral_on storage card not possible`:
    \ 0000 6f6e2073             .byte   111,110,32,115,116,111,114,97,103,101,32,99,97,114,100,32,110,111,116,32,112,111,115,115,105,98,108,101,0
    \ 0004 746f7261
    \ 0008 67652063
    \ 000c 61726420
    \ 0010 6e6f7420
    \ 0014 706f7373
    \ 0018 69626c65
    \ 001c 00
    \ 0000                      .section cdata,rodata
    \ 0000                      .pubweak `_StringLiteral_open failed for`
    \ 0000          `_StringLiteral_open failed for`:
    \ 0000 6f70656e             .byte   111,112,101,110,32,102,97,105,108,101,100,32,102,111,114,0
    \ 0004 20666169
    \ 0008 6c656420
    \ 000c 666f7200
    \ 0000                      .section cdata,rodata
    \ 0000                      .pubweak `_StringLiteral_or an old core containing it. Falling back to slow mode.`
    \ 0000          `_StringLiteral_or an old core containing it. Falling back to slow mode.`:
    \ 0000 6f722061             .byte   111,114,32,97,110,32,111,108,100,32,99,111,114,101,32,99,111,110,116,97,105,110,105,110,103,32,105,116,46,32,70,97,108,108,105,110,103,32,98,97,99,107,32,116,111,32,115,108,111,119,32,109,111,100,101,46,0
    \ 0004 6e206f6c
    \ 0008 6420636f
    \ 000c 72652063
    \ 0010 6f6e7461
    \ 0014 696e696e
    \ 0018 67206974
    \ 001c 2e204661
    \ 0020 6c6c696e
    \ 0024 67206261
    \ 0028 636b2074
    \ 002c 6f20736c
    \ 0030 6f77206d
    \ 0034 6f64652e
    \ 0038 00
    \ 0000                      .section cdata,rodata
    \ 0000                      .pubweak `_StringLiteral_reading disk drives`
    \ 0000          `_StringLiteral_reading disk drives`:
    \ 0000 72656164             .byte   114,101,97,100,105,110,103,32,100,105,115,107,32,100,114,105,118,101,115,0
    \ 0004 696e6720
    \ 0008 6469736b
    \ 000c 20647269
    \ 0010 76657300
    \ 0000                      .section cdata,rodata
    \ 0000                      .pubweak `_StringLiteral_real drive`
    \ 0000          `_StringLiteral_real drive`:
    \ 0000 7265616c             .byte   114,101,97,108,32,100,114,105,118,101,0
    \ 0004 20647269
    \ 0008 766500
    \ 0000                      .section cdata,rodata
    \ 0000                      .pubweak `_StringLiteral_removing BAM entries`
    \ 0000          `_StringLiteral_removing BAM entries`:
    \ 0000 72656d6f             .byte   114,101,109,111,118,105,110,103,32,66,65,77,32,101,110,116,114,105,101,115,0
    \ 0004 76696e67
    \ 0008 2042414d
    \ 000c 20656e74
    \ 0010 72696573
    \ 0014 00
    \ 0000                      .section cdata,rodata
    \ 0000                      .pubweak `_StringLiteral_right drive?`
    \ 0000          `_StringLiteral_right drive?`:
    \ 0000 72696768             .byte   114,105,103,104,116,32,100,114,105,118,101,63,0
    \ 0004 74206472
    \ 0008 6976653f
    \ 000c 00
    \ 0000                      .section cdata,rodata
    \ 0000                      .pubweak _StringLiteral_save
    \ 0000          _StringLiteral_save:
    \ 0000 73617665             .byte   115,97,118,101,0
    \ 0004 00
    \ 0000                      .section cdata,rodata
    \ 0000                      .pubweak _StringLiteral_select
    \ 0000          _StringLiteral_select:
    \ 0000 73656c65             .byte   115,101,108,101,99,116,0
    \ 0004 637400
    \ 0000                      .section cdata,rodata
    \ 0000                      .pubweak `_StringLiteral_show DEL files`
    \ 0000          `_StringLiteral_show DEL files`:
    \ 0000 73686f77             .byte   115,104,111,119,32,68,69,76,32,102,105,108,101,115,0
    \ 0004 2044454c
    \ 0008 2066696c
    \ 000c 657300
    \ 0000                      .section cdata,rodata
    \ 0000                      .pubweak `_StringLiteral_show drive access overlay`
    \ 0000          `_StringLiteral_show drive access overlay`:
    \ 0000 73686f77             .byte   115,104,111,119,32,100,114,105,118,101,32,97,99,99,101,115,115,32,111,118,101,114,108,97,121,0
    \ 0004 20647269
    \ 0008 76652061
    \ 000c 63636573
    \ 0010 73206f76
    \ 0014 65726c61
    \ 0018 7900
    \ 0000                      .section cdata,rodata
    \ 0000                      .pubweak `_StringLiteral_source file`
    \ 0000          `_StringLiteral_source file`:
    \ 0000 736f7572             .byte   115,111,117,114,99,101,32,102,105,108,101,0
    \ 0004 63652066
    \ 0008 696c6500
    \ 0000                      .section cdata,rodata
    \ 0000                      .pubweak `_StringLiteral_storage card`
    \ 0000          `_StringLiteral_storage card`:
    \ 0000 73746f72             .byte   115,116,111,114,97,103,101,32,99,97,114,100,0
    \ 0004 61676520
    \ 0008 63617264
    \ 000c 00
    \ 0000                      .section cdata,rodata
    \ 0000                      .pubweak `_StringLiteral_storage card files/folders`
    \ 0000          `_StringLiteral_storage card files/folders`:
    \ 0000 73746f72             .byte   115,116,111,114,97,103,101,32,99,97,114,100,32,102,105,108,101,115,47,102,111,108,100,101,114,115,0
    \ 0004 61676520
    \ 0008 63617264
    \ 000c 2066696c
    \ 0010 65732f66
    \ 0014 6f6c6465
    \ 0018 727300
    \ 0000                      .section cdata,rodata
    \ 0000                      .pubweak `_StringLiteral_subdirectory.`
    \ 0000          `_StringLiteral_subdirectory.`:
    \ 0000 73756264             .byte   115,117,98,100,105,114,101,99,116,111,114,121,46,0
    \ 0004 69726563
    \ 0008 746f7279
    \ 000c 2e00
    \ 0000                      .section cdata,rodata
    \ 0000                      .pubweak `_StringLiteral_to create a directory.`
    \ 0000          `_StringLiteral_to create a directory.`:
    \ 0000 746f2063             .byte   116,111,32,99,114,101,97,116,101,32,97,32,100,105,114,101,99,116,111,114,121,46,0
    \ 0004 72656174
    \ 0008 65206120
    \ 000c 64697265
    \ 0010 63746f72
    \ 0014 792e00
    \ 0000                      .section cdata,rodata
    \ 0000                      .pubweak `_StringLiteral_to unmount drives.`
    \ 0000          `_StringLiteral_to unmount drives.`:
    \ 0000 746f2075             .byte   116,111,32,117,110,109,111,117,110,116,32,100,114,105,118,101,115,46,0
    \ 0004 6e6d6f75
    \ 0008 6e742064
    \ 000c 72697665
    \ 0010 732e00
    \ 0000                      .section cdata,rodata
    \ 0000                      .pubweak _StringLiteral_unsupported
    \ 0000          _StringLiteral_unsupported:
    \ 0000 756e7375             .byte   117,110,115,117,112,112,111,114,116,101,100,0
    \ 0004 70706f72
    \ 0008 74656400
    \ 0000                      .section cdata,rodata
    \ 0000                      .pubweak `_StringLiteral_updating BAM`
    \ 0000          `_StringLiteral_updating BAM`:
    \ 0000 75706461             .byte   117,112,100,97,116,105,110,103,32,66,65,77,0
    \ 0004 74696e67
    \ 0008 2042414d
    \ 000c 00
    \ 0000                      .section cdata,rodata
    \ 0000                      .pubweak `_StringLiteral_v0.6.7-beta`
    \ 0000          `_StringLiteral_v0.6.7-beta`:
    \ 0000 76302e36             .byte   118,48,46,54,46,55,45,98,101,116,97,0
    \ 0004 2e372d62
    \ 0008 65746100

##########################
#                        #
# Memory sizes (decimal) #
#                        #
##########################

Executable        (Text): 10962 bytes
Zero initialized   (BSS):   179 bytes
Data                    :     4 bytes
Constant                :  2920 bytes
