###############################################################################
#                                                                             #
# Calypsi ISO C compiler for 6502                                version 5.13 #
#                                                       18/Jan/2026  09:50:07 #
# Command line: -D asm=__asm -I calypsi.h -D VERSION="v0.6.8-beta" -I         #
#               mega65-libc/include -O 2 --core 45gs02 --target MEGA65 -D     #
#               FULLFEATURES --list-file=obj/fileio.lst -MMD -MP -c           #
#               src/fileio.c -o obj/fileio.o -MFobj/fileio.d                  #
#                                                                             #
###############################################################################

    \ 0000                      .rtmodel version,"1"
    \ 0000                      .rtmodel codeModel,"plain"
    \ 0000                      .rtmodel core,"45gs02"
    \ 0000                      .rtmodel target,"mega65"
    \ 0000                      .extern _AllocStackSave
    \ 0000                      .extern _DeallocStackRestore
    \ 0000                      .extern _DecVsp
    \ 0000                      .extern _DivMod16
    \ 0000                      .extern _FillQ
    \ 0000                      .extern _FillZP
    \ 0000                      .extern _IncVsp
    \ 0000                      .extern _LoadVspEA
    \ 0000                      .extern _MoveLong16X
    \ 0000                      .extern _RestoreRegisters
    \ 0000                      .extern _SpillZP
    \ 0000                      .extern _UDivMod16
    \ 0000                      .extern _Vfp
    \ 0000                      .extern _Vsp
    \ 0000                      .extern _Zp
    \ 0000                      .extern bordercolor
    \ 0000                      .extern cgetcd
    \ 0000                      .extern clrhomed
    \ 0000                      .extern cputc
    \ 0000                      .extern cputlnd
    \ 0000                      .extern csputdec
    \ 0000                      .extern hline
    \ 0000                      .extern lcopy
    \ 0000                      .extern lfill
    \ 0000                      .extern mcputsxy
    \ 0000                      .extern messagebox
    \ 0000                      .extern mh4printfd
    \ 0000                      .extern mhprintfd
    \ 0000                      .extern mprintfd
    \ 0000                      .extern msprintfd
    \ 0000                      .extern progress
    \ 0000                      .extern readdir_dirent
    \ 0000                      .extern readtracksector
    \ 0000                      .extern readtracksectorclose
    \ 0000                      .extern readtracksectoropen
    \ 0000                      .extern revers
    \ 0000                      .extern s
    \ 0000                      .extern strcopy
    \ 0000                      .extern textcolor
    \ 0000                      .extern usleep
    \ 0000                      .extern writetracksector
0001                #include <string.h>
0002                #include <stdint.h>
0003                #include <mega65/conio.h>  // llvm instead of <printf.h>
0004                #include <mega65/memory.h>  // mega65-libc
0005                #include <mega65/hal.h>  // mega65-libc
0006                #include "regions.h"
0007                #include "hyppo.h"
0008                #include "fileio.h"
0009                #include "filekernel.h"
0010                #include "conioextensions.h"
0011
0012                // static unsigned char __attribute__((used)) retval;
0013
0014                // unsigned char ptrMiniOffs = $DE;
0015                // #pragma bss-name (push, "ZEROPAGE")
0016                // /* volatile __zp */ unsigned long ptrMiniOffs;
0017                // #pragma bss-name (pop)
0018                // unsigned char * ptrMiniOffs = 0xFFD6C00; the address region is given
0019                #define SECTBUF      0xFFD6C00
0020                #define SECTBUFUPPER 0xFFD6D00
0021
0022                // unsigned char __attribute__((used)) offsCurrIdx = 0;
0023                // unsigned char __attribute__((used)) flagCurrSec = 0;
0024                // #pragma bss-name (push, "ZEROPAGE")
0025                // for zp global vars use: unsigned char var = 0;
0026                // #pragma bss-name (pop)
0027
0028                // All to point into the disk buffer.
0029                // to access as data:
0030                BAM * BAMsector[2] = { (BAM*) BLOCKBAMLOW, (BAM*) BLOCKBAMHIGH };
    \ 0000                      .section data,data
    \ 0000                      .public BAMsector
    \ 0000 00170018 BAMsector:  .word   0x1700,0x1800
0031                // to transfer as fake BAM struct:
0032                DATABLOCK * worksector[2] = { (DATABLOCK*) BLOCKDATALOW, (DATABLOCK*) BLOCKDATAHIGH };
    \ 0000                      .section data,data
    \ 0000                      .public worksector
    \ 0000 0019001a worksector: .word   0x1900,0x1a00
0033                // eight entries per single block:
0034                BAM * worksectorasBAM[2] = { (BAM*) BLOCKDATALOW, (BAM*) BLOCKDATAHIGH };
    \ 0000                      .section data,data
    \ 0000                      .public worksectorasBAM
    \ 0000          worksectorasBAM:
    \ 0000 0019001a             .word   0x1900,0x1a00
0035
0036                // eight entries per single block:
0037                // /* SECT */ DIRENT * direntryblock[2] = {
0038                //  ( /* SECT */ DIRENT*) DIRENTPAGELOW,
0039                //  ( /* SECT */ DIRENT*) (DIRENTPAGELOW + DIRENTSIZE) }; // HIGH };
0040
0041                DIRFLAGS direntflags[2][NBRENTRIES];
0042
0043                // unsigned char workside;
0044                unsigned char BAMside;
    \ 0000                      .section zdata,bss
    \ 0000                      .public BAMside
    \ 0000          BAMside:    .space  1
0045                unsigned char direntside;
    \ 0000                      .section zdata,bss
    \ 0000                      .public direntside
    \ 0000          direntside: .space  1
0046                unsigned char dosfilename[DOSFILENAMELEN + 1]; // extra byte for nullterm
    \ 0000                      .section zdata,bss
    \ 0000                      .public dosfilename
    \ 0000          dosfilename:
    \ 0000                      .space  17
0047
0048                // Midnight Mega general setup options:
0049                // __attribute__((section(".data")))
0050                OPTION option;
0051
0052                void ShowAccess(unsigned char drive,
0053                                char track, char sector, unsigned char rw)  {
    \ 0000                      .section code,text
    \ 0000                      .public ShowAccess
    \ 0000 a200     ShowAccess: ldx     #0
    \ 0002 a003                 ldy     #3
    \ 0004 20....               jsr     _AllocStackSave
    \ 0007 85..                 sta     zp:_Zp+27
    \ 0009 20....               jsr     `?L1432`
    \ 000c 85..                 sta     zp:_Zp+25
    \ 000e a5..                 lda     zp:_Zp+2
    \ 0010 85..                 sta     zp:_Zp+24
0054                  if (rw == OFF)  {
    \ 0012 a302                 ldz     #2
    \ 0014 d4..                 cpz     zp:_Zp+24
    \ 0016 d019                 bne     `?L4`
0055                    textcolor(COLOUR_CYAN);
    \ 0018 a903                 lda     #3
    \ 001a 20....               jsr     textcolor
0056                    hline(SHOWACCESSX, SHOWACCESSY, 12, 32); // 64);  // 64 is the horizontal line
    \ 001d a920                 lda     #32
    \ 001f 85..                 sta     zp:_Zp+2
    \ 0021 a90c                 lda     #12
    \ 0023 85..                 sta     zp:_Zp+1
    \ 0025 a916                 lda     #22
    \ 0027 85..                 sta     zp:_Zp
    \ 0029 a91a                 lda     #26
    \ 002b 20....               jsr     hline
    \ 002e 4c....               jmp     `?L3`
    \ 0031          `?L4`:
0057                  } else if (option.option & OPTIONshowOVL) {
    \ 0031 a904                 lda     #4
    \ 0033 2c....               bit     option
    \ 0036 f39900               lbeq    `?L3`
0058                // #ifdef DISKDEBUG
0059                    revers(1);
    \ 0039 a901                 lda     #1
    \ 003b 20....               jsr     revers
0060                    if (drive)  textcolor(COLOUR_LIGHTGREEN);
    \ 003e a5..                 lda     zp:_Zp+27
    \ 0040 f004                 beq     `?L10`
    \ 0042 a90d                 lda     #13
    \ 0044 8002                 bra     `?L1294`
    \ 0046          `?L10`:
0061                    else        textcolor(COLOUR_LIGHTGREY);
    \ 0046 a90f                 lda     #15
    \ 0048          `?L1294`:
    \ 0048 20....               jsr     textcolor
0062                    mcputsxy(SHOWACCESSX, SHOWACCESSY, " D");
    \ 004b a9..                 lda     #.byte0 `_StringLiteral_ D`
    \ 004d 85..                 sta     zp:_Zp+2
    \ 004f a9..                 lda     #.byte1 `_StringLiteral_ D`
    \ 0051 85..                 sta     zp:_Zp+3
    \ 0053 a916                 lda     #22
    \ 0055 85..                 sta     zp:_Zp
    \ 0057 a91a                 lda     #26
    \ 0059 20....               jsr     mcputsxy
0063                    csputdec(drive, 1, 0);
    \ 005c 20....               jsr     `?L1465`
    \ 005f a6..                 ldx     zp:_Zp+27
    \ 0061 86..                 stx     zp:_Zp
    \ 0063 20....               jsr     `?L1434`
    \ 0066 a901                 lda     #1
    \ 0068 20....               jsr     csputdec
0064                    textcolor(COLOUR_ORANGE);
    \ 006b a908                 lda     #8
    \ 006d 20....               jsr     textcolor
0065                    cputc('T');
    \ 0070 a954                 lda     #84
    \ 0072 20....               jsr     cputc
0066                    csputdec(track, 2, 0);
    \ 0075 20....               jsr     `?L1465`
    \ 0078 a6..                 ldx     zp:_Zp+26
    \ 007a 86..                 stx     zp:_Zp
    \ 007c 20....               jsr     `?L1434`
    \ 007f a902                 lda     #2
    \ 0081 20....               jsr     csputdec
0067                    textcolor(COLOUR_LIGHTBLUE);
    \ 0084 a90e                 lda     #14
    \ 0086 20....               jsr     textcolor
0068                    cputc('S');
    \ 0089 a953                 lda     #83
    \ 008b 20....               jsr     cputc
0069                    csputdec(sector, 2, 0);
    \ 008e 20....               jsr     `?L1465`
    \ 0091 a6..                 ldx     zp:_Zp+25
    \ 0093 86..                 stx     zp:_Zp
    \ 0095 20....               jsr     `?L1434`
    \ 0098 a902                 lda     #2
    \ 009a 20....               jsr     csputdec
0070                /*
0071                    cputc('H');
0072                    cputc((sector >= 20) ? '1' : '0');
0073                */
0074                    cputc(' ');
    \ 009d 20....               jsr     `?L1496`
0075                    if (rw == WRITE)  {
    \ 00a0 ab....               ldz     _Zp+24
    \ 00a3 3b                   dez
    \ 00a4 d009                 bne     `?L13`
0076                      textcolor(COLOUR_RED);
    \ 00a6 a902                 lda     #2
    \ 00a8 20....               jsr     textcolor
0077                      cputc('W');
    \ 00ab a957                 lda     #87
    \ 00ad 8007                 bra     `?L1292`
    \ 00af          `?L13`:
0078                    } else {
0079                      textcolor(COLOUR_ORANGE);
    \ 00af a908                 lda     #8
    \ 00b1 20....               jsr     textcolor
0080                      cputc('R');
    \ 00b4 a952                 lda     #82
    \ 00b6          `?L1292`:
    \ 00b6 20....               jsr     cputc
0081                    }
0082                    if (drive)  textcolor(COLOUR_LIGHTGREEN);
    \ 00b9 a5..                 lda     zp:_Zp+27
    \ 00bb f004                 beq     `?L16`
    \ 00bd a90d                 lda     #13
    \ 00bf 8002                 bra     `?L1290`
    \ 00c1          `?L16`:
0083                    else        textcolor(COLOUR_LIGHTGREY);
    \ 00c1 a90f                 lda     #15
    \ 00c3          `?L1290`:
    \ 00c3 20....               jsr     textcolor
0084                    cputc(' ');
    \ 00c6 20....               jsr     `?L1496`
0085                    revers(0);
    \ 00c9 a900                 lda     #0
    \ 00cb 20....               jsr     revers
0086                    cputc(' ');
    \ 00ce 20....               jsr     `?L1496`
    \ 00d1          `?L3`:
0087                /*
0088                #ifdef DELAYDEBUG
0089                  usleep(800000); // microseconds
0090                #endif
0091                  textcolor(COLOUR_CYAN);
0092                  mcputsxy(SHOWACCESSX, SHOWACCESSY, " D");
0093                  hline(SHOWACCESSX, SHOWACCESSY, 12, 32); // 64);  // 64 is the horizontal line
0094                #ifdef DELAYDEBUG
0095                  usleep(20000); // microseconds
0096                #endif
0097                #endif
0098                */
0099                  }
0100                }
    \ 00d1 a003                 ldy     #3
    \ 00d3 4c....               jmp     _RestoreRegisters
0101
0102                // __attribute__((section(".data")))
0103                char lastdrive = 0;
    \ 0000                      .section zdata,bss
    \ 0000                      .public lastdrive
    \ 0000          lastdrive:  .space  1
0104                // __attribute__((section(".data")))
0105                char prevtrack = 0;
    \ 0000                      .section zdata,bss
    \ 0000                      .public prevtrack
    \ 0000          prevtrack:  .space  1
0106                // __attribute__((section(".data")))
0107                char lastdoublesector = 0;
    \ 0000                      .section zdata,bss
    \ 0000                      .public lastdoublesector
    \ 0000          lastdoublesector:
    \ 0000                      .space  1
0108                void _miniInit()  {
    \ 0000                      .section code,text
    \ 0000                      .public _miniInit
    \ 0000          _miniInit:
0109                  // clear F011 Floppy Controller Registers
0110                  if (PEEK(0xd080U) != 0x40)  POKE(0xd080U, 0);
    \ 0000 ad80d0               lda     0xd080
    \ 0003 c940                 cmp     #64
    \ 0005 f005                 beq     `?L23`
    \ 0007 a900                 lda     #0
    \ 0009 8d80d0               sta     0xd080
    \ 000c          `?L23`:
0111                  prevtrack = 0;
    \ 000c a900                 lda     #0
    \ 000e 8d....               sta     prevtrack
0112
0113                  mh4printfd("_miniinit SECTBUF 32addr is: ", SECTBUF >> 16);
    \ 0011 a9fd                 lda     #253
    \ 0013 a20f                 ldx     #15
    \ 0015 a000                 ldy     #0
    \ 0017 a300                 ldz     #0
    \ 0019 424285..             stq     zp:_Zp+4
    \ 001d a9..                 lda     #.byte0 `_StringLiteral__miniinit SECTBUF 32addr is: `
    \ 001f 85..                 sta     zp:_Zp
    \ 0021 a9..                 lda     #.byte1 `_StringLiteral__miniinit SECTBUF 32addr is: `
    \ 0023 85..                 sta     zp:_Zp+1
    \ 0025 20....               jsr     mh4printfd
0114                  mh4printfd(" ", SECTBUF & 0xffff);
    \ 0028 a900                 lda     #0
    \ 002a a26c                 ldx     #108
    \ 002c a8                   tay
    \ 002d 4b                   taz
    \ 002e 424285..             stq     zp:_Zp+4
    \ 0032 a9..                 lda     #.byte0 `_StringLiteral_ `
    \ 0034 85..                 sta     zp:_Zp
    \ 0036 a9..                 lda     #.byte1 `_StringLiteral_ `
    \ 0038 85..                 sta     zp:_Zp+1
    \ 003a 20....               jsr     mh4printfd
0115                  cputlnd();
    \ 003d 20....               jsr     cputlnd
0116                }
    \ 0040 60                   rts
0117
0118                unsigned char driveled(unsigned char errorcode)  {
    \ 0000                      .section code,text
    \ 0000                      .public driveled
    \ 0000 a200     driveled:   ldx     #0
    \ 0002 a000                 ldy     #0
    \ 0004 20....               jsr     _AllocStackSave
    \ 0007 85..                 sta     zp:_Zp+24
0119                    // Turn on just the LED, this causes it to blink:
0120                    POKE(0xd080U, 0x40);
    \ 0009 a940                 lda     #64
    \ 000b 8d80d0               sta     0xd080
0121                    bordercolor (COLOUR_RED);
    \ 000e a902                 lda     #2
    \ 0010 20....               jsr     bordercolor
0122                    return errorcode;
    \ 0013 a5..                 lda     zp:_Zp+24
0123                }
    \ 0015 a000                 ldy     #0
    \ 0017 4c....               jmp     _RestoreRegisters
0124
0125                void forgetdrive(void)  {
    \ 0000                      .section code,text
    \ 0000                      .public forgetdrive
    \ 0000          forgetdrive:
0126                  lastdrive = 99;
    \ 0000 a963                 lda     #99
    \ 0002 8d....               sta     lastdrive
0127                }
    \ 0005 60                   rts
0128
0129                // returns 1 for odd numbered sectors, 0 for even:
0130                unsigned char ReadSector(unsigned char legacyHDOSstate,
0131                                         unsigned char drive, char track,
0132                                                              char sector) {
    \ 0000                      .section code,text
    \ 0000                      .public ReadSector
    \ 0000          ReadSector:
    \ 0000 20....               jsr     `?L1418`
    \ 0003 20....               jsr     `?L1432`
    \ 0006 85..                 sta     zp:_Zp+24
    \ 0008 a5..                 lda     zp:_Zp+2
    \ 000a 85..                 sta     zp:_Zp+25
0133                  unsigned char retval;
0134                  unsigned char s;
0135
0136                  ShowAccess(drive, track, sector, READ);
    \ 000c 8a                   txa
    \ 000d 85..                 sta     zp:_Zp+2
    \ 000f 20....               jsr     `?L1400`
    \ 0012 a5..                 lda     zp:_Zp+26
    \ 0014 20....               jsr     ShowAccess
0137
0138                  if (track == 0)  return 0xFC;
    \ 0017 a5..                 lda     zp:_Zp+24
    \ 0019 d005                 bne     `?L36`
    \ 001b a9fc                 lda     #-4
    \ 001d 4c....               jmp     `?L34`
    \ 0020          `?L36`:
0139                  drive += 0x20;   // #$60 drive 0
0140                  if (sector < 20)  {
    \ 0020 20....               jsr     `?L1459`
    \ 0023 b007                 bcs     `?L40`
0141                     drive += 0x08; // second side of disk
    \ 0025 a908                 lda     #8
    \ 0027 18                   clc
    \ 0028 65..                 adc     zp:_Zp+4
    \ 002a 85..                 sta     zp:_Zp+4
    \ 002c          `?L40`:
0142                  }
0143
0144                  // Flag which side we need:
0145                  retval = sector % 2;
    \ 002c a901                 lda     #1
    \ 002e 25..                 and     zp:_Zp+25
    \ 0030 85..                 sta     zp:_Zp+26
0146                  
0147                  if (lastdrive != drive ||
0148                      prevtrack != track || lastdoublesector != (sector / 2))  {
    \ 0032 ab....               ldz     _Zp+4
    \ 0035 dc....               cpz     lastdrive
    \ 0038 d015                 bne     `?L44`
    \ 003a ab....               ldz     _Zp+24
    \ 003d dc....               cpz     prevtrack
    \ 0040 d00d                 bne     `?L44`
    \ 0042 ae....               ldx     lastdoublesector
    \ 0045 a5..                 lda     zp:_Zp+25
    \ 0047 85..                 sta     zp:_Zp
    \ 0049 46..                 lsr     zp:_Zp
    \ 004b e4..                 cpx     zp:_Zp
    \ 004d f061                 beq     `?L43`
    \ 004f          `?L44`:
0149                //    mcputsxy(3, SHOWACCESSY, " reading ");
0150                //    csputdec(sector, 2, 0);
0151                    // Turn on motor + led (which causes led to light solid):
0152                    POKE(0xd080U, drive);
0153                    // @@@@ legacy timing:
0154                //    if (legacyHDOSstate)  {
0155                    if (lastdrive != drive)  {
    \ 004f 20....               jsr     `?L1471`
    \ 0052 f00a                 beq     `?L46`
0156                      // Spinup for ready:
0157                      POKE(0xd081U, 0x20);
    \ 0054 a920                 lda     #32
    \ 0056 8d81d0               sta     0xd081
    \ 0059          `?L48`:
0158                      // Wait while busy:
0159                      while (PEEK(0xd082U) & 0x80) {}
    \ 0059 2c82d0               bit     0xd082
    \ 005c 30fb                 bmi     `?L48`
    \ 005e          `?L46`:
0160                    }
0161                    // Track (start at 0):
0162                    POKE(0xd084U, track - 1);
0163                    // Sector (only side 0 ones):
0164                //    POKE(0xd085U, sector / 2 + 1);
0165                    POKE(0xd085U, (((sector) % 20) / 2) + 1);
    \ 005e 20....               jsr     `?L1377`
0166                //    if (sector < 20)  s = (sector / 2) + 1;
0167                //    else              s = ((sector - 20) / 2) + 1;
0168                //    POKE(0xd085U, s);
0169                    // Side:
0170                //    POKE(0xd086U, 0);
0171                    POKE(0xd086U, ((sector >= 20) ? 1 : 0)); // side
    \ 0061 b004                 bcs     `?L633`
    \ 0063 a900                 lda     #0
    \ 0065 8002                 bra     `?L1295`
    \ 0067 a901     `?L633`:    lda     #1
    \ 0069          `?L1295`:
    \ 0069 85..                 sta     zp:_Zp
    \ 006b a900                 lda     #0
    \ 006d a5..                 lda     zp:_Zp
    \ 006f 8d86d0               sta     0xd086
0172                    // Read:
0173                    POKE(0xd081U, 0x41);
    \ 0072 a941                 lda     #65
    \ 0074 8d81d0               sta     0xd081
    \ 0077          `?L51`:
0174                    // Wait while busy:
0175                    while (PEEK(0xd082U) & 0x80) {}
    \ 0077 2c82d0               bit     0xd082
    \ 007a 30fb                 bmi     `?L51`
0176                    // Check for error:
0177                    if (PEEK(0xd082U) & 0x18) {
    \ 007c ad82d0               lda     0xd082
    \ 007f 8918                 bit     #24
    \ 0081 f01a                 beq     `?L55`
0178                      // Turn on just the LED, this causes to blink:
0179                //      POKE(0xd080U, 0x40);
0180                //      bordercolor(COLOUR_RED);
0181                      prevtrack = 0;
    \ 0083 a900                 lda     #0
    \ 0085 8d....               sta     prevtrack
0182                  mprintfd("ReadSector. Track=", track);
    \ 0088 a6..                 ldx     zp:_Zp+24
    \ 008a 86..                 stx     zp:_Zp+4
    \ 008c 85..                 sta     zp:_Zp+5
    \ 008e 85..                 sta     zp:_Zp+6
    \ 0090 85..                 sta     zp:_Zp+7
    \ 0092 a9..                 lda     #.byte0 `_StringLiteral_ReadSector. Track=`
    \ 0094 85..                 sta     zp:_Zp
    \ 0096 a9..                 lda     #.byte1 `_StringLiteral_ReadSector. Track=`
    \ 0098 20....               jsr     `?L1367`
    \ 009b 8021                 bra     `?L34`
    \ 009d          `?L55`:
0183                  mprintfd(" Sector=", sector);
0184                  mhprintfd(" $d082U=", PEEK(0xd082U));
0185                  cputlnd();
0186                  cgetcd();
0187                      return driveled(0xff);
0188                    }    // Make sure we can see the data, clear bit 7:
0189                    POKE(0xd689U, PEEK(0xd689U) & ~0x80);
0190                    lastdrive = drive;
0191                    prevtrack = track;
0192                    lastdoublesector = (sector / 2);
    \ 009d 20....               jsr     `?L1473`
    \ 00a0 a5..                 lda     zp:_Zp+24
    \ 00a2 8d....               sta     prevtrack
    \ 00a5 a5..                 lda     zp:_Zp+25
    \ 00a7 85..                 sta     zp:_Zp
    \ 00a9 46..                 lsr     zp:_Zp
    \ 00ab a5..                 lda     zp:_Zp
    \ 00ad 8d....               sta     lastdoublesector
    \ 00b0          `?L43`:
0193                  } /*
0194                  else {
0195                    mcputsxy(3, SHOWACCESSY, " cached ");
0196                    csputdec(sector, 2, 0);
0197                  }  */
0198                  ShowAccess(drive, track, sector, OFF);
    \ 00b0 a902                 lda     #2
    \ 00b2 85..                 sta     zp:_Zp+2
    \ 00b4 20....               jsr     `?L1400`
    \ 00b7 a5..                 lda     zp:_Zp+4
    \ 00b9 20....               jsr     ShowAccess
0199                  return retval;
    \ 00bc a5..                 lda     zp:_Zp+26
    \ 00be          `?L34`:
0200                }
    \ 00be 4c....               jmp     `?L61`
0201
0202                // both physical sectors are written:
0203                unsigned char WriteSector(unsigned char legacyHDOSstate,
0204                                          unsigned char drive, char track,
0205                                                               char sector) {
    \ 0000                      .section code,text
    \ 0000                      .public WriteSector
    \ 0000          WriteSector:
    \ 0000 20....               jsr     `?L1418`
    \ 0003 20....               jsr     `?L1432`
    \ 0006 85..                 sta     zp:_Zp+24
    \ 0008 a5..                 lda     zp:_Zp+2
    \ 000a 85..                 sta     zp:_Zp+25
0206                    unsigned char retval;
0207
0208                  ShowAccess(drive, track, sector, WRITE);
    \ 000c a901                 lda     #1
    \ 000e 85..                 sta     zp:_Zp+2
    \ 0010 20....               jsr     `?L1400`
    \ 0013 a5..                 lda     zp:_Zp+26
    \ 0015 20....               jsr     ShowAccess
0209                  prevtrack = 0; // @@@@@
    \ 0018 a900                 lda     #0
    \ 001a 8d....               sta     prevtrack
0210
0211                    if (track == 0)  return 0xFC;
    \ 001d a5..                 lda     zp:_Zp+24
    \ 001f d004                 bne     `?L63`
    \ 0021 a9fc                 lda     #-4
    \ 0023 8075                 bra     `?L61`
    \ 0025          `?L63`:
0212                    drive += 0x20;   // #$60 drive 0
0213                    if (sector < 20)  {
    \ 0025 20....               jsr     `?L1459`
    \ 0028 b007                 bcs     `?L67`
0214                        drive += 0x08; // second side of disk
    \ 002a a908                 lda     #8
    \ 002c 18                   clc
    \ 002d 65..                 adc     zp:_Zp+4
    \ 002f 85..                 sta     zp:_Zp+4
    \ 0031          `?L67`:
0215                    }
0216
0217                    // Flag which side we need:
0218                    retval = sector % 2;
    \ 0031 a901                 lda     #1
    \ 0033 25..                 and     zp:_Zp+25
    \ 0035 85..                 sta     zp:_Zp+26
0219
0220                    // Turn on motor + led (which causes led to light solid):
0221                    POKE(0xd080U, drive);
0222                    // @@@@ legacy timing:
0223                //    if (legacyHDOSstate)  {
0224                    if (lastdrive != drive)  {
    \ 0037 20....               jsr     `?L1471`
    \ 003a f00a                 beq     `?L70`
0225                      // Spinup for ready:
0226                      POKE(0xd081U, 0x20);
    \ 003c a920                 lda     #32
    \ 003e 8d81d0               sta     0xd081
    \ 0041          `?L72`:
0227                      // Wait while busy:
0228                      while (PEEK(0xd082U) & 0x80) {}
    \ 0041 2c82d0               bit     0xd082
    \ 0044 30fb                 bmi     `?L72`
    \ 0046          `?L70`:
0229                    }
0230                    // Track (start at 0):
0231                    POKE(0xd084U, track - 1);
0232                    // Sector (only side 0 ones):
0233                    // Sectors start at 1   mega65-book.pdf#3f0
0234                //    POKE(0xd085U, sector / 2 + 1);
0235                    POKE(0xd085U, (((sector) % 20) / 2) + 1);
    \ 0046 20....               jsr     `?L1377`
0236                    // Side:
0237                    POKE(0xd086U, (sector >= 20 ? 1 : 0));
    \ 0049 b004                 bcs     `?L636`
    \ 004b a900                 lda     #0
    \ 004d 8002                 bra     `?L1296`
    \ 004f a901     `?L636`:    lda     #1
    \ 0051          `?L1296`:
    \ 0051 85..                 sta     zp:_Zp
    \ 0053 a900                 lda     #0
    \ 0055 a5..                 lda     zp:_Zp
    \ 0057 8d86d0               sta     0xd086
0238                    // Write:
0239                    POKE(0xd081U, 0x84);
    \ 005a a984                 lda     #-124
    \ 005c 8d81d0               sta     0xd081
    \ 005f          `?L75`:
0240                    // Wait while busy and writing:
0241                    while ((PEEK(0xd082U) & 0x80) ||
0242                           (PEEK(0xd083U) & 0x10))  {}
    \ 005f 2c82d0               bit     0xd082
    \ 0062 30fb                 bmi     `?L75`
    \ 0064 ad83d0               lda     0xd083
    \ 0067 8910                 bit     #16
    \ 0069 d0f4                 bne     `?L75`
0243                    // Check for error:
0244                    if (PEEK(0xd082U) & 0x18) {
    \ 006b ad82d0               lda     0xd082
    \ 006e 8918                 bit     #24
    \ 0070 f017                 beq     `?L79`
0245                      // Turn on just the LED, this causes to blink:
0246                //      POKE(0xd080U, 0x40);
0247                //      bordercolor(COLOUR_RED);
0248                  mprintfd("WriteSector. Track=", track);
    \ 0072 a6..                 ldx     zp:_Zp+24
    \ 0074 86..                 stx     zp:_Zp+4
    \ 0076 a900                 lda     #0
    \ 0078 85..                 sta     zp:_Zp+5
    \ 007a 85..                 sta     zp:_Zp+6
    \ 007c 85..                 sta     zp:_Zp+7
    \ 007e a9..                 lda     #.byte0 `_StringLiteral_WriteSector. Track=`
    \ 0080 85..                 sta     zp:_Zp
    \ 0082 a9..                 lda     #.byte1 `_StringLiteral_WriteSector. Track=`
    \ 0084 20....               jsr     `?L1367`
    \ 0087 8011                 bra     `?L61`
    \ 0089          `?L79`:
0249                  mprintfd(" Sector=", sector);
0250                  mhprintfd(" $d082U=", PEEK(0xd082U));
0251                  cputlnd();
0252                  cgetcd();
0253                      return driveled(0xff);
0254                    }
0255                    // Make sure we can see the data, clear bit 7:
0256                    POKE(0xd689U, PEEK(0xd689U) & ~0x80);
0257                    lastdrive = drive;
0258
0259                  ShowAccess(drive, track, sector, OFF);
    \ 0089 20....               jsr     `?L1473`
    \ 008c a902                 lda     #2
    \ 008e 85..                 sta     zp:_Zp+2
    \ 0090 20....               jsr     `?L1400`
    \ 0093 a5..                 lda     zp:_Zp+4
    \ 0095 20....               jsr     ShowAccess
0260                    return retval;
    \ 0098 a5..                 lda     zp:_Zp+26
    \ 009a          `?L61`:
0261                }
    \ 009a a002                 ldy     #2
    \ 009c 4c....               jmp     _RestoreRegisters
0262
0263                // depending on the sector's side this returns the wanted
0264                // sector in the regular or upper 256 bytes of the 512
0265                // bytes buffer:
0266                unsigned char GetWholeSector(unsigned char legacyHDOSstate,
0267                                             BAM* entry, unsigned char drive,
0268                                             char track, char sector)  {
    \ 0000                      .section code,text
    \ 0000                      .public GetWholeSector
    \ 0000          GetWholeSector:
    \ 0000 20....               jsr     `?L1462`
    \ 0003 85..                 sta     zp:_Zp+5
    \ 0005 a5..                 lda     zp:_Zp+2
    \ 0007 85..                 sta     zp:_Zp+26
    \ 0009 a5..                 lda     zp:_Zp+3
    \ 000b 85..                 sta     zp:_Zp+28
    \ 000d a5..                 lda     zp:_Zp+4
    \ 000f 85..                 sta     zp:_Zp+27
0269                  BAM* ws = entry;   // later to be DATABLOCK*
    \ 0011 a5..                 lda     zp:_Zp
    \ 0013 85..                 sta     zp:_Zp+24
    \ 0015 a5..                 lda     zp:_Zp+1
    \ 0017 85..                 sta     zp:_Zp+25
0270                  unsigned char side;
0271                #ifdef DEBUG
0272                  mprintf("GetWholeSector before ReadSector. Track=", track);
0273                  mprintf(" Sector=", sector);
0274                  mh4printf(" p=", (long) p);
0275                  cputln();
0276                  cgetc();
0277                #endif
0278                  if (drive > 1)  {
    \ 0019 a301                 ldz     #1
    \ 001b d4..                 cpz     zp:_Zp+26
    \ 001d b04b                 bcs     `?L86`
0279                    if (lastdrive != drive) {
    \ 001f a6..                 ldx     zp:_Zp+26
    \ 0021 ec....               cpx     lastdrive
    \ 0024 f01c                 beq     `?L90`
0280                      readtracksectorclose();
    \ 0026 20....               jsr     readtracksectorclose
0281                      usleep(200000); // microseconds
    \ 0029 a940                 lda     #64
    \ 002b a20d                 ldx     #13
    \ 002d a003                 ldy     #3
    \ 002f a300                 ldz     #0
    \ 0031 424285..             stq     zp:_Zp
    \ 0035 20....               jsr     usleep
0282                      readtracksectoropen(drive);
    \ 0038 a5..                 lda     zp:_Zp+26
    \ 003a 20....               jsr     readtracksectoropen
0283                      lastdrive = drive;
    \ 003d a5..                 lda     zp:_Zp+26
    \ 003f 8d....               sta     lastdrive
    \ 0042          `?L90`:
0284                    }
0285                    side = sector % 2;
    \ 0042 a901                 lda     #1
    \ 0044 25..                 and     zp:_Zp+27
    \ 0046 85..                 sta     zp:_Zp+29
0286                    readtracksector(ws, drive, track, sector);
    \ 0048 a5..                 lda     zp:_Zp+27
    \ 004a 85..                 sta     zp:_Zp+3
    \ 004c a5..                 lda     zp:_Zp+28
    \ 004e 85..                 sta     zp:_Zp+2
    \ 0050 20....               jsr     `?L1358`
    \ 0053 a5..                 lda     zp:_Zp+26
    \ 0055 20....               jsr     readtracksector
0287                    readtracksector(ws + 1, drive, track, sector + 1);
    \ 0058 e6..                 inc     zp:_Zp+27
    \ 005a a5..                 lda     zp:_Zp+27
    \ 005c 85..                 sta     zp:_Zp+3
    \ 005e a5..                 lda     zp:_Zp+28
    \ 0060 20....               jsr     `?L1435`
    \ 0063 a5..                 lda     zp:_Zp+26
    \ 0065 20....               jsr     readtracksector
    \ 0068 803d                 bra     `?L94`
    \ 006a          `?L86`:
0288                  } else {
0289                    side = ReadSector(legacyHDOSstate, drive, track, sector);
    \ 006a a5..                 lda     zp:_Zp+27
    \ 006c 85..                 sta     zp:_Zp+2
    \ 006e a5..                 lda     zp:_Zp+28
    \ 0070 85..                 sta     zp:_Zp+1
    \ 0072 a5..                 lda     zp:_Zp+26
    \ 0074 20....               jsr     `?L1447`
0290
0291                    if (side > 1)  return side;
    \ 0077 902e                 bcc     `?L94`
0292                    lcopy(SECTBUF,      (uint32_t) ws,             BLOCKSIZE);
    \ 0079 20....               jsr     `?L1345`
    \ 007c 20....               jsr     `?L1366`
    \ 007f a26c                 ldx     #108
    \ 0081 20....               jsr     `?L1414`
0293                    lcopy(SECTBUFUPPER, (uint32_t) ws + BLOCKSIZE, BLOCKSIZE);
    \ 0084 20....               jsr     `?L1345`
    \ 0087 a5..                 lda     zp:_Zp+25
    \ 0089 85..                 sta     zp:_Zp+33
    \ 008b a5..                 lda     zp:_Zp+24
    \ 008d 85..                 sta     zp:_Zp+32
    \ 008f 98                   tya
    \ 0090 85..                 sta     zp:_Zp+34
    \ 0092 85..                 sta     zp:_Zp+35
    \ 0094 a201                 ldx     #1
    \ 0096 4b                   taz
    \ 0097 18                   clc
    \ 0098 424265..             adcq    zp:_Zp+32
    \ 009c 424285..             stq     zp:_Zp+4
    \ 00a0 a900                 lda     #0
    \ 00a2 a26d                 ldx     #109
    \ 00a4 20....               jsr     `?L1414`
    \ 00a7          `?L94`:
    \ 00a7 a5..                 lda     zp:_Zp+29
0294                  }
0295                #ifdef DEBUG
0296                  mprintf("GetWholeSector done. side=", side);
0297                  cputln();
0298                  cgetc();
0299                #endif
0300                  return side;
0301                }
    \ 00a9 a00b                 ldy     #11
    \ 00ab 4c....               jmp     _RestoreRegisters
0302                unsigned char GetOneSector(unsigned char legacyHDOSstate,
0303                                           BAM* entry, unsigned char drive,
0304                                             char track, char sector)  {
    \ 0000                      .section code,text
    \ 0000                      .public GetOneSector
    \ 0000          GetOneSector:
    \ 0000 a200                 ldx     #0
    \ 0002 20....               jsr     `?L1497`
    \ 0005 85..                 sta     zp:_Zp+5
    \ 0007 a5..                 lda     zp:_Zp
    \ 0009 85..                 sta     zp:_Zp+24
    \ 000b a5..                 lda     zp:_Zp+1
    \ 000d 85..                 sta     zp:_Zp+25
    \ 000f 20....               jsr     `?L1420`
0305                  BAM* ws = entry;   // later to be DATABLOCK*
0306                  unsigned char side;
0307                #ifdef DEBUG
0308                  mprintf("GetOneSector before ReadSector. Track=", track);
0309                  mprintf(" Sector=", sector);
0310                  // mh4printf(" p=", (long) p);
0311                  cputln();
0312                  cgetc();
0313                #endif
0314                  if (drive > 1)  {
    \ 0012 a301                 ldz     #1
    \ 0014 d4..                 cpz     zp:_Zp+28
    \ 0016 b022                 bcs     `?L100`
0315                    if (lastdrive != drive) {
    \ 0018 a6..                 ldx     zp:_Zp+28
    \ 001a ec....               cpx     lastdrive
    \ 001d f003                 beq     `?L104`
0316                      readtracksectorclose();
    \ 001f 20....               jsr     `?L1385`
    \ 0022          `?L104`:
0317                      usleep(200000); // microseconds
0318                      readtracksectoropen(drive);
0319                      lastdrive = drive;
0320                    }
0321                    side = sector % 2;
    \ 0022 a901                 lda     #1
    \ 0024 25..                 and     zp:_Zp+26
    \ 0026 85..                 sta     zp:_Zp+29
0322                    readtracksector(ws, drive, track, sector);
    \ 0028 a5..                 lda     zp:_Zp+26
    \ 002a 85..                 sta     zp:_Zp+3
    \ 002c a5..                 lda     zp:_Zp+27
    \ 002e 85..                 sta     zp:_Zp+2
    \ 0030 20....               jsr     `?L1358`
    \ 0033 a5..                 lda     zp:_Zp+28
    \ 0035 20....               jsr     readtracksector
    \ 0038 8028                 bra     `?L108`
    \ 003a          `?L100`:
0323                  } else {
0324                    side = ReadSector(legacyHDOSstate, drive, track, sector);
    \ 003a a5..                 lda     zp:_Zp+26
    \ 003c 85..                 sta     zp:_Zp+2
    \ 003e a5..                 lda     zp:_Zp+27
    \ 0040 85..                 sta     zp:_Zp+1
    \ 0042 a5..                 lda     zp:_Zp+28
    \ 0044 20....               jsr     `?L1447`
0325
0326                    if (side > 1)  return side;
    \ 0047 9019                 bcc     `?L108`
0327                    if (side == 0)  lcopy(SECTBUF,      (uint32_t) ws, BLOCKSIZE);
    \ 0049 a5..                 lda     zp:_Zp+29
    \ 004b d00a                 bne     `?L110`
    \ 004d 20....               jsr     `?L1345`
    \ 0050 20....               jsr     `?L1366`
    \ 0053 a26c                 ldx     #108
    \ 0055 8008                 bra     `?L1299`
    \ 0057          `?L110`:
0328                    else            lcopy(SECTBUFUPPER, (uint32_t) ws, BLOCKSIZE);
    \ 0057 20....               jsr     `?L1345`
    \ 005a 20....               jsr     `?L1366`
    \ 005d a26d                 ldx     #109
    \ 005f          `?L1299`:
    \ 005f 20....               jsr     `?L1414`
    \ 0062          `?L108`:
    \ 0062 a5..                 lda     zp:_Zp+29
0329                  }
0330                #ifdef DEBUG
0331                  mprintf("GetOneSector done. side=", side);
0332                  cputln();
0333                  cgetc();
0334                #endif
0335
0336                  return side;
0337                }
    \ 0064 a005                 ldy     #5
    \ 0066 4c....               jmp     _RestoreRegisters
0338                unsigned char PutWholeSector(unsigned char legacyHDOSstate,
0339                                             BAM* entry, unsigned char drive,
0340                                             char track, char sector)  {
    \ 0000                      .section code,text
    \ 0000                      .public PutWholeSector
    \ 0000          PutWholeSector:
    \ 0000 20....               jsr     `?L1429`
    \ 0003 85..                 sta     zp:_Zp+29
    \ 0005 20....               jsr     `?L1420`
0341                  BAM* ws = entry;   // later to be DATABLOCK*
0342
0343                //  if (side > 1)  return side;
0344                  unsigned char side = sector % 2;
0345                  unsigned char ret = 0;
0346
0347                  if (drive > 1)  {
    \ 0008 20....               jsr     `?L1423`
    \ 000b b02c                 bcs     `?L117`
0348                    if (lastdrive != drive) {
    \ 000d a6..                 ldx     zp:_Zp+28
    \ 000f ec....               cpx     lastdrive
    \ 0012 f003                 beq     `?L121`
0349                      readtracksectorclose();
    \ 0014 20....               jsr     `?L1385`
    \ 0017          `?L121`:
0350                      usleep(200000); // microseconds
0351                      readtracksectoropen(drive);
0352                      lastdrive = drive;
0353                    }
0354                    ret = writetracksector(ws, drive, track, sector);
    \ 0017 a5..                 lda     zp:_Zp+26
    \ 0019 85..                 sta     zp:_Zp+3
    \ 001b a5..                 lda     zp:_Zp+27
    \ 001d 85..                 sta     zp:_Zp+2
    \ 001f 20....               jsr     `?L1358`
    \ 0022 20....               jsr     `?L1489`
    \ 0025 85..                 sta     zp:_Zp+29
0355                    ret &= writetracksector(ws + 1, drive, track, sector + 1);
    \ 0027 a5..                 lda     zp:_Zp+26
    \ 0029 85..                 sta     zp:_Zp+3
    \ 002b e6..                 inc     zp:_Zp+3
    \ 002d a5..                 lda     zp:_Zp+27
    \ 002f 20....               jsr     `?L1435`
    \ 0032 20....               jsr     `?L1489`
    \ 0035 25..                 and     zp:_Zp+29
    \ 0037 805b                 bra     `?L116`
    \ 0039          `?L117`:
0356                  } else {
0357                    if (side == 0)  {
    \ 0039 a5..                 lda     zp:_Zp+30
    \ 003b d021                 bne     `?L123`
0358                      clrhomed();
    \ 003d 20....               jsr     `?L1393`
0359                      mprintfd("PutWholeSector before lower buffer. Track=", track);
    \ 0040 a9..                 lda     #.byte0 `_StringLiteral_PutWholeSector before lower buffer. Track=`
    \ 0042 85..                 sta     zp:_Zp
    \ 0044 a9..                 lda     #.byte1 `_StringLiteral_PutWholeSector before lower buffer. Track=`
    \ 0046 20....               jsr     `?L1361`
0360                      mprintfd(" Sector=", sector);
0361                      cputlnd();
0362                      cgetcd();
    \ 0049 20....               jsr     cgetcd
0363                      lcopy((uint32_t) ws, SECTBUF, BLOCKSIZE * 2); // <-- take both sectors
    \ 004c 20....               jsr     `?L1374`
    \ 004f a26c                 ldx     #108
    \ 0051 a0fd                 ldy     #253
    \ 0053 a30f                 ldz     #15
    \ 0055 424285..             stq     zp:_Zp+4
    \ 0059 20....               jsr     `?L1358`
    \ 005c 8024                 bra     `?L1302`
    \ 005e          `?L123`:
0364                    } else {  // @@@@ probably no longer needed:
0365                      // Now first read the state from the disk, because only one of
0366                      // the two logical sectors will be overwritten:
0367                      ReadSector(legacyHDOSstate, drive, track, sector);
    \ 005e a5..                 lda     zp:_Zp+26
    \ 0060 20....               jsr     `?L1399`
    \ 0063 20....               jsr     ReadSector
0368                    
0369                      clrhomed();
    \ 0066 20....               jsr     `?L1393`
0370                      mprintfd("PutWholeSector before upper buffer. Track=", track);
    \ 0069 a9..                 lda     #.byte0 `_StringLiteral_PutWholeSector before upper buffer. Track=`
    \ 006b 85..                 sta     zp:_Zp
    \ 006d a9..                 lda     #.byte1 `_StringLiteral_PutWholeSector before upper buffer. Track=`
    \ 006f 20....               jsr     `?L1361`
0371                      mprintfd(" Sector=", sector);
0372                      cputlnd();
0373                      lcopy((uint32_t) ws, SECTBUFUPPER, BLOCKSIZE);
    \ 0072 20....               jsr     `?L1345`
    \ 0075 a26d                 ldx     #109
    \ 0077 a0fd                 ldy     #253
    \ 0079 a30f                 ldz     #15
    \ 007b 424285..             stq     zp:_Zp+4
    \ 007f 20....               jsr     `?L1400`
    \ 0082          `?L1302`:
    \ 0082 20....               jsr     `?L1356`
0374                    }
0375                    msprintfd("PutWholeSector done. Returning while WriteSector.");
    \ 0085 a9..                 lda     #.byte0 `_StringLiteral_PutWholeSector done. Returning while WriteSector.`
    \ 0087 85..                 sta     zp:_Zp
    \ 0089 a9..                 lda     #.byte1 `_StringLiteral_PutWholeSector done. Returning while WriteSector.`
    \ 008b 20....               jsr     `?L1449`
0376                    cgetcd();
0377                    return WriteSector(legacyHDOSstate, drive, track, sector - side);
    \ 008e 20....               jsr     `?L1399`
    \ 0091 20....               jsr     WriteSector
    \ 0094          `?L116`:
0378                  }
0379                  return ret;
0380                }
    \ 0094 4c....               jmp     `?L130`
0381                unsigned char PutOneSector(unsigned char legacyHDOSstate,
0382                                           BAM* entry, unsigned char drive,
0383                                           char track, char sector)  {
    \ 0000                      .section code,text
    \ 0000                      .public PutOneSector
    \ 0000          PutOneSector:
    \ 0000 20....               jsr     `?L1429`
    \ 0003 85..                 sta     zp:_Zp+29
    \ 0005 20....               jsr     `?L1420`
0384                  BAM* ws = entry;   // later to be DATABLOCK*
0385
0386                  unsigned char side = sector % 2;
0387                  unsigned char ret = 0;
0388                  
0389                  if (drive > 1)  {
    \ 0008 20....               jsr     `?L1423`
    \ 000b b01a                 bcs     `?L131`
0390                    if (lastdrive != drive) {
    \ 000d a6..                 ldx     zp:_Zp+28
    \ 000f ec....               cpx     lastdrive
    \ 0012 f003                 beq     `?L135`
0391                      readtracksectorclose();
    \ 0014 20....               jsr     `?L1385`
    \ 0017          `?L135`:
0392                      usleep(200000); // microseconds
0393                      readtracksectoropen(drive);
0394                      lastdrive = drive;
0395                    }
0396                    ret = writetracksector(ws, drive, track, sector);
    \ 0017 a5..                 lda     zp:_Zp+26
    \ 0019 85..                 sta     zp:_Zp+3
    \ 001b a5..                 lda     zp:_Zp+27
    \ 001d 85..                 sta     zp:_Zp+2
    \ 001f 20....               jsr     `?L1358`
    \ 0022 20....               jsr     `?L1489`
    \ 0025 805b                 bra     `?L130`
    \ 0027          `?L131`:
0397                  } else {
0398                    // Now first read the state from the disk, because only one of
0399                    // the two logical sectors will be overwritten:
0400                    ReadSector(legacyHDOSstate, drive, track, sector);
    \ 0027 a5..                 lda     zp:_Zp+26
    \ 0029 20....               jsr     `?L1399`
    \ 002c 20....               jsr     ReadSector
0401                    
0402                    if (side == 0)  {
    \ 002f a5..                 lda     zp:_Zp+30
    \ 0031 d021                 bne     `?L137`
0403                      clrhomed();
    \ 0033 20....               jsr     `?L1393`
0404                      mprintfd("PutOneSector before lower buffer. Track=", track);
    \ 0036 a9..                 lda     #.byte0 `_StringLiteral_PutOneSector before lower buffer. Track=`
    \ 0038 85..                 sta     zp:_Zp
    \ 003a a9..                 lda     #.byte1 `_StringLiteral_PutOneSector before lower buffer. Track=`
    \ 003c 20....               jsr     `?L1361`
0405                      mprintfd(" Sector=", sector);
0406                      cputlnd();
0407                      cgetcd();
    \ 003f 20....               jsr     cgetcd
0408                      lcopy((uint32_t) ws, SECTBUF, BLOCKSIZE);
    \ 0042 20....               jsr     `?L1345`
    \ 0045 a26c                 ldx     #108
    \ 0047 a0fd                 ldy     #253
    \ 0049 a30f                 ldz     #15
    \ 004b 424285..             stq     zp:_Zp+4
    \ 004f 20....               jsr     `?L1358`
    \ 0052 801c                 bra     `?L1305`
    \ 0054          `?L137`:
0409                    } else {
0410                      clrhomed();
    \ 0054 20....               jsr     `?L1393`
0411                      mprintfd("PutOneSector before upper buffer. Track=", track);
    \ 0057 a9..                 lda     #.byte0 `_StringLiteral_PutOneSector before upper buffer. Track=`
    \ 0059 85..                 sta     zp:_Zp
    \ 005b a9..                 lda     #.byte1 `_StringLiteral_PutOneSector before upper buffer. Track=`
    \ 005d 20....               jsr     `?L1361`
0412                      mprintfd(" Sector=", sector);
0413                      cputlnd();
0414                      lcopy((uint32_t) ws, SECTBUFUPPER, BLOCKSIZE);
    \ 0060 20....               jsr     `?L1345`
    \ 0063 a26d                 ldx     #109
    \ 0065 a0fd                 ldy     #253
    \ 0067 a30f                 ldz     #15
    \ 0069 424285..             stq     zp:_Zp+4
    \ 006d 20....               jsr     `?L1400`
    \ 0070          `?L1305`:
    \ 0070 20....               jsr     `?L1356`
0415                    }
0416                    msprintfd("PutOneSector done. Returning while WriteSector.");
    \ 0073 a9..                 lda     #.byte0 `_StringLiteral_PutOneSector done. Returning while WriteSector.`
    \ 0075 85..                 sta     zp:_Zp
    \ 0077 a9..                 lda     #.byte1 `_StringLiteral_PutOneSector done. Returning while WriteSector.`
    \ 0079 20....               jsr     `?L1449`
0417                    cgetcd();
0418
0419                    return WriteSector(legacyHDOSstate, drive, track, sector - side);
    \ 007c 20....               jsr     `?L1399`
    \ 007f 20....               jsr     WriteSector
    \ 0082          `?L130`:
0420                  }
0421                  return ret;
0422                }
    \ 0082 a006                 ldy     #6
    \ 0084 4c....               jmp     _RestoreRegisters
0423
0424                void GetBAM(unsigned char legacyHDOSstate, unsigned char side)  {
    \ 0000                      .section code,text
    \ 0000                      .public GetBAM
    \ 0000          GetBAM:
    \ 0000 a5..                 lda     zp:_Zp
0425                  BAM* bs;
0426
0427                  bs = BAMsector[0];
    \ 0002 ae....               ldx     BAMsector
    \ 0005 86..                 stx     zp:_Zp+4
    \ 0007 ae....               ldx     BAMsector+1
    \ 000a 86..                 stx     zp:_Zp+5
0428                  lcopy(ATTICBAMBUFFER + side * ATTICBAMBUFFERSIZE,
    \ 000c 85..                 sta     zp:_Zp
    \ 000e a900                 lda     #0
    \ 0010 20....               jsr     `?L1434`
    \ 0013 a909                 lda     #9
    \ 0015 aa                   tax
    \ 0016 f007                 beq     `?L793`
    \ 0018          `?L794`:
    \ 0018 424206..             aslq    zp:_Zp
    \ 001c ca                   dex
    \ 001d d0f9                 bne     `?L794`
    \ 001f          `?L793`:
    \ 001f 20....               jsr     `?L1374`
    \ 0022 85..                 sta     zp:_Zp+6
    \ 0024 85..                 sta     zp:_Zp+7
    \ 0026 a266                 ldx     #102
    \ 0028 20....               jsr     `?L1383`
    \ 002b 424285..             stq     zp:_Zp
    \ 002f 20....               jsr     lcopy
    \ 0032 a001                 ldy     #1
    \ 0034 4c....               jmp     `?L1334`
0429                        (uint32_t) bs, ATTICBAMBUFFERSIZE);
0430                }
0431                void PutBAM(unsigned char legacyHDOSstate,
0432                            unsigned char drive, unsigned char side, unsigned char dirtrack)  {
    \ 0000                      .section code,text
    \ 0000                      .public PutBAM
    \ 0000 a200     PutBAM:     ldx     #0
    \ 0002 a004                 ldy     #4
    \ 0004 20....               jsr     `?L1440`
0433                  BAM* bs;
0434
0435                  PutOneSector(legacyHDOSstate, BAMsector[0], drive, dirtrack, BAMSECT);
    \ 0007 a901                 lda     #1
    \ 0009 85..                 sta     zp:_Zp+4
    \ 000b a5..                 lda     zp:_Zp+2
    \ 000d 20....               jsr     `?L1407`
    \ 0010 20....               jsr     PutOneSector
0436                  bs = BAMsector[0];
0437                  PutOneSector(legacyHDOSstate,
    \ 0013 20....               jsr     `?L1472`
    \ 0016 a001                 ldy     #1
    \ 0018 b1..                 lda     (_Zp+24),y
    \ 001a 85..                 sta     zp:_Zp+4
    \ 001c 88                   dey
    \ 001d b1..                 lda     (_Zp+24),y
    \ 001f 20....               jsr     `?L1408`
    \ 0022 20....               jsr     PutOneSector
0438                               BAMsector[1], drive, bs->chntrack, bs->chnsector);
0439                  lcopy((uint32_t) bs,
    \ 0025 a6..                 ldx     zp:_Zp+26
    \ 0027 86..                 stx     zp:_Zp
    \ 0029 a900                 lda     #0
    \ 002b 20....               jsr     `?L1434`
    \ 002e a909                 lda     #9
    \ 0030 aa                   tax
    \ 0031 f007                 beq     `?L802`
    \ 0033          `?L803`:
    \ 0033 424206..             aslq    zp:_Zp
    \ 0037 ca                   dex
    \ 0038 d0f9                 bne     `?L803`
    \ 003a          `?L802`:
    \ 003a 20....               jsr     `?L1374`
    \ 003d a266                 ldx     #102
    \ 003f 20....               jsr     `?L1383`
    \ 0042 424285..             stq     zp:_Zp+4
    \ 0046 20....               jsr     `?L1400`
    \ 0049 20....               jsr     `?L1356`
0440                        ATTICBAMBUFFER + side * ATTICBAMBUFFERSIZE, ATTICBAMBUFFERSIZE);
0441                }
    \ 004c a004                 ldy     #4
    \ 004e 4c....               jmp     _RestoreRegisters
0442
0443                unsigned char BAM2Attic(unsigned char legacyHDOSstate, unsigned char drive,
0444                                        unsigned char side, unsigned char dirtrack) {
    \ 0000                      .section code,text
    \ 0000                      .public BAM2Attic
    \ 0000          BAM2Attic:
    \ 0000 85..                 sta     zp:_Zp+12
0445                  // _miniInit();
0446
0447                  return readblockchain(legacyHDOSstate, side?ATTICBAM2BUFFER:ATTICBAMBUFFER,
0448                                        BAMBLOCKS, drive, dirtrack, BAMSECT);
    \ 0002 a5..                 lda     zp:_Zp+1
    \ 0004 d006                 bne     `?L640`
    \ 0006 a900                 lda     #0
    \ 0008 a266                 ldx     #102
    \ 000a 8004                 bra     `?L1306`
    \ 000c a900     `?L640`:    lda     #0
    \ 000e a268                 ldx     #104
    \ 0010 a8       `?L1306`:   tay
    \ 0011 a308                 ldz     #8
    \ 0013 424285..             stq     zp:_Zp+8
    \ 0017 20....               jsr     `?L1463`
    \ 001a a5..                 lda     zp:_Zp+2
    \ 001c 85..                 sta     zp:_Zp+7
    \ 001e a5..                 lda     zp:_Zp
    \ 0020 85..                 sta     zp:_Zp+6
    \ 0022 20....               jsr     `?L1495`
    \ 0025 4242a5..             ldq     zp:_Zp+8
    \ 0029 424285..             stq     zp:_Zp
    \ 002d a5..                 lda     zp:_Zp+12
    \ 002f 20....               jsr     readblockchain
    \ 0032 a000                 ldy     #0
    \ 0034          `?L1334`:
0449                }
0450
0451                // this expects data in sector buffer:
0452                void BAMSectorUpdate(BAM* BAMsector, BAM* BAMsector2, char track, char sector, char set) {
0453                  unsigned char bitshifter = 1;
0454
0455                //  BAMsector += $100;  // @@@@@ dirty test
0456                //  mprintf("BAMSectorUpdate BAMsector is:", (unsigned long) BAMsector);
0457
0458                  // next BAM sector of two in total:
0459                  if (track > 40)  {
0460                    track -= 40;
0461                    BAMsector = BAMsector2;
0462                  }
0463                #ifdef DEBUG
0464                        gotoxy(42, 20);
0465                        mh4printf("BAMsector ", (long) BAMsector);
0466                        cputln();
0467                        cgetc();
0468                #endif
0469                  
0470                  track--;  // access array zero based
0471                  if (set)  {  // if set clear alloc bit below to allocate:
0472                    if (sector < 8)  {
0473                      BAMsector->entry[track].alloc1 &= ~(bitshifter << sector);
0474                    }
0475                    else if (sector < 16)  {
0476                      BAMsector->entry[track].alloc2 &= ~(bitshifter << (sector - 8));
0477                    }
0478                    else if (sector < 24)  {
0479                      BAMsector->entry[track].alloc3 &= ~(bitshifter << (sector - 16));
0480                    }
0481                    else if (sector < 32)  {
0482                      BAMsector->entry[track].alloc4 &= ~(bitshifter << (sector - 24));
0483                    }
0484                    else  {
0485                      BAMsector->entry[track].alloc5 &= ~(bitshifter << (sector - 32));
0486                    }
0487                    BAMsector->entry[track].free--;
0488                  }
0489                  else  {
0490                    if (sector < 8)  {
0491                      BAMsector->entry[track].alloc1 |= (bitshifter << sector);
0492                    }
0493                    else if (sector < 16)  {
0494                      BAMsector->entry[track].alloc2 |= (bitshifter << (sector - 8));
0495                    }
0496                    else if (sector < 24)  {
0497                      BAMsector->entry[track].alloc3 |= (bitshifter << (sector - 16));
0498                    }
0499                    else if (sector < 32)  {
0500                      BAMsector->entry[track].alloc4 |= (bitshifter << (sector - 24));
0501                    }
0502                    else  {
0503                      BAMsector->entry[track].alloc5 |= (bitshifter << (sector - 32));
0504                    }
0505                    BAMsector->entry[track].free++;
0506                  }
0507                }
0508
0509                unsigned int BAMSectorsFreeBlocks(BAM* BAMsector, BAM* BAMsector2,
0510                                     unsigned char dirtrack,
0511                                     unsigned char firsttrack, unsigned char lasttrack) {
0512                  unsigned char track80;
0513                  unsigned char track;
0514                  unsigned int free = 0;
0515
0516                  // access track array zero based
0517                  for (track80 = (firsttrack - 1); track80 < lasttrack; track80++)  {
0518                    // next BAM sector of two in total:
0519                    if (track80 < 40)  {
0520                      track = track80;
0521                    } else {
0522                      track = track80 - 40;
0523                      BAMsector = BAMsector2;
0524                    }
0525
0526                    if (track80 != (dirtrack - 1))  {
0527                      free += BAMsector->entry[track].free;
0528                    }
0529                  }
0530
0531                  return free;
0532                }
0533
0534                unsigned int FreeBlocks(unsigned char legacyHDOSstate,
0535                                        unsigned char side, unsigned char dirtrack,
0536                                        unsigned char firsttrack, unsigned char lasttrack) {
0537                  GetBAM(legacyHDOSstate, side);
0538                  return BAMSectorsFreeBlocks(BAMsector[0], BAMsector[1], dirtrack,
0539                                              firsttrack, lasttrack);
0540                }
0541
0542                unsigned int BAMCheckSizeinFilebuffer(unsigned char legacyHDOSstate,
0543                                                      unsigned char drive, unsigned char side,
0544                                                      unsigned char dirtrack,
0545                                                      unsigned char firsttrack,
0546                                                      unsigned char lasttrack) {
0547                  BAM* bs;
0548
0549                  readblockchain(legacyHDOSstate, ATTICFILEBUFFER, BAMBLOCKS,
0550                                 drive, dirtrack, BAMSECT);
0551                  bs = BAMsector[0];
0552                  lcopy(ATTICFILEBUFFER, (uint32_t) bs, ATTICBAMBUFFERSIZE);
0553                  return BAMSectorsFreeBlocks(BAMsector[0], BAMsector[1], dirtrack,
0554                                              firsttrack, lasttrack);
0555                }
0556
0557                // @@@@ debug
0558                // unsigned char* const basepage = (unsigned char*) BASEPAGERESERVED;
0559                unsigned char BAMFreeTracksinaRow(BAM* BAMsector, BAM* BAMsector2,
0560                                     unsigned char firsttrack, unsigned char lasttrack,
0561                                     unsigned char * starttrack, unsigned char * endtrack,
0562                                     unsigned char nboftracks) {
0563                  unsigned char track80;
0564                  unsigned char track;
0565                  unsigned char number = 0;
0566                  unsigned char numberprev = 0;
0567                  unsigned char starttrackprev = 0;
0568                  unsigned char endtrackprev = 0;
0569
0570                  *starttrack = 0; // to return the range matching the number of requested
0571                  *endtrack = 0;   // tracks
0572
0573                  // access track array zero based
0574                  for (track80 = (firsttrack - 1); track80 < lasttrack; track80++)  {
0575                    // next BAM sector of two in total:
0576                    if (track80 < 40)  {
0577                      track = track80;
0578                    } else {
0579                      track = track80 - 40;
0580                      BAMsector = BAMsector2;
0581                    }
0582
0583                    if (BAMsector->entry[track].free >= 40)  {
0584                      if (*starttrack == 0)  *starttrack = track80 + 1;
0585                      number ++;
0586                    } else {
0587                      if (number)  {
0588                        *endtrack = track80;
0589                        if ((*endtrack - *starttrack) >= (nboftracks - 1))  {
0590                          // weak strategy to find lowest track count in a row:
0591                          if ((*endtrack - *starttrack) >= (endtrackprev - starttrackprev)) {
0592                            endtrackprev = *endtrack;
0593                            starttrackprev = *starttrack;
0594                          } else {
0595                            *endtrack = endtrackprev;
0596                            *starttrack = starttrackprev;
0597                          }
0598                        } else {  // requested number of tracks not met:
0599                          *endtrack = 0;
0600                          *starttrack = 0;
0601                        }
0602                      }
0603                      number = 0; // re-begin finding biggest consecutive number
0604                    }
0605                  }
0606
0607                  // determine last track being unallocated:
0608                  if ((*starttrack + number) > lasttrack)  *endtrack = lasttrack;
0609
0610                //  basepage[0] = number;      // @@@@ debug
0611                //  basepage[1] = *starttrack; // @@@@ debug
0612                //  basepage[2] = *endtrack;   // @@@@ debug
0613
0614                  return number;
0615                }
0616
0617                unsigned char FreeTracks(unsigned char legacyHDOSstate,
0618                                         unsigned char side,
0619                                         unsigned char firsttrack, unsigned char lasttrack,
0620                                         unsigned char * starttrack, unsigned char * endtrack,
0621                                         unsigned char nboftracks) {
0622                  GetBAM(legacyHDOSstate, side);
0623                  return BAMFreeTracksinaRow(BAMsector[0], BAMsector[1],
0624                                             firsttrack, lasttrack,
0625                                             starttrack, endtrack, nboftracks);
0626                }
0627
0628                #define ID_i 'I'
0629                #define ID_d 'D'
0630                void FormatPartition(unsigned char legacyHDOSstate,
0631                                     unsigned char drive, unsigned char side,
0632                                     unsigned char dirtrack,
0633                                     unsigned char firsttrack, unsigned char lasttrack,
0634                                     char* name)  {
0635                  BAM* bs;
0636                  BAM* bs1;
0637                  HEADER* hs;
0638                  unsigned char track;
0639
0640                  bs = BAMsector[0];
0641                  bs1 = BAMsector[1];
0642                  hs = (HEADER *) BAMsector[0];
0643
0644                  // do it all backwards to profit from BAM similarities.
0645
0646                  // create first empty dirent sector:
0647                  lfill((uint32_t) bs1, 0, BLOCKSIZE);
0648                  bs1->chnsector = 0xff;
0649
0650                  // now BAM sectors:
0651                  bs->chntrack = 0;   // second BAM sector first
0652                  bs->chnsector = 0xff;  // next sector of BAM
0653                  bs->version = 0x44;
0654                  bs->versioninvert = 0xbb;
0655                  bs->diskid1 = ID_i;  // @@@@@
0656                  bs->diskid2 = ID_d;
0657                  bs->io = 0x40;
0658                  // for (i = 0x07; i <= 0x0f; i++)  bs[i] = 0;
0659                  lfill((uint32_t) bs + 0x07, 0, 0x0f - 0x07 + 1); // clear bytes 07..0f
0660                  for (track = 0; track < 40; track++)  {
0661                    if ((track + 41) == dirtrack)  {
0662                      bs->entry[track].free = 0x24;  // occupy header, BAM and dirent
0663                      bs->entry[track].alloc1 = 0xf0;
0664                    } else {
0665                      bs->entry[track].free = 0x28;
0666                      bs->entry[track].alloc1 = 0xff;
0667                    }
0668                    bs->entry[track].alloc2 = 0xff;
0669                    bs->entry[track].alloc3 = 0xff;
0670                    bs->entry[track].alloc4 = 0xff;
0671                    bs->entry[track].alloc5 = 0xff;
0672                  }
0673                  progress("Writing...", "directory/BAM", 30);
0674                  PutWholeSector(legacyHDOSstate, (BAM *) bs, drive, dirtrack, BAMSECT + 1);
0675
0676                  // both BAM sectors look almost the same:
0677                  lcopy((uint32_t) bs, (uint32_t) bs1, BLOCKSIZE);
0678
0679                  bs1->chntrack = dirtrack;  // first BAM sector points to second one
0680                  bs1->chnsector = BAMSECT + 1;  // next sector of BAM
0681                  if (dirtrack > 40)  {  // reset eventual dirtrack in upper BAM
0682                    bs1->entry[dirtrack - 41].free = 0x28;
0683                    bs1->entry[dirtrack - 41].alloc1 = 0xff;
0684                  }
0685                  if (dirtrack <= 40)  {
0686                    bs1->entry[dirtrack - 1].free = 0x24;  // occupy header, BAM and dirent
0687                    bs1->entry[dirtrack - 1].alloc1 = 0xf0;
0688                  }
0689
0690                  // create first empty header sector:
0691                  lfill((uint32_t) bs, 0, BLOCKSIZE);
0692                  hs->chntrack = dirtrack;  // first BAM sector points to second one
0693                  hs->chnsector = DIRENTSECT;
0694                  hs->diskdosversion = 0x44;
0695                  strcopy(name, (char *) hs->diskname, 16);
0696                  hs->unused1 = 0xa0;
0697                  hs->unused2 = 0xa0;
0698                  hs->diskid1 = ID_i;  // @@@@
0699                  hs->diskid2 = ID_d;
0700                  hs->unused3 = 0xa0;
0701                  hs->dosversion = 0x33;
0702                  hs->diskversion = 0x44;
0703                  hs->unused4 = 0xa0;
0704                  hs->unused5 = 0xa0;
0705
0706                  progress("Writing...", "BAM/header", 60);
0707                  PutWholeSector(legacyHDOSstate, (BAM *) bs, drive, dirtrack, HEADERSECT);
0708                }
0709
0710                void BAMAllocateTracks(unsigned char legacyHDOSstate, unsigned char side,
0711                                       unsigned char starttrack, unsigned char endtrack) {
0712                  unsigned char track80;
0713                  unsigned char sector;
0714
0715                  GetBAM(legacyHDOSstate, side);
0716                  for (track80 = starttrack; track80 <= endtrack; track80++)  {
0717                    for (sector = 0; sector < 40; sector++)  {
0718                      BAMSectorUpdate(BAMsector[0], BAMsector[1], track80, sector, 1); // 1=allocate
0719                    }
0720                  }
0721                }
0722
0723                // @@@@ this has old filename handling and uses a BAM sector instead
0724                // @@@@ of passing a pointer:
0725                void getDiskname(unsigned char legacyHDOSstate,
0726                                 unsigned char drive, unsigned char dirtrack, char* diskname) {
0727                  HEADER* hs;
0728                  unsigned char i;
0729
0730                  // _miniInit();
0731
0732                  if (GetOneSector(legacyHDOSstate,
0733                                   BAMsector[0], drive, dirtrack, HEADERSECT) < 2)  {
0734                    hs = (HEADER*) BAMsector[0];
0735
0736                    i = 0;
0737                    while (hs->diskname[i] != 0xa0 && i < DOSFILENAMELEN)  {
0738                      diskname[i] = hs->diskname[i];
0739                      i++;
0740                    }
0741                    diskname[i] = 0;
0742                  } else {
0743                    strcopy("read error", (char *) diskname, 16);
0744                  }
0745                }
0746
0747                unsigned char readblockchain(unsigned char legacyHDOSstate,
0748                                             uint32_t destination_address,
0749                                             unsigned int maxblocks, unsigned char drive,
0750                                             unsigned char track, unsigned char sector)  {
0751                  unsigned int i;
0752                  unsigned char nexttrack;
0753                  unsigned char nextsector;
0754
0755                  // _miniInit();
0756                  nexttrack = track;
0757                  nextsector = sector;
0758                #ifdef DEBUG
0759                        mprintf("readblockchain first nexttrack ", nexttrack);
0760                        mprintf(" nextsector ", nextsector);
0761                        cputln();
0762                #endif
0763
0764                  for (i = 0; i < maxblocks; i++)  {
0765                    if (GetOneSector(legacyHDOSstate,
0766                                     worksectorasBAM[0], drive, nexttrack, nextsector) > 1)  {
0767                      return(0xff);
0768                    }
0769                    DATABLOCK* ws = worksector[0];
0770                    nexttrack = ws->chntrack;
0771                    nextsector = ws->chnsector;
0772                #ifdef DEBUG
0773                        mprintf("nexttrack ", nexttrack);
0774                        mprintf(" nextsector ", nextsector);
0775                //        mprintf(" workside ", workside);
0776                        cputln();
0777                        mprintf(" block ", i);
0778                        mh4printf(" is: ", (long) &ws);
0779                        cputln();
0780                        mh4printf(" worksector[0]: ", (long) worksector[0]);
0781                        mh4printf(" worksectorasBAM[0]: ", (long) worksectorasBAM[0]);
0782                        cputln();
0783                        cgetc();
0784                #endif
0785                    // lcopy(uint32_t source_address, uint32_t destination_address, uint16_t count);
0786                    lcopy((uint32_t) ws, destination_address + i * BLOCKSIZE, BLOCKSIZE);
0787                    
0788                    if (nexttrack == 0)  break;
0789                  }
0790                  
0791                  if (nexttrack > 0)  {
0792                    return(0xfe);
0793                  }
0794                  return 0;
0795                }
0796
0797                unsigned char isallocatedBAMtracksector(unsigned char track,
0798                                                        unsigned char sector)  {
0799                  unsigned char bitshifter = 1;
0800                  BAM* bs;
0801
0802                  track--;  // zero based array access
0803                  if (track < 40)  {
0804                    bs = BAMsector[0];
0805                  } else {
0806                    track = track - 40;
0807                    bs = BAMsector[1];
0808                  }
0809                  if (sector < 8)  {
0810                    if (!(bs->entry[track].alloc1 & (bitshifter << sector)))  {
0811                #ifdef DEBUG
0812                        gotoxy(42, 7);
0813                        mprintf("t=", track);
0814                        mprintf(" s=", sector);
0815                        mprintf(" nt=", bs->chntrack);
0816                        mprintf(" ns=", bs->chnsector);
0817                        mprintf(" a1=", bs->entry[track].alloc1);
0818                        cgetc();
0819                #endif
0820                      return TRUE;
0821                    }
0822                  }
0823                  else if (sector < 16)  {
0824                    if (!(bs->entry[track].alloc2 & (bitshifter << (sector - 8))))  {
0825                #ifdef DEBUG
0826                        gotoxy(42, 8);
0827                        mprintf("t=", track);
0828                        mprintf(" s=", sector);
0829                        mprintf(" nt=", bs->chntrack);
0830                        mprintf(" ns=", bs->chnsector);
0831                        cgetc();
0832                #endif
0833                      return TRUE;
0834                    }
0835                  }
0836                  else if (sector < 24)  {
0837                    if (!(bs->entry[track].alloc3 & (bitshifter << (sector - 16))))  {
0838                #ifdef DEBUG
0839                        gotoxy(42, 9);
0840                        mprintf("t=", track);
0841                        mprintf(" s=", sector);
0842                        mprintf(" nt=", bs->chntrack);
0843                        mprintf(" ns=", bs->chnsector);
0844                        cgetc();
0845                #endif
0846                      return TRUE;
0847                    }
0848                  }
0849                  else if (sector < 32)  {
0850                    if (!(bs->entry[track].alloc4 & (bitshifter << (sector - 24))))  {
0851                #ifdef DEBUG
0852                        gotoxy(42, 10);
0853                        mprintf("t=", track);
0854                        mprintf(" s=", sector);
0855                        mprintf(" nt=", bs->chntrack);
0856                        mprintf(" ns=", bs->chnsector);
0857                        cgetc();
0858                #endif
0859                      return TRUE;
0860                    }
0861                  }
0862                  else  {
0863                    if (!(bs->entry[track].alloc5 & (bitshifter << (sector - 32))))  {
0864                #ifdef DEBUG
0865                        gotoxy(42, 11);
0866                        mprintf("t=", track);
0867                        mprintf(" s=", sector);
0868                        mprintf(" nt=", bs->chntrack);
0869                        mprintf(" ns=", bs->chnsector);
0870                        cgetc();
0871                #endif
0872                      return TRUE;
0873                    }
0874                  }
0875                  return FALSE;
0876                }
0877
0878                // track40 = TRUE lets search for an empty sector in dirtrack:
0879                void findnextBAMtracksector(unsigned char * nexttrack, unsigned char * nextsector,
0880                                        unsigned char track40, unsigned char dirtrack,
0881                                        unsigned char firsttrack, unsigned char lasttrack)  {
0882                  unsigned char bitshifter = 1;
0883                  unsigned char track80;
0884                  unsigned char track;
0885                  unsigned char i;
0886                  unsigned char sector;
0887                  unsigned char done = 0; //      0   1   2   3   4   5   6   7   8   9
0888                  unsigned char strategy[80] = { 38, 41, 40, 42, 37, 43, 36, 44, 35, 45,
0889                                                 34, 46, 33, 47, 32, 48, 31, 49, 30, 50,
0890                                                 29, 51, 28, 52, 27, 53, 26, 54, 25, 55,
0891                                                 24, 56, 23, 57, 22, 58, 21, 59, 20, 60,
0892                                                 19, 61, 18, 62, 17, 63, 16, 64, 15, 65,
0893                                                 14, 66, 13, 67, 12, 68, 11, 69, 10, 70,
0894                                                  9, 71,  8, 72,  7, 73,  6, 74,  5, 75,
0895                                                  4, 76,  3, 77,  2, 78,  1, 79,  0, 39 };
0896                  BAM* bs;
0897
0898                  // access track array zero based
0899                  // track strategy on track 40 is overridden by leaping to the following
0900                  // track of element [0] := 38 + 1 ==> track 39, physical 40
0901                  for (i = (firsttrack - 1); i < lasttrack; i++)  {
0902                    if (dirtrack != HEADERTRACK)  {
0903                      if (!track40 && i == (firsttrack - 1))  i++; // BAM strategy is different
0904                      track80 = i;  // no strategy for subpartitions
0905                    } else {
0906                      track80 = strategy[i];
0907                      if (track40)       track80++;    // BAM strategy is different
0908                      if (track80 > 79)  track80 = 0;
0909                      // next BAM sector of two in total:
0910                    }
0911                    if (track80 < 40)  {
0912                      track = track80;
0913                      bs = BAMsector[0];
0914                    } else {
0915                      track = track80 - 40;
0916                      bs = BAMsector[1];
0917                    }
0918                    for (sector = 0; sector <= 39; sector++)  {
0919                      if (sector < 8)  {
0920                        if (bs->entry[track].alloc1 & (bitshifter << sector))  {
0921                          done = 1;
0922                #ifdef DEBUG
0923                        gotoxy(42, 7);
0924                        mprintf("t=", track);
0925                        mprintf(" s=", sector);
0926                        mprintf(" nt=", bs->chntrack);
0927                        mprintf(" ns=", bs->chnsector);
0928                        mprintf(" a1=", bs->entry[track].alloc1);
0929                        cgetc();
0930                #endif
0931                          break;
0932                        }
0933                      }
0934                      else if (sector < 16)  {
0935                        if (bs->entry[track].alloc2 & (bitshifter << (sector - 8)))  {
0936                          done = 1;
0937                #ifdef DEBUG
0938                        gotoxy(42, 8);
0939                        mprintf("t=", track);
0940                        mprintf(" s=", sector);
0941                        mprintf(" nt=", bs->chntrack);
0942                        mprintf(" ns=", bs->chnsector);
0943                        cgetc();
0944                #endif
0945                          break;
0946                        }
0947                      }
0948                      else if (sector < 24)  {
0949                        if (bs->entry[track].alloc3 & (bitshifter << (sector - 16)))  {
0950                          done = 1;
0951                #ifdef DEBUG
0952                        gotoxy(42, 9);
0953                        mprintf("t=", track);
0954                        mprintf(" s=", sector);
0955                        mprintf(" nt=", bs->chntrack);
0956                        mprintf(" ns=", bs->chnsector);
0957                        cgetc();
0958                #endif
0959                          break;
0960                        }
0961                      }
0962                      else if (sector < 32)  {
0963                        if (bs->entry[track].alloc4 & (bitshifter << (sector - 24)))  {
0964                          done = 1;
0965                #ifdef DEBUG
0966                        gotoxy(42, 10);
0967                        mprintf("t=", track);
0968                        mprintf(" s=", sector);
0969                        mprintf(" nt=", bs->chntrack);
0970                        mprintf(" ns=", bs->chnsector);
0971                        cgetc();
0972                #endif
0973                          break;
0974                        }
0975                      }
0976                      else  {
0977                        if (bs->entry[track].alloc5 & (bitshifter << (sector - 32)))  {
0978                          done = 1;
0979                #ifdef DEBUG
0980                        gotoxy(42, 11);
0981                        mprintf("t=", track);
0982                        mprintf(" s=", sector);
0983                        mprintf(" nt=", bs->chntrack);
0984                        mprintf(" ns=", bs->chnsector);
0985                        cgetc();
0986                #endif
0987                          break;
0988                        }
0989                      }
0990                      if (done)  break;
0991                    }
0992                    if (done)  break;
0993                  }
0994                  track80++;  // access array zero based, but tracks are 1..80
0995
0996                  if (done)  {
0997                    BAMSectorUpdate(BAMsector[0], BAMsector[1], track80, sector, 1); // 1=allocate
0998                  
0999                    // return values:
1000                    *nexttrack  = track80;
1001                    *nextsector = sector;
1002                  } else {
1003                    *nexttrack  = 0xff;
1004                    *nextsector = 0;
1005                  }
1006                }
1007
1008                // ignores start track and sector upon call but gives them back:
1009                void writeblockchain(unsigned char legacyHDOSstate,
1010                                     uint32_t source_address,
1011                                     unsigned int maxblocks, unsigned char drive,
1012                                     unsigned char * starttrack, unsigned char * startsector,
1013                                     unsigned char dirtrack, unsigned char dirtrackflag,
1014                                     unsigned char firsttrack, unsigned char lasttrack)  {
1015                  unsigned int i;
1016                  unsigned char nexttrack = 0;
1017                  unsigned char nextsector = 0xff;
1018                  unsigned char track;
1019                  unsigned char sector;
1020
1021                  // _miniInit();
1022                  DATABLOCK* ws = worksector[0];
1023                  DATABLOCK* ws1 = worksector[1];
1024
1025                  // get a first sector anyway:
1026                  findnextBAMtracksector(&track, &sector, dirtrackflag, dirtrack,
1027                                         firsttrack, lasttrack);
1028                  *starttrack = track;  // to later write dirent
1029                  *startsector = sector;
1030                  
1031                  for (i = 0; i < maxblocks; i++)  {
1032                    lcopy(source_address + i * BLOCKSIZE, (uint32_t) ws, BLOCKSIZE);
1033
1034                #ifdef DEBUG
1035                        mprintf("nexttrack ", nexttrack);
1036                        mprintf(" nextsector ", nextsector);
1037                        mprintf(" block ", i);
1038                        mh4printf(" is: ", (long) &ws);
1039                        mh4printf(" worksector[0]: ", (long) worksector[0]);
1040                        cputln();
1041                        cgetc();
1042                #endif
1043
1044                    // replace chain with available ones or leave 0 if last datablock:
1045                    if (ws->chntrack > 0)  {
1046                      findnextBAMtracksector(&nexttrack, &nextsector, dirtrackflag, dirtrack,
1047                                             firsttrack, lasttrack);
1048                      ws->chntrack = nexttrack;
1049                      ws->chnsector = nextsector;
1050                    }
1051                    // is there a second sector to combine write a physical sector?
1052                    if (ws->chntrack > 0 && track == ws->chntrack &&
1053                        (sector / 2) == (ws->chnsector / 2))  {
1054                      i++;
1055                      lcopy(source_address + i * BLOCKSIZE, (uint32_t) ws1, BLOCKSIZE);
1056                      if (ws1->chntrack > 0)  {
1057                        findnextBAMtracksector(&nexttrack, &nextsector, dirtrackflag, dirtrack,
1058                                               firsttrack, lasttrack);
1059                        ws1->chntrack = nexttrack;
1060                        ws1->chnsector = nextsector;
1061                      }
1062                #ifdef DEBUG
1063                        mprintf("double sectors, track=", track);
1064                        mprintf(" sector=", sector);
1065                        cputln();
1066                        cgetc();
1067                #endif
1068                      PutWholeSector(legacyHDOSstate, (BAM *) ws, drive, track, sector);
1069                      ws->chntrack = ws1->chntrack; // fake to abort below if zero
1070                    } else {
1071                #ifdef DEBUG
1072                        mprintf("single sectors, track=", track);
1073                        mprintf(" sector=", sector);
1074                        cputln();
1075                        cgetc();
1076                #endif
1077                      PutOneSector(legacyHDOSstate, (BAM *) ws, drive, track, sector);
1078                    }
1079
1080                    if (ws->chntrack == 0)  break;
1081                    track = nexttrack;
1082                    sector = nextsector;
1083                  }
1084                  
1085                  if (nexttrack > 0 && i >= maxblocks)  {
1086                    messagebox(MBOXNUMBER, "Writing file,", "number of sectors too big",
1087                                           "max", (long) maxblocks);
1088                  }
1089                }
1090
1091                // not physically deleting but BAM deallocating:
1092                unsigned char deleteblockchain(unsigned char legacyHDOSstate,
1093                                               unsigned char drive, unsigned char dirtrack,
1094                                               unsigned char track, unsigned char sector)  {
1095                  unsigned char nexttrack;
1096                  unsigned char nextsector;
1097                  BAM* bs;
1098
1099                  // _miniInit();
1100                  if (GetOneSector(legacyHDOSstate,
1101                                   BAMsector[0], drive, dirtrack, BAMSECT) > 1)  {
1102                    return 0xff;
1103                  }
1104                  bs = BAMsector[0];
1105                  if (GetOneSector(legacyHDOSstate,
1106                                   BAMsector[1], drive, bs->chntrack, bs->chnsector) > 1)  {
1107                    return 0xfe;
1108                  }
1109
1110                  nexttrack = track;
1111                  nextsector = sector;
1112                #ifdef DEBUG
1113                        mprintf("nexttrack ", nexttrack);
1114                        mprintf(" nextsector ", nextsector);
1115                        cputln();
1116                #endif
1117                  while (nexttrack > 0)  {
1118                    /* workside = */ GetOneSector(legacyHDOSstate,
1119                                          worksectorasBAM[0], drive, nexttrack, nextsector);
1120                    DATABLOCK* ws = worksector[0];
1121                    BAMSectorUpdate(BAMsector[0], BAMsector[1], nexttrack, nextsector, 0); // 0=free up
1122                #ifdef DEBUG
1123                        gotoxy(42, 0);
1124                        mprintf("nexttrack ", nexttrack);
1125                        mprintf(" nextsector ", nextsector);
1126                //        mprintf(" workside ", workside);
1127                        cputln();
1128                        gotoxy(42, 1);
1129                        mh4printf(" block is: ", (long) &ws);
1130                        cputln();
1131                        gotoxy(42, 2);
1132                        mh4printf(" worksector[0]: ", (long) worksector[0]);
1133                        cputln();
1134                        cgetc();
1135                #endif
1136                    nexttrack = ws->chntrack;
1137                    nextsector = ws->chnsector;
1138                  }
1139                  PutOneSector(legacyHDOSstate, BAMsector[0], drive, dirtrack, BAMSECT);
1140                  PutOneSector(legacyHDOSstate,
1141                               BAMsector[1], drive, bs->chntrack, bs->chnsector);
1142                  return 0;
1143                }
1144
1145                extern unsigned char s[]; // @@@@
1146                char * tracksectorstring(unsigned char track, unsigned char sector)  {
1147                  unsigned int  i;
1148
1149                  i = 0;
1150                  s[i++] = 'T'; // @@ is this now how I want things to be?
1151                  s[i++] = 'r';
1152                  s[i++] = 'a';
1153                  s[i++] = 'c';
1154                  s[i++] = 'k';
1155                  s[i++] = ':';
1156                  s[i++] = ' ';
1157                  s[i++] = track / 10 + 48; // digit screen codes
1158                  s[i++] = track % 10 + 48;
1159                  s[i++] = ' ';
1160                  s[i++] = 'S';
1161                  s[i++] = 'e';
1162                  s[i++] = 'c';
1163                  s[i++] = 't';
1164                  s[i++] = 'o';
1165                  s[i++] = 'r';
1166                  s[i++] = ':';
1167                  s[i++] = ' ';
1168                  s[i++] = sector / 10 + 48;
1169                  s[i++] = sector % 10 + 48;
1170                  s[i++] = 0;
1171                  return (char*) s;
1172                }
    \ 0034 20....               jsr     _IncVsp
    \ 0037 60                   rts
    \ 0000                      .section code,text
    \ 0000                      .public BAMSectorUpdate
    \ 0000          BAMSectorUpdate:
    \ 0000 85..                 sta     zp:_Zp+6
    \ 0002 a5..                 lda     zp:_Zp+5
    \ 0004 85..                 sta     zp:_Zp+7
    \ 0006 20....               jsr     `?L1494`
    \ 0009 a328                 ldz     #40
    \ 000b d4..                 cpz     zp:_Zp+6
    \ 000d b009                 bcs     `?L155`
    \ 000f a5..                 lda     zp:_Zp+6
    \ 0011 38                   sec
    \ 0012 e928                 sbc     #40
    \ 0014 85..                 sta     zp:_Zp+6
    \ 0016 8005                 bra     `?L156`
    \ 0018          `?L155`:
    \ 0018 20....               jsr     `?L1481`
    \ 001b 85..                 sta     zp:_Zp+3
    \ 001d          `?L156`:
    \ 001d c6..                 dec     zp:_Zp+6
    \ 001f a5..                 lda     zp:_Zp+6
    \ 0021 85..                 sta     zp:_Zp+8
    \ 0023 a5..                 lda     zp:_Zp+7
    \ 0025 f3c200               lbeq    `?L158`
    \ 0028 ab....               ldz     _Zp+4
    \ 002b c208                 cpz     #8
    \ 002d b017                 bcs     `?L161`
    \ 002f 20....               jsr     `?L1337`
    \ 0032 9002                 bcc     `?L811`
    \ 0034 e6..                 inc     zp:_Zp+7
    \ 0036          `?L811`:
    \ 0036 e3..                 inw     zp:_Zp+6
    \ 0038 a6..                 ldx     zp:_Zp+4
    \ 003a f005                 beq     `?L813`
    \ 003c          `?L814`:
    \ 003c 06..                 asl     zp:_Zp+5
    \ 003e ca                   dex
    \ 003f d0fb                 bne     `?L814`
    \ 0041          `?L813`:
    \ 0041 a5..                 lda     zp:_Zp+5
    \ 0043 4c....               jmp     `?L1308`
    \ 0046          `?L161`:
    \ 0046 ab....               ldz     _Zp+4
    \ 0049 c210                 cpz     #16
    \ 004b b017                 bcs     `?L164`
    \ 004d 20....               jsr     `?L1337`
    \ 0050 9002                 bcc     `?L816`
    \ 0052 e6..                 inc     zp:_Zp+7
    \ 0054          `?L816`:
    \ 0054 20....               jsr     `?L1402`
    \ 0057 38                   sec
    \ 0058 e908                 sbc     #8
    \ 005a aa                   tax
    \ 005b f069                 beq     `?L835`
    \ 005d          `?L819`:
    \ 005d 06..                 asl     zp:_Zp
    \ 005f ca                   dex
    \ 0060 d0fb                 bne     `?L819`
    \ 0062 8062                 bra     `?L835`
    \ 0064          `?L164`:
    \ 0064 ab....               ldz     _Zp+4
    \ 0067 c218                 cpz     #24
    \ 0069 b019                 bcs     `?L167`
    \ 006b 20....               jsr     `?L1337`
    \ 006e 9002                 bcc     `?L821`
    \ 0070 e6..                 inc     zp:_Zp+7
    \ 0072          `?L821`:
    \ 0072 e3..                 inw     zp:_Zp+6
    \ 0074 20....               jsr     `?L1402`
    \ 0077 38                   sec
    \ 0078 e910                 sbc     #16
    \ 007a aa                   tax
    \ 007b f049                 beq     `?L835`
    \ 007d          `?L824`:
    \ 007d 06..                 asl     zp:_Zp
    \ 007f ca                   dex
    \ 0080 d0fb                 bne     `?L824`
    \ 0082 8042                 bra     `?L835`
    \ 0084          `?L167`:
    \ 0084 ab....               ldz     _Zp+4
    \ 0087 c220                 cpz     #32
    \ 0089 b01b                 bcs     `?L170`
    \ 008b 20....               jsr     `?L1337`
    \ 008e 9002                 bcc     `?L826`
    \ 0090 e6..                 inc     zp:_Zp+7
    \ 0092          `?L826`:
    \ 0092 e3..                 inw     zp:_Zp+6
    \ 0094 e3..                 inw     zp:_Zp+6
    \ 0096 20....               jsr     `?L1402`
    \ 0099 38                   sec
    \ 009a e918                 sbc     #24
    \ 009c aa                   tax
    \ 009d f027                 beq     `?L835`
    \ 009f          `?L829`:
    \ 009f 06..                 asl     zp:_Zp
    \ 00a1 ca                   dex
    \ 00a2 d0fb                 bne     `?L829`
    \ 00a4 8020                 bra     `?L835`
    \ 00a6          `?L170`:
    \ 00a6 20....               jsr     `?L1337`
    \ 00a9 9002                 bcc     `?L831`
    \ 00ab e6..                 inc     zp:_Zp+7
    \ 00ad 18       `?L831`:    clc
    \ 00ae a5..                 lda     zp:_Zp+6
    \ 00b0 6905                 adc     #5
    \ 00b2 85..                 sta     zp:_Zp+6
    \ 00b4 9002                 bcc     `?L833`
    \ 00b6 e6..                 inc     zp:_Zp+7
    \ 00b8          `?L833`:
    \ 00b8 20....               jsr     `?L1403`
    \ 00bb 38                   sec
    \ 00bc e920                 sbc     #32
    \ 00be aa                   tax
    \ 00bf f005                 beq     `?L835`
    \ 00c1          `?L836`:
    \ 00c1 06..                 asl     zp:_Zp
    \ 00c3 ca                   dex
    \ 00c4 d0fb                 bne     `?L836`
    \ 00c6          `?L835`:
    \ 00c6 a5..                 lda     zp:_Zp
    \ 00c8 49ff     `?L1308`:   eor     #-1
    \ 00ca a300                 ldz     #0
    \ 00cc 32..                 and     (_Zp+6),z
    \ 00ce 92..                 sta     (_Zp+6),z
    \ 00d0 20....               jsr     `?L1409`
    \ 00d3 20....               jsr     `?L1365`
    \ 00d6 18                   clc
    \ 00d7 a5..                 lda     zp:_Zp+2
    \ 00d9 65..                 adc     zp:_Zp
    \ 00db 85..                 sta     zp:_Zp+2
    \ 00dd 9002                 bcc     `?L838`
    \ 00df e6..                 inc     zp:_Zp+3
    \ 00e1 a000     `?L838`:    ldy     #0
    \ 00e3 b1..                 lda     (_Zp+2),y
    \ 00e5 3a                   dec     a
    \ 00e6 91..                 sta     (_Zp+2),y
    \ 00e8 60                   rts
    \ 00e9          `?L158`:
    \ 00e9 ab....               ldz     _Zp+4
    \ 00ec c208                 cpz     #8
    \ 00ee b017                 bcs     `?L173`
    \ 00f0 20....               jsr     `?L1337`
    \ 00f3 9002                 bcc     `?L840`
    \ 00f5 e6..                 inc     zp:_Zp+7
    \ 00f7          `?L840`:
    \ 00f7 e3..                 inw     zp:_Zp+6
    \ 00f9 a6..                 ldx     zp:_Zp+4
    \ 00fb f005                 beq     `?L842`
    \ 00fd          `?L843`:
    \ 00fd 06..                 asl     zp:_Zp+5
    \ 00ff ca                   dex
    \ 0100 d0fb                 bne     `?L843`
    \ 0102          `?L842`:
    \ 0102 a5..                 lda     zp:_Zp+5
    \ 0104 4c....               jmp     `?L1307`
    \ 0107          `?L173`:
    \ 0107 ab....               ldz     _Zp+4
    \ 010a c210                 cpz     #16
    \ 010c b017                 bcs     `?L176`
    \ 010e 20....               jsr     `?L1337`
    \ 0111 9002                 bcc     `?L845`
    \ 0113 e6..                 inc     zp:_Zp+7
    \ 0115          `?L845`:
    \ 0115 20....               jsr     `?L1402`
    \ 0118 38                   sec
    \ 0119 e908                 sbc     #8
    \ 011b aa                   tax
    \ 011c f047                 beq     `?L857`
    \ 011e          `?L848`:
    \ 011e 06..                 asl     zp:_Zp
    \ 0120 ca                   dex
    \ 0121 d0fb                 bne     `?L848`
    \ 0123 8040                 bra     `?L857`
    \ 0125          `?L176`:
    \ 0125 ab....               ldz     _Zp+4
    \ 0128 c218                 cpz     #24
    \ 012a b019                 bcs     `?L179`
    \ 012c 20....               jsr     `?L1337`
    \ 012f 9002                 bcc     `?L850`
    \ 0131 e6..                 inc     zp:_Zp+7
    \ 0133          `?L850`:
    \ 0133 e3..                 inw     zp:_Zp+6
    \ 0135 20....               jsr     `?L1402`
    \ 0138 38                   sec
    \ 0139 e910                 sbc     #16
    \ 013b aa                   tax
    \ 013c f027                 beq     `?L857`
    \ 013e          `?L853`:
    \ 013e 06..                 asl     zp:_Zp
    \ 0140 ca                   dex
    \ 0141 d0fb                 bne     `?L853`
    \ 0143 8020                 bra     `?L857`
    \ 0145          `?L179`:
    \ 0145 ab....               ldz     _Zp+4
    \ 0148 c220                 cpz     #32
    \ 014a b01d                 bcs     `?L182`
    \ 014c 20....               jsr     `?L1337`
    \ 014f 9002                 bcc     `?L855`
    \ 0151 e6..                 inc     zp:_Zp+7
    \ 0153          `?L855`:
    \ 0153 e3..                 inw     zp:_Zp+6
    \ 0155 e3..                 inw     zp:_Zp+6
    \ 0157 20....               jsr     `?L1402`
    \ 015a 38                   sec
    \ 015b e918                 sbc     #24
    \ 015d aa                   tax
    \ 015e f005                 beq     `?L857`
    \ 0160          `?L858`:
    \ 0160 06..                 asl     zp:_Zp
    \ 0162 ca                   dex
    \ 0163 d0fb                 bne     `?L858`
    \ 0165          `?L857`:
    \ 0165 a5..                 lda     zp:_Zp
    \ 0167 8021                 bra     `?L1307`
    \ 0169          `?L182`:
    \ 0169 20....               jsr     `?L1337`
    \ 016c 9002                 bcc     `?L860`
    \ 016e e6..                 inc     zp:_Zp+7
    \ 0170 18       `?L860`:    clc
    \ 0171 a5..                 lda     zp:_Zp+6
    \ 0173 6905                 adc     #5
    \ 0175 85..                 sta     zp:_Zp+6
    \ 0177 9002                 bcc     `?L862`
    \ 0179 e6..                 inc     zp:_Zp+7
    \ 017b          `?L862`:
    \ 017b a5..                 lda     zp:_Zp+4
    \ 017d 38                   sec
    \ 017e e920                 sbc     #32
    \ 0180 aa                   tax
    \ 0181 f005                 beq     `?L864`
    \ 0183          `?L865`:
    \ 0183 06..                 asl     zp:_Zp+5
    \ 0185 ca                   dex
    \ 0186 d0fb                 bne     `?L865`
    \ 0188          `?L864`:
    \ 0188 a5..                 lda     zp:_Zp+5
    \ 018a a300     `?L1307`:   ldz     #0
    \ 018c 12..                 ora     (_Zp+6),z
    \ 018e 92..                 sta     (_Zp+6),z
    \ 0190 20....               jsr     `?L1409`
    \ 0193 20....               jsr     `?L1365`
    \ 0196 18                   clc
    \ 0197 a5..                 lda     zp:_Zp+2
    \ 0199 65..                 adc     zp:_Zp
    \ 019b 85..                 sta     zp:_Zp+2
    \ 019d 9002                 bcc     `?L867`
    \ 019f e6..                 inc     zp:_Zp+3
    \ 01a1 a901     `?L867`:    lda     #1
    \ 01a3 18                   clc
    \ 01a4 72..                 adc     (_Zp+2),z
    \ 01a6 92..                 sta     (_Zp+2),z
    \ 01a8 60                   rts
    \ 0000                      .section code,text
    \ 0000                      .public BAMSectorsFreeBlocks
    \ 0000          BAMSectorsFreeBlocks:
    \ 0000 85..                 sta     zp:_Zp+12
    \ 0002 a5..                 lda     zp:_Zp
    \ 0004 85..                 sta     zp:_Zp+10
    \ 0006 a5..                 lda     zp:_Zp+1
    \ 0008 85..                 sta     zp:_Zp+11
    \ 000a a900                 lda     #0
    \ 000c 85..                 sta     zp:_Zp
    \ 000e 85..                 sta     zp:_Zp+1
    \ 0010 c6..                 dec     zp:_Zp+4
    \ 0012          `?L189`:
    \ 0012 ab....               ldz     _Zp+4
    \ 0015 d4..                 cpz     zp:_Zp+5
    \ 0017 9001                 bcc     `?L188`
    \ 0019 60                   rts
    \ 001a          `?L188`:
    \ 001a ab....               ldz     _Zp+4
    \ 001d c228                 cpz     #40
    \ 001f b006                 bcs     `?L192`
    \ 0021 a5..                 lda     zp:_Zp+4
    \ 0023 85..                 sta     zp:_Zp+6
    \ 0025 800f                 bra     `?L193`
    \ 0027          `?L192`:
    \ 0027 a5..                 lda     zp:_Zp+4
    \ 0029 38                   sec
    \ 002a e928                 sbc     #40
    \ 002c 85..                 sta     zp:_Zp+6
    \ 002e a5..                 lda     zp:_Zp+2
    \ 0030 85..                 sta     zp:_Zp+10
    \ 0032 a5..                 lda     zp:_Zp+3
    \ 0034 85..                 sta     zp:_Zp+11
    \ 0036          `?L193`:
    \ 0036 a5..                 lda     zp:_Zp+4
    \ 0038 a6..                 ldx     zp:_Zp+12
    \ 003a 86..                 stx     zp:_Zp+8
    \ 003c a200                 ldx     #0
    \ 003e 86..                 stx     zp:_Zp+9
    \ 0040 c3..                 dew     zp:_Zp+8
    \ 0042 38                   sec
    \ 0043 e5..                 sbc     zp:_Zp+8
    \ 0045 05..                 ora     zp:_Zp+9
    \ 0047 f03c                 beq     `?L190`
    \ 0049 a6..                 ldx     zp:_Zp+6
    \ 004b 20....               jsr     `?L1486`
    \ 004e cb....               asw     _Zp+8
    \ 0051 a5..                 lda     zp:_Zp+8
    \ 0053 85..                 sta     zp:_Zp+6
    \ 0055 cb....               asw     _Zp+8
    \ 0058 a5..                 lda     zp:_Zp+8
    \ 005a 18                   clc
    \ 005b 65..                 adc     zp:_Zp+6
    \ 005d 85..                 sta     zp:_Zp+6
    \ 005f a5..                 lda     zp:_Zp+10
    \ 0061 18                   clc
    \ 0062 6910                 adc     #16
    \ 0064 85..                 sta     zp:_Zp+8
    \ 0066 a5..                 lda     zp:_Zp+11
    \ 0068 6900                 adc     #0
    \ 006a 85..                 sta     zp:_Zp+9
    \ 006c 18                   clc
    \ 006d a5..                 lda     zp:_Zp+8
    \ 006f 65..                 adc     zp:_Zp+6
    \ 0071 85..                 sta     zp:_Zp+8
    \ 0073 9002                 bcc     `?L869`
    \ 0075 e6..                 inc     zp:_Zp+9
    \ 0077 a000     `?L869`:    ldy     #0
    \ 0079 b1..                 lda     (_Zp+8),y
    \ 007b 18                   clc
    \ 007c 65..                 adc     zp:_Zp
    \ 007e 85..                 sta     zp:_Zp
    \ 0080 98                   tya
    \ 0081 65..                 adc     zp:_Zp+1
    \ 0083 85..                 sta     zp:_Zp+1
    \ 0085          `?L190`:
    \ 0085 e6..                 inc     zp:_Zp+4
    \ 0087 8089                 bra     `?L189`
    \ 0000                      .section code,text
    \ 0000                      .public FreeBlocks
    \ 0000          FreeBlocks:
    \ 0000 20....               jsr     `?L1418`
    \ 0003 a6..                 ldx     zp:_Zp+1
    \ 0005 86..                 stx     zp:_Zp+26
    \ 0007 a6..                 ldx     zp:_Zp+2
    \ 0009 86..                 stx     zp:_Zp+25
    \ 000b a6..                 ldx     zp:_Zp+3
    \ 000d 86..                 stx     zp:_Zp+24
    \ 000f 20....               jsr     GetBAM
    \ 0012 a5..                 lda     zp:_Zp+24
    \ 0014 85..                 sta     zp:_Zp+5
    \ 0016 a5..                 lda     zp:_Zp+25
    \ 0018 20....               jsr     `?L1355`
    \ 001b a5..                 lda     zp:_Zp+26
    \ 001d 4c....               jmp     `?L1336`
    \ 0000                      .section code,text
    \ 0000                      .public BAMCheckSizeinFilebuffer
    \ 0000          BAMCheckSizeinFilebuffer:
    \ 0000 20....               jsr     `?L1418`
    \ 0003 85..                 sta     zp:_Zp+8
    \ 0005 a5..                 lda     zp:_Zp
    \ 0007 85..                 sta     zp:_Zp+6
    \ 0009 20....               jsr     `?L1424`
    \ 000c a5..                 lda     zp:_Zp+4
    \ 000e 85..                 sta     zp:_Zp+26
    \ 0010 20....               jsr     `?L1463`
    \ 0013 a5..                 lda     zp:_Zp+24
    \ 0015 85..                 sta     zp:_Zp+7
    \ 0017 20....               jsr     `?L1495`
    \ 001a a26a                 ldx     #106
    \ 001c a308                 ldz     #8
    \ 001e 424285..             stq     zp:_Zp
    \ 0022 a5..                 lda     zp:_Zp+8
    \ 0024 20....               jsr     `?L1476`
    \ 0027 ad....               lda     BAMsector
    \ 002a 85..                 sta     zp:_Zp+4
    \ 002c ad....               lda     BAMsector+1
    \ 002f 85..                 sta     zp:_Zp+5
    \ 0031 20....               jsr     `?L1374`
    \ 0034 85..                 sta     zp:_Zp+6
    \ 0036 85..                 sta     zp:_Zp+7
    \ 0038 a26a                 ldx     #106
    \ 003a a308                 ldz     #8
    \ 003c 424285..             stq     zp:_Zp
    \ 0040 20....               jsr     lcopy
    \ 0043 a001                 ldy     #1
    \ 0045 20....               jsr     _IncVsp
    \ 0048 a5..                 lda     zp:_Zp+26
    \ 004a 85..                 sta     zp:_Zp+5
    \ 004c a5..                 lda     zp:_Zp+25
    \ 004e 20....               jsr     `?L1355`
    \ 0051 a5..                 lda     zp:_Zp+24
    \ 0053          `?L1336`:
    \ 0053 20....               jsr     BAMSectorsFreeBlocks
    \ 0056 a002                 ldy     #2
    \ 0058 4c....               jmp     _RestoreRegisters
    \ 0000                      .section code,text
    \ 0000                      .public BAMFreeTracksinaRow
    \ 0000          BAMFreeTracksinaRow:
    \ 0000 85..                 sta     zp:_Zp+12
    \ 0002 a000                 ldy     #0
    \ 0004 b1..                 lda     (_Vsp),y
    \ 0006 85..                 sta     zp:_Zp+14
    \ 0008 c8                   iny
    \ 0009 b1..                 lda     (_Vsp),y
    \ 000b 85..                 sta     zp:_Zp+15
    \ 000d a900                 lda     #0
    \ 000f 85..                 sta     zp:_Zp+17
    \ 0011 85..                 sta     zp:_Zp+16
    \ 0013 85..                 sta     zp:_Zp+13
    \ 0015 88                   dey
    \ 0016 91..                 sta     (_Zp+6),y
    \ 0018 91..                 sta     (_Zp+14),y
    \ 001a c6..                 dec     zp:_Zp+12
    \ 001c          `?L211`:
    \ 001c ab....               ldz     _Zp+12
    \ 001f d4..                 cpz     zp:_Zp+4
    \ 0021 902e                 bcc     `?L210`
    \ 0023 a6..                 ldx     zp:_Zp+4
    \ 0025 86..                 stx     zp:_Zp
    \ 0027 98                   tya
    \ 0028 85..                 sta     zp:_Zp+1
    \ 002a b1..                 lda     (_Zp+6),y
    \ 002c 85..                 sta     zp:_Zp+2
    \ 002e 98                   tya
    \ 002f 85..                 sta     zp:_Zp+3
    \ 0031 18                   clc
    \ 0032 a5..                 lda     zp:_Zp+2
    \ 0034 65..                 adc     zp:_Zp+17
    \ 0036 85..                 sta     zp:_Zp+2
    \ 0038 9002                 bcc     `?L882`
    \ 003a e6..                 inc     zp:_Zp+3
    \ 003c          `?L882`:
    \ 003c a5..                 lda     zp:_Zp
    \ 003e c5..                 cmp     zp:_Zp+2
    \ 0040 a5..                 lda     zp:_Zp+1
    \ 0042 e5..                 sbc     zp:_Zp+3
    \ 0044 5002                 bvc     `?L884`
    \ 0046 4980                 eor     #-128
    \ 0048 1004     `?L884`:    bpl     `?L233`
    \ 004a a5..                 lda     zp:_Zp+4
    \ 004c 91..                 sta     (_Zp+14),y
    \ 004e          `?L233`:
    \ 004e a5..                 lda     zp:_Zp+17
    \ 0050 60                   rts
    \ 0051          `?L210`:
    \ 0051 ab....               ldz     _Zp+12
    \ 0054 c228                 cpz     #40
    \ 0056 b006                 bcs     `?L214`
    \ 0058 a5..                 lda     zp:_Zp+12
    \ 005a 85..                 sta     zp:_Zp+8
    \ 005c 800f                 bra     `?L215`
    \ 005e          `?L214`:
    \ 005e a5..                 lda     zp:_Zp+12
    \ 0060 38                   sec
    \ 0061 e928                 sbc     #40
    \ 0063 85..                 sta     zp:_Zp+8
    \ 0065 a5..                 lda     zp:_Zp+2
    \ 0067 85..                 sta     zp:_Zp
    \ 0069 a5..                 lda     zp:_Zp+3
    \ 006b 85..                 sta     zp:_Zp+1
    \ 006d          `?L215`:
    \ 006d a6..                 ldx     zp:_Zp+8
    \ 006f 86..                 stx     zp:_Zp+10
    \ 0071 98                   tya
    \ 0072 85..                 sta     zp:_Zp+11
    \ 0074 cb....               asw     _Zp+10
    \ 0077 a5..                 lda     zp:_Zp+10
    \ 0079 85..                 sta     zp:_Zp+8
    \ 007b cb....               asw     _Zp+10
    \ 007e a5..                 lda     zp:_Zp+10
    \ 0080 18                   clc
    \ 0081 65..                 adc     zp:_Zp+8
    \ 0083 85..                 sta     zp:_Zp+8
    \ 0085 a5..                 lda     zp:_Zp
    \ 0087 18                   clc
    \ 0088 6910                 adc     #16
    \ 008a 85..                 sta     zp:_Zp+10
    \ 008c a5..                 lda     zp:_Zp+1
    \ 008e 6900                 adc     #0
    \ 0090 85..                 sta     zp:_Zp+11
    \ 0092 18                   clc
    \ 0093 a5..                 lda     zp:_Zp+10
    \ 0095 65..                 adc     zp:_Zp+8
    \ 0097 85..                 sta     zp:_Zp+10
    \ 0099 9002                 bcc     `?L886`
    \ 009b e6..                 inc     zp:_Zp+11
    \ 009d          `?L886`:
    \ 009d b1..                 lda     (_Zp+10),y
    \ 009f c928                 cmp     #40
    \ 00a1 9012                 bcc     `?L217`
    \ 00a3 b1..                 lda     (_Zp+6),y
    \ 00a5 d00a                 bne     `?L221`
    \ 00a7 a5..                 lda     zp:_Zp+12
    \ 00a9 85..                 sta     zp:_Zp+8
    \ 00ab e6..                 inc     zp:_Zp+8
    \ 00ad a5..                 lda     zp:_Zp+8
    \ 00af 91..                 sta     (_Zp+6),y
    \ 00b1          `?L221`:
    \ 00b1 e6..                 inc     zp:_Zp+17
    \ 00b3 8063                 bra     `?L212`
    \ 00b5          `?L217`:
    \ 00b5 a5..                 lda     zp:_Zp+17
    \ 00b7 f05c                 beq     `?L224`
    \ 00b9 a5..                 lda     zp:_Zp+12
    \ 00bb 91..                 sta     (_Zp+14),y
    \ 00bd 85..                 sta     zp:_Zp+8
    \ 00bf 20....               jsr     `?L1439`
    \ 00c2 b002                 bcs     `?L888`
    \ 00c4 c6..                 dec     zp:_Zp+9
    \ 00c6          `?L888`:
    \ 00c6 a6..                 ldx     zp:_Zp+5
    \ 00c8 86..                 stx     zp:_Zp+10
    \ 00ca 98                   tya
    \ 00cb 85..                 sta     zp:_Zp+11
    \ 00cd c3..                 dew     zp:_Zp+10
    \ 00cf 20....               jsr     `?L1493`
    \ 00d2 5002                 bvc     `?L890`
    \ 00d4 4980                 eor     #-128
    \ 00d6 3038     `?L890`:    bmi     `?L226`
    \ 00d8 b1..                 lda     (_Zp+14),y
    \ 00da 85..                 sta     zp:_Zp+8
    \ 00dc 20....               jsr     `?L1439`
    \ 00df b002                 bcs     `?L892`
    \ 00e1 c6..                 dec     zp:_Zp+9
    \ 00e3          `?L892`:
    \ 00e3 a6..                 ldx     zp:_Zp+13
    \ 00e5 86..                 stx     zp:_Zp+10
    \ 00e7 98                   tya
    \ 00e8 85..                 sta     zp:_Zp+11
    \ 00ea 38                   sec
    \ 00eb a5..                 lda     zp:_Zp+10
    \ 00ed e5..                 sbc     zp:_Zp+16
    \ 00ef 85..                 sta     zp:_Zp+10
    \ 00f1 b002                 bcs     `?L894`
    \ 00f3 c6..                 dec     zp:_Zp+11
    \ 00f5          `?L894`:
    \ 00f5 20....               jsr     `?L1493`
    \ 00f8 5002                 bvc     `?L896`
    \ 00fa 4980                 eor     #-128
    \ 00fc 300a     `?L896`:    bmi     `?L229`
    \ 00fe b1..                 lda     (_Zp+14),y
    \ 0100 85..                 sta     zp:_Zp+13
    \ 0102 b1..                 lda     (_Zp+6),y
    \ 0104 85..                 sta     zp:_Zp+16
    \ 0106 800d                 bra     `?L224`
    \ 0108          `?L229`:
    \ 0108 a5..                 lda     zp:_Zp+13
    \ 010a 91..                 sta     (_Zp+14),y
    \ 010c a5..                 lda     zp:_Zp+16
    \ 010e 8003                 bra     `?L1309`
    \ 0110 98       `?L226`:    tya
    \ 0111 91..                 sta     (_Zp+14),y
    \ 0113          `?L1309`:
    \ 0113 91..                 sta     (_Zp+6),y
    \ 0115 98       `?L224`:    tya
    \ 0116 85..                 sta     zp:_Zp+17
    \ 0118          `?L212`:
    \ 0118 e6..                 inc     zp:_Zp+12
    \ 011a 4c....               jmp     `?L211`
    \ 0000                      .section code,text
    \ 0000                      .public FreeTracks
    \ 0000          FreeTracks:
    \ 0000 20....               jsr     `?L1429`
    \ 0003 a6..                 ldx     zp:_Zp+1
    \ 0005 86..                 stx     zp:_Zp+30
    \ 0007 a6..                 ldx     zp:_Zp+2
    \ 0009 86..                 stx     zp:_Zp+29
    \ 000b a6..                 ldx     zp:_Zp+3
    \ 000d 86..                 stx     zp:_Zp+28
    \ 000f a6..                 ldx     zp:_Zp+4
    \ 0011 86..                 stx     zp:_Zp+26
    \ 0013 a6..                 ldx     zp:_Zp+5
    \ 0015 86..                 stx     zp:_Zp+27
    \ 0017 a6..                 ldx     zp:_Zp+6
    \ 0019 86..                 stx     zp:_Zp+24
    \ 001b a6..                 ldx     zp:_Zp+7
    \ 001d 86..                 stx     zp:_Zp+25
    \ 001f 20....               jsr     GetBAM
    \ 0022 a9fe                 lda     #-2
    \ 0024 20....               jsr     _DecVsp
    \ 0027 a001                 ldy     #1
    \ 0029 a5..                 lda     zp:_Zp+25
    \ 002b 91..                 sta     (_Vsp),y
    \ 002d 88                   dey
    \ 002e a5..                 lda     zp:_Zp+24
    \ 0030 91..                 sta     (_Vsp),y
    \ 0032 a5..                 lda     zp:_Zp+26
    \ 0034 85..                 sta     zp:_Zp+6
    \ 0036 a5..                 lda     zp:_Zp+27
    \ 0038 85..                 sta     zp:_Zp+7
    \ 003a a5..                 lda     zp:_Zp+28
    \ 003c 85..                 sta     zp:_Zp+5
    \ 003e a5..                 lda     zp:_Zp+29
    \ 0040 20....               jsr     `?L1355`
    \ 0043 a5..                 lda     zp:_Zp+30
    \ 0045 20....               jsr     BAMFreeTracksinaRow
    \ 0048 a001                 ldy     #1
    \ 004a 20....               jsr     _IncVsp
    \ 004d a006                 ldy     #6
    \ 004f 4c....               jmp     _RestoreRegisters
    \ 0000                      .section code,text
    \ 0000                      .public FormatPartition
    \ 0000          FormatPartition:
    \ 0000 20....               jsr     `?L1462`
    \ 0003 85..                 sta     zp:_Zp+32
    \ 0005 a5..                 lda     zp:_Zp
    \ 0007 85..                 sta     zp:_Zp+31
    \ 0009 a5..                 lda     zp:_Zp+2
    \ 000b 85..                 sta     zp:_Zp+30
    \ 000d a5..                 lda     zp:_Zp+6
    \ 000f 85..                 sta     zp:_Zp+28
    \ 0011 a5..                 lda     zp:_Zp+7
    \ 0013 85..                 sta     zp:_Zp+29
    \ 0015 20....               jsr     `?L1472`
    \ 0018 ad....               lda     BAMsector+2
    \ 001b 85..                 sta     zp:_Zp+26
    \ 001d ad....               lda     BAMsector+3
    \ 0020 85..                 sta     zp:_Zp+27
    \ 0022 ad....               lda     BAMsector
    \ 0025 85..                 sta     zp:_Zp+34
    \ 0027 ad....               lda     BAMsector+1
    \ 002a 85..                 sta     zp:_Zp+35
    \ 002c 8a                   txa
    \ 002d 85..                 sta     zp:_Zp+4
    \ 002f 20....               jsr     `?L1494`
    \ 0032 20....               jsr     `?L1444`
    \ 0035 8a                   txa
    \ 0036 20....               jsr     `?L1498`
    \ 0039 a9ff                 lda     #-1
    \ 003b a001                 ldy     #1
    \ 003d 91..                 sta     (_Zp+26),y
    \ 003f a900                 lda     #0
    \ 0041 88                   dey
    \ 0042 91..                 sta     (_Zp+24),y
    \ 0044 a9ff                 lda     #-1
    \ 0046 c8                   iny
    \ 0047 91..                 sta     (_Zp+24),y
    \ 0049 a944                 lda     #68
    \ 004b c8                   iny
    \ 004c 91..                 sta     (_Zp+24),y
    \ 004e a9bb                 lda     #-69
    \ 0050 c8                   iny
    \ 0051 91..                 sta     (_Zp+24),y
    \ 0053 a949                 lda     #73
    \ 0055 c8                   iny
    \ 0056 91..                 sta     (_Zp+24),y
    \ 0058 a944                 lda     #68
    \ 005a c8                   iny
    \ 005b 91..                 sta     (_Zp+24),y
    \ 005d a940                 lda     #64
    \ 005f c8                   iny
    \ 0060 91..                 sta     (_Zp+24),y
    \ 0062 a909                 lda     #9
    \ 0064 85..                 sta     zp:_Zp+4
    \ 0066 a900                 lda     #0
    \ 0068 85..                 sta     zp:_Zp+5
    \ 006a 20....               jsr     `?L1358`
    \ 006d a900                 lda     #0
    \ 006f 85..                 sta     zp:_Zp+2
    \ 0071 85..                 sta     zp:_Zp+3
    \ 0073 a907                 lda     #7
    \ 0075 a200                 ldx     #0
    \ 0077 a000                 ldy     #0
    \ 0079 a300                 ldz     #0
    \ 007b 20....               jsr     `?L1384`
    \ 007e 424285..             stq     zp:_Zp
    \ 0082 a900                 lda     #0
    \ 0084 20....               jsr     lfill
    \ 0087 20....               jsr     `?L1465`
    \ 008a          `?L244`:
    \ 008a ab....               ldz     _Zp+4
    \ 008d c228                 cpz     #40
    \ 008f 931901               lbcc    `?L243`
    \ 0092 a9..                 lda     #.byte0 `_StringLiteral_directory/BAM`
    \ 0094 85..                 sta     zp:_Zp+2
    \ 0096 a9..                 lda     #.byte1 `_StringLiteral_directory/BAM`
    \ 0098 20....               jsr     `?L1426`
    \ 009b a91e                 lda     #30
    \ 009d 20....               jsr     progress
    \ 00a0 a902                 lda     #2
    \ 00a2 85..                 sta     zp:_Zp+4
    \ 00a4 a5..                 lda     zp:_Zp+30
    \ 00a6 85..                 sta     zp:_Zp+3
    \ 00a8 a5..                 lda     zp:_Zp+31
    \ 00aa 85..                 sta     zp:_Zp+2
    \ 00ac 20....               jsr     `?L1358`
    \ 00af 20....               jsr     `?L1492`
    \ 00b2 20....               jsr     `?L1345`
    \ 00b5 20....               jsr     `?L1445`
    \ 00b8 20....               jsr     `?L1358`
    \ 00bb 98                   tya
    \ 00bc 85..                 sta     zp:_Zp+2
    \ 00be 85..                 sta     zp:_Zp+3
    \ 00c0 20....               jsr     lcopy
    \ 00c3 a001                 ldy     #1
    \ 00c5 20....               jsr     _IncVsp
    \ 00c8 a5..                 lda     zp:_Zp+30
    \ 00ca 88                   dey
    \ 00cb 91..                 sta     (_Zp+26),y
    \ 00cd a902                 lda     #2
    \ 00cf c8                   iny
    \ 00d0 91..                 sta     (_Zp+26),y
    \ 00d2 a328                 ldz     #40
    \ 00d4 d4..                 cpz     zp:_Zp+30
    \ 00d6 b025                 bcs     `?L251`
    \ 00d8 20....               jsr     `?L1455`
    \ 00db 20....               jsr     `?L1364`
    \ 00de ab....               ldz     _Zp
    \ 00e1 a928                 lda     #40
    \ 00e3 92..                 sta     (_Zp+2),z
    \ 00e5 20....               jsr     `?L1455`
    \ 00e8 20....               jsr     `?L1364`
    \ 00eb 18                   clc
    \ 00ec a5..                 lda     zp:_Zp+2
    \ 00ee 65..                 adc     zp:_Zp
    \ 00f0 85..                 sta     zp:_Zp+2
    \ 00f2 9002                 bcc     `?L911`
    \ 00f4 e6..                 inc     zp:_Zp+3
    \ 00f6          `?L911`:
    \ 00f6 e3..                 inw     zp:_Zp+2
    \ 00f8 a9ff                 lda     #-1
    \ 00fa 88                   dey
    \ 00fb 91..                 sta     (_Zp+2),y
    \ 00fd a328     `?L251`:    ldz     #40
    \ 00ff d4..                 cpz     zp:_Zp+30
    \ 0101 902a                 bcc     `?L254`
    \ 0103 20....               jsr     `?L1499`
    \ 0106 c3..                 dew     zp:_Zp+2
    \ 0108 20....               jsr     `?L1364`
    \ 010b ab....               ldz     _Zp
    \ 010e a924                 lda     #36
    \ 0110 92..                 sta     (_Zp+2),z
    \ 0112 20....               jsr     `?L1499`
    \ 0115 c3..                 dew     zp:_Zp+2
    \ 0117 20....               jsr     `?L1364`
    \ 011a 18                   clc
    \ 011b a5..                 lda     zp:_Zp+2
    \ 011d 65..                 adc     zp:_Zp
    \ 011f 85..                 sta     zp:_Zp+2
    \ 0121 9002                 bcc     `?L913`
    \ 0123 e6..                 inc     zp:_Zp+3
    \ 0125          `?L913`:
    \ 0125 e3..                 inw     zp:_Zp+2
    \ 0127 a9f0                 lda     #-16
    \ 0129 a000                 ldy     #0
    \ 012b 91..                 sta     (_Zp+2),y
    \ 012d          `?L254`:
    \ 012d 20....               jsr     `?L1465`
    \ 0130 20....               jsr     `?L1494`
    \ 0133 20....               jsr     `?L1358`
    \ 0136 a900                 lda     #0
    \ 0138 20....               jsr     `?L1498`
    \ 013b a5..                 lda     zp:_Zp+30
    \ 013d a000                 ldy     #0
    \ 013f 91..                 sta     (_Zp+34),y
    \ 0141 a903                 lda     #3
    \ 0143 c8                   iny
    \ 0144 91..                 sta     (_Zp+34),y
    \ 0146 a944                 lda     #68
    \ 0148 c8                   iny
    \ 0149 91..                 sta     (_Zp+34),y
    \ 014b a5..                 lda     zp:_Zp+34
    \ 014d 85..                 sta     zp:_Zp+2
    \ 014f a5..                 lda     zp:_Zp+35
    \ 0151 20....               jsr     `?L1474`
    \ 0154 20....               jsr     `?L1490`
    \ 0157 a910                 lda     #16
    \ 0159 20....               jsr     strcopy
    \ 015c a9a0                 lda     #-96
    \ 015e a014                 ldy     #20
    \ 0160 91..                 sta     (_Zp+34),y
    \ 0162 c8                   iny
    \ 0163 91..                 sta     (_Zp+34),y
    \ 0165 a949                 lda     #73
    \ 0167 c8                   iny
    \ 0168 91..                 sta     (_Zp+34),y
    \ 016a a944                 lda     #68
    \ 016c c8                   iny
    \ 016d 91..                 sta     (_Zp+34),y
    \ 016f a9a0                 lda     #-96
    \ 0171 c8                   iny
    \ 0172 91..                 sta     (_Zp+34),y
    \ 0174 a933                 lda     #51
    \ 0176 c8                   iny
    \ 0177 91..                 sta     (_Zp+34),y
    \ 0179 a944                 lda     #68
    \ 017b c8                   iny
    \ 017c 91..                 sta     (_Zp+34),y
    \ 017e a9a0                 lda     #-96
    \ 0180 c8                   iny
    \ 0181 91..                 sta     (_Zp+34),y
    \ 0183 c8                   iny
    \ 0184 91..                 sta     (_Zp+34),y
    \ 0186 a9..                 lda     #.byte0 `_StringLiteral_BAM/header`
    \ 0188 85..                 sta     zp:_Zp+2
    \ 018a a9..                 lda     #.byte1 `_StringLiteral_BAM/header`
    \ 018c 20....               jsr     `?L1426`
    \ 018f a93c                 lda     #60
    \ 0191 20....               jsr     progress
    \ 0194 20....               jsr     `?L1465`
    \ 0197 a5..                 lda     zp:_Zp+30
    \ 0199 85..                 sta     zp:_Zp+3
    \ 019b a5..                 lda     zp:_Zp+31
    \ 019d 85..                 sta     zp:_Zp+2
    \ 019f 20....               jsr     `?L1358`
    \ 01a2 20....               jsr     `?L1492`
    \ 01a5 a00b                 ldy     #11
    \ 01a7 4c....               jmp     _RestoreRegisters
    \ 01aa          `?L243`:
    \ 01aa a5..                 lda     zp:_Zp+4
    \ 01ac 18                   clc
    \ 01ad 6929                 adc     #41
    \ 01af 85..                 sta     zp:_Zp
    \ 01b1 a900                 lda     #0
    \ 01b3 6900                 adc     #0
    \ 01b5 85..                 sta     zp:_Zp+1
    \ 01b7 a5..                 lda     zp:_Zp+30
    \ 01b9 38                   sec
    \ 01ba e5..                 sbc     zp:_Zp
    \ 01bc 05..                 ora     zp:_Zp+1
    \ 01be d022                 bne     `?L247`
    \ 01c0 20....               jsr     `?L1342`
    \ 01c3 85..                 sta     zp:_Zp+3
    \ 01c5 ab....               ldz     _Zp
    \ 01c8 a924                 lda     #36
    \ 01ca 92..                 sta     (_Zp+2),z
    \ 01cc 20....               jsr     `?L1342`
    \ 01cf 85..                 sta     zp:_Zp+3
    \ 01d1 18                   clc
    \ 01d2 a5..                 lda     zp:_Zp+2
    \ 01d4 65..                 adc     zp:_Zp
    \ 01d6 85..                 sta     zp:_Zp+2
    \ 01d8 9002                 bcc     `?L919`
    \ 01da e6..                 inc     zp:_Zp+3
    \ 01dc          `?L919`:
    \ 01dc e3..                 inw     zp:_Zp+2
    \ 01de a9f0                 lda     #-16
    \ 01e0 8020                 bra     `?L1310`
    \ 01e2          `?L247`:
    \ 01e2 20....               jsr     `?L1342`
    \ 01e5 85..                 sta     zp:_Zp+3
    \ 01e7 ab....               ldz     _Zp
    \ 01ea a928                 lda     #40
    \ 01ec 92..                 sta     (_Zp+2),z
    \ 01ee 20....               jsr     `?L1342`
    \ 01f1 85..                 sta     zp:_Zp+3
    \ 01f3 18                   clc
    \ 01f4 a5..                 lda     zp:_Zp+2
    \ 01f6 65..                 adc     zp:_Zp
    \ 01f8 85..                 sta     zp:_Zp+2
    \ 01fa 9002                 bcc     `?L921`
    \ 01fc e6..                 inc     zp:_Zp+3
    \ 01fe          `?L921`:
    \ 01fe e3..                 inw     zp:_Zp+2
    \ 0200 a9ff                 lda     #-1
    \ 0202 a000     `?L1310`:   ldy     #0
    \ 0204 91..                 sta     (_Zp+2),y
    \ 0206 a6..                 ldx     zp:_Zp+4
    \ 0208 86..                 stx     zp:_Zp+2
    \ 020a 98                   tya
    \ 020b 20....               jsr     `?L1343`
    \ 020e 85..                 sta     zp:_Zp+3
    \ 0210 18                   clc
    \ 0211 a5..                 lda     zp:_Zp+2
    \ 0213 65..                 adc     zp:_Zp
    \ 0215 85..                 sta     zp:_Zp+2
    \ 0217 9002                 bcc     `?L923`
    \ 0219 e6..                 inc     zp:_Zp+3
    \ 021b          `?L923`:
    \ 021b 20....               jsr     `?L1456`
    \ 021e 20....               jsr     `?L1342`
    \ 0221 85..                 sta     zp:_Zp+3
    \ 0223 18                   clc
    \ 0224 a5..                 lda     zp:_Zp+2
    \ 0226 65..                 adc     zp:_Zp
    \ 0228 85..                 sta     zp:_Zp+2
    \ 022a 9002                 bcc     `?L925`
    \ 022c e6..                 inc     zp:_Zp+3
    \ 022e          `?L925`:
    \ 022e e3..                 inw     zp:_Zp+2
    \ 0230 20....               jsr     `?L1456`
    \ 0233 20....               jsr     `?L1342`
    \ 0236 85..                 sta     zp:_Zp+3
    \ 0238 18                   clc
    \ 0239 a5..                 lda     zp:_Zp+2
    \ 023b 65..                 adc     zp:_Zp
    \ 023d 85..                 sta     zp:_Zp+2
    \ 023f 9002                 bcc     `?L927`
    \ 0241 e6..                 inc     zp:_Zp+3
    \ 0243          `?L927`:
    \ 0243 e3..                 inw     zp:_Zp+2
    \ 0245 e3..                 inw     zp:_Zp+2
    \ 0247 20....               jsr     `?L1456`
    \ 024a 20....               jsr     `?L1342`
    \ 024d 85..                 sta     zp:_Zp+3
    \ 024f 18                   clc
    \ 0250 a5..                 lda     zp:_Zp+2
    \ 0252 65..                 adc     zp:_Zp
    \ 0254 85..                 sta     zp:_Zp+2
    \ 0256 9002                 bcc     `?L929`
    \ 0258 e6..                 inc     zp:_Zp+3
    \ 025a a9ff     `?L929`:    lda     #-1
    \ 025c a005                 ldy     #5
    \ 025e 91..                 sta     (_Zp+2),y
    \ 0260 e6..                 inc     zp:_Zp+4
    \ 0262 4c....               jmp     `?L244`
    \ 0000                      .section code,text
    \ 0000                      .public BAMAllocateTracks
    \ 0000          BAMAllocateTracks:
    \ 0000 20....               jsr     `?L1418`
    \ 0003 a6..                 ldx     zp:_Zp+1
    \ 0005 86..                 stx     zp:_Zp+24
    \ 0007 a6..                 ldx     zp:_Zp+2
    \ 0009 86..                 stx     zp:_Zp+26
    \ 000b 20....               jsr     GetBAM
    \ 000e          `?L260`:
    \ 000e ab....               ldz     _Zp+26
    \ 0011 d4..                 cpz     zp:_Zp+24
    \ 0013 b005                 bcs     `?L259`
    \ 0015 a002                 ldy     #2
    \ 0017 4c....               jmp     _RestoreRegisters
    \ 001a a900     `?L259`:    lda     #0
    \ 001c 85..                 sta     zp:_Zp+25
    \ 001e          `?L264`:
    \ 001e ab....               ldz     _Zp+25
    \ 0021 c228                 cpz     #40
    \ 0023 9004                 bcc     `?L263`
    \ 0025 e6..                 inc     zp:_Zp+24
    \ 0027 80e5                 bra     `?L260`
    \ 0029          `?L263`:
    \ 0029 20....               jsr     `?L1494`
    \ 002c a5..                 lda     zp:_Zp+25
    \ 002e 20....               jsr     `?L1355`
    \ 0031 a5..                 lda     zp:_Zp+24
    \ 0033 20....               jsr     BAMSectorUpdate
    \ 0036 e6..                 inc     zp:_Zp+25
    \ 0038 80e4                 bra     `?L264`
    \ 0000                      .section code,text
    \ 0000                      .public getDiskname
    \ 0000          getDiskname:
    \ 0000 a200                 ldx     #0
    \ 0002 a001                 ldy     #1
    \ 0004 20....               jsr     _AllocStackSave
    \ 0007 85..                 sta     zp:_Zp+5
    \ 0009 20....               jsr     `?L1424`
    \ 000c 8a                   txa
    \ 000d 85..                 sta     zp:_Zp+4
    \ 000f a5..                 lda     zp:_Zp+1
    \ 0011 85..                 sta     zp:_Zp+3
    \ 0013 a5..                 lda     zp:_Zp
    \ 0015 85..                 sta     zp:_Zp+2
    \ 0017 ad....               lda     BAMsector
    \ 001a 85..                 sta     zp:_Zp
    \ 001c ad....               lda     BAMsector+1
    \ 001f 85..                 sta     zp:_Zp+1
    \ 0021 a5..                 lda     zp:_Zp+5
    \ 0023 20....               jsr     GetOneSector
    \ 0026 c902                 cmp     #2
    \ 0028 b03d                 bcs     `?L270`
    \ 002a ad....               lda     BAMsector
    \ 002d 85..                 sta     zp:_Zp
    \ 002f ad....               lda     BAMsector+1
    \ 0032 85..                 sta     zp:_Zp+1
    \ 0034 a900                 lda     #0
    \ 0036 85..                 sta     zp:_Zp+2
    \ 0038          `?L273`:
    \ 0038 20....               jsr     `?L1419`
    \ 003b 9002                 bcc     `?L936`
    \ 003d e6..                 inc     zp:_Zp+5
    \ 003f          `?L936`:
    \ 003f 20....               jsr     `?L1454`
    \ 0042 c9a0                 cmp     #-96
    \ 0044 f019                 beq     `?L274`
    \ 0046 ab....               ldz     _Zp+2
    \ 0049 c210                 cpz     #16
    \ 004b b012                 bcs     `?L274`
    \ 004d 20....               jsr     `?L1419`
    \ 0050 9002                 bcc     `?L938`
    \ 0052 e6..                 inc     zp:_Zp+5
    \ 0054          `?L938`:
    \ 0054 b1..                 lda     (_Zp+4),y
    \ 0056 ab....               ldz     _Zp+2
    \ 0059 92..                 sta     (_Zp+24),z
    \ 005b e6..                 inc     zp:_Zp+2
    \ 005d 80d9                 bra     `?L273`
    \ 005f 98       `?L274`:    tya
    \ 0060 ab....               ldz     _Zp+2
    \ 0063 92..                 sta     (_Zp+24),z
    \ 0065 8015                 bra     `?L269`
    \ 0067          `?L270`:
    \ 0067 a5..                 lda     zp:_Zp+24
    \ 0069 85..                 sta     zp:_Zp+2
    \ 006b a5..                 lda     zp:_Zp+25
    \ 006d 85..                 sta     zp:_Zp+3
    \ 006f a9..                 lda     #.byte0 `_StringLiteral_read error`
    \ 0071 85..                 sta     zp:_Zp
    \ 0073 a9..                 lda     #.byte1 `_StringLiteral_read error`
    \ 0075 85..                 sta     zp:_Zp+1
    \ 0077 a910                 lda     #16
    \ 0079 20....               jsr     strcopy
    \ 007c a001     `?L269`:    ldy     #1
    \ 007e 4c....               jmp     _RestoreRegisters
    \ 0000                      .section code,text
    \ 0000                      .public readblockchain
    \ 0000          readblockchain:
    \ 0000 20....               jsr     `?L1462`
    \ 0003 85..                 sta     zp:_Zp+31
    \ 0005 4242a5..             ldq     zp:_Zp
    \ 0009 424285..             stq     zp:_Zp+24
    \ 000d 20....               jsr     `?L1470`
    \ 0010 85..                 sta     zp:_Zp+34
    \ 0012 a5..                 lda     zp:_Zp+1
    \ 0014 85..                 sta     zp:_Zp+35
    \ 0016 a5..                 lda     zp:_Zp+6
    \ 0018 85..                 sta     zp:_Zp+30
    \ 001a a5..                 lda     zp:_Zp+7
    \ 001c 85..                 sta     zp:_Zp+3
    \ 001e a00c                 ldy     #12
    \ 0020 b1..                 lda     (_Vsp),y
    \ 0022 85..                 sta     zp:_Zp+4
    \ 0024 a900                 lda     #0
    \ 0026 85..                 sta     zp:_Zp+32
    \ 0028 85..                 sta     zp:_Zp+33
    \ 002a          `?L280`:
    \ 002a a5..                 lda     zp:_Zp+3
    \ 002c 85..                 sta     zp:_Zp+29
    \ 002e a5..                 lda     zp:_Zp+32
    \ 0030 c5..                 cmp     zp:_Zp+34
    \ 0032 a5..                 lda     zp:_Zp+33
    \ 0034 e5..                 sbc     zp:_Zp+35
    \ 0036 b052                 bcs     `?L282`
    \ 0038 a5..                 lda     zp:_Zp+30
    \ 003a 20....               jsr     `?L1389`
    \ 003d a5..                 lda     zp:_Zp+31
    \ 003f 20....               jsr     `?L1430`
    \ 0042 b004                 bcs     `?L284`
    \ 0044 a9ff                 lda     #-1
    \ 0046 804c                 bra     `?L278`
    \ 0048          `?L284`:
    \ 0048 ad....               lda     worksector
    \ 004b 85..                 sta     zp:_Zp
    \ 004d ad....               lda     worksector+1
    \ 0050 85..                 sta     zp:_Zp+1
    \ 0052 a000                 ldy     #0
    \ 0054 b1..                 lda     (_Zp),y
    \ 0056 85..                 sta     zp:_Zp+29
    \ 0058 c8                   iny
    \ 0059 b1..                 lda     (_Zp),y
    \ 005b 85..                 sta     zp:_Zp+28
    \ 005d 20....               jsr     `?L1345`
    \ 0060 a5..                 lda     zp:_Zp+32
    \ 0062 85..                 sta     zp:_Zp+4
    \ 0064 a5..                 lda     zp:_Zp+33
    \ 0066 85..                 sta     zp:_Zp+5
    \ 0068 98                   tya
    \ 0069 85..                 sta     zp:_Zp+7
    \ 006b a5..                 lda     zp:_Zp+5
    \ 006d 85..                 sta     zp:_Zp+6
    \ 006f a5..                 lda     zp:_Zp+4
    \ 0071 85..                 sta     zp:_Zp+5
    \ 0073 98                   tya
    \ 0074 85..                 sta     zp:_Zp+4
    \ 0076 4242a5..             ldq     zp:_Zp+4
    \ 007a 18                   clc
    \ 007b 424265..             adcq    zp:_Zp+24
    \ 007f 424285..             stq     zp:_Zp+4
    \ 0083 20....               jsr     `?L1356`
    \ 0086 a5..                 lda     zp:_Zp+29
    \ 0088 d00f                 bne     `?L281`
    \ 008a          `?L282`:
    \ 008a a5..                 lda     zp:_Zp+29
    \ 008c f004                 beq     `?L292`
    \ 008e a9fe                 lda     #-2
    \ 0090 8002                 bra     `?L278`
    \ 0092 a900     `?L292`:    lda     #0
    \ 0094 a00b     `?L278`:    ldy     #11
    \ 0096 4c....               jmp     _RestoreRegisters
    \ 0099          `?L281`:
    \ 0099 e3..                 inw     zp:_Zp+32
    \ 009b a5..                 lda     zp:_Zp+29
    \ 009d 85..                 sta     zp:_Zp+3
    \ 009f a5..                 lda     zp:_Zp+28
    \ 00a1 85..                 sta     zp:_Zp+4
    \ 00a3 8085                 bra     `?L280`
    \ 0000                      .section code,text
    \ 0000                      .public isallocatedBAMtracksector
    \ 0000          isallocatedBAMtracksector:
    \ 0000 85..                 sta     zp:_Zp+1
    \ 0002 a901                 lda     #1
    \ 0004 85..                 sta     zp:_Zp+6
    \ 0006 c6..                 dec     zp:_Zp+1
    \ 0008 ab....               ldz     _Zp+1
    \ 000b c228                 cpz     #40
    \ 000d b00a                 bcs     `?L299`
    \ 000f ad....               lda     BAMsector
    \ 0012 85..                 sta     zp:_Zp+8
    \ 0014 ad....               lda     BAMsector+1
    \ 0017 800f                 bra     `?L1311`
    \ 0019          `?L299`:
    \ 0019 a5..                 lda     zp:_Zp+1
    \ 001b 38                   sec
    \ 001c e928                 sbc     #40
    \ 001e 85..                 sta     zp:_Zp+1
    \ 0020 ad....               lda     BAMsector+2
    \ 0023 85..                 sta     zp:_Zp+8
    \ 0025 ad....               lda     BAMsector+3
    \ 0028          `?L1311`:
    \ 0028 85..                 sta     zp:_Zp+9
    \ 002a ab....               ldz     _Zp
    \ 002d c208                 cpz     #8
    \ 002f b020                 bcs     `?L302`
    \ 0031 20....               jsr     `?L1344`
    \ 0034 9002                 bcc     `?L946`
    \ 0036 e6..                 inc     zp:_Zp+5
    \ 0038          `?L946`:
    \ 0038 20....               jsr     `?L1453`
    \ 003b 48                   pha
    \ 003c 20....               jsr     `?L1417`
    \ 003f aa                   tax
    \ 0040 f006                 beq     `?L948`
    \ 0042          `?L949`:
    \ 0042 cb....               asw     _Zp+2
    \ 0045 ca                   dex
    \ 0046 d0fa                 bne     `?L949`
    \ 0048 68       `?L948`:    pla
    \ 0049 25..                 and     zp:_Zp+2
    \ 004b d3a500               lbne    `?L303`
    \ 004e 4c....               jmp     `?L332`
    \ 0051          `?L302`:
    \ 0051 ab....               ldz     _Zp
    \ 0054 c210                 cpz     #16
    \ 0056 b021                 bcs     `?L309`
    \ 0058 20....               jsr     `?L1344`
    \ 005b 9002                 bcc     `?L951`
    \ 005d e6..                 inc     zp:_Zp+5
    \ 005f          `?L951`:
    \ 005f 20....               jsr     `?L1452`
    \ 0062 48                   pha
    \ 0063 20....               jsr     `?L1417`
    \ 0066 38                   sec
    \ 0067 e908                 sbc     #8
    \ 0069 aa                   tax
    \ 006a f006                 beq     `?L953`
    \ 006c          `?L954`:
    \ 006c cb....               asw     _Zp+2
    \ 006f ca                   dex
    \ 0070 d0fa                 bne     `?L954`
    \ 0072 68       `?L953`:    pla
    \ 0073 25..                 and     zp:_Zp+2
    \ 0075 d07b                 bne     `?L303`
    \ 0077 8076                 bra     `?L332`
    \ 0079          `?L309`:
    \ 0079 ab....               ldz     _Zp
    \ 007c c218                 cpz     #24
    \ 007e b023                 bcs     `?L316`
    \ 0080 20....               jsr     `?L1344`
    \ 0083 9002                 bcc     `?L956`
    \ 0085 e6..                 inc     zp:_Zp+5
    \ 0087          `?L956`:
    \ 0087 e3..                 inw     zp:_Zp+4
    \ 0089 20....               jsr     `?L1452`
    \ 008c 48                   pha
    \ 008d 20....               jsr     `?L1417`
    \ 0090 38                   sec
    \ 0091 e910                 sbc     #16
    \ 0093 aa                   tax
    \ 0094 f006                 beq     `?L958`
    \ 0096          `?L959`:
    \ 0096 cb....               asw     _Zp+2
    \ 0099 ca                   dex
    \ 009a d0fa                 bne     `?L959`
    \ 009c 68       `?L958`:    pla
    \ 009d 25..                 and     zp:_Zp+2
    \ 009f d051                 bne     `?L303`
    \ 00a1 804c                 bra     `?L332`
    \ 00a3          `?L316`:
    \ 00a3 ab....               ldz     _Zp
    \ 00a6 c220                 cpz     #32
    \ 00a8 b025                 bcs     `?L323`
    \ 00aa 20....               jsr     `?L1344`
    \ 00ad 9002                 bcc     `?L961`
    \ 00af e6..                 inc     zp:_Zp+5
    \ 00b1          `?L961`:
    \ 00b1 e3..                 inw     zp:_Zp+4
    \ 00b3 e3..                 inw     zp:_Zp+4
    \ 00b5 20....               jsr     `?L1452`
    \ 00b8 48                   pha
    \ 00b9 20....               jsr     `?L1417`
    \ 00bc 38                   sec
    \ 00bd e918                 sbc     #24
    \ 00bf aa                   tax
    \ 00c0 f006                 beq     `?L963`
    \ 00c2          `?L964`:
    \ 00c2 cb....               asw     _Zp+2
    \ 00c5 ca                   dex
    \ 00c6 d0fa                 bne     `?L964`
    \ 00c8 68       `?L963`:    pla
    \ 00c9 25..                 and     zp:_Zp+2
    \ 00cb d025                 bne     `?L303`
    \ 00cd 8020                 bra     `?L332`
    \ 00cf          `?L323`:
    \ 00cf 20....               jsr     `?L1344`
    \ 00d2 9002                 bcc     `?L966`
    \ 00d4 e6..                 inc     zp:_Zp+5
    \ 00d6 a005     `?L966`:    ldy     #5
    \ 00d8 b1..                 lda     (_Zp+4),y
    \ 00da 48                   pha
    \ 00db 20....               jsr     `?L1417`
    \ 00de 38                   sec
    \ 00df e920                 sbc     #32
    \ 00e1 aa                   tax
    \ 00e2 f006                 beq     `?L968`
    \ 00e4          `?L969`:
    \ 00e4 cb....               asw     _Zp+2
    \ 00e7 ca                   dex
    \ 00e8 d0fa                 bne     `?L969`
    \ 00ea 68       `?L968`:    pla
    \ 00eb 25..                 and     zp:_Zp+2
    \ 00ed d003                 bne     `?L303`
    \ 00ef a901     `?L332`:    lda     #1
    \ 00f1 60                   rts
    \ 00f2 a900     `?L303`:    lda     #0
    \ 00f4 60                   rts
    \ 0000                      .section code,text
    \ 0000                      .public findnextBAMtracksector
    \ 0000          findnextBAMtracksector:
    \ 0000 a2b0                 ldx     #176
    \ 0002 20....               jsr     `?L1497`
    \ 0005 85..                 sta     zp:_Zp+12
    \ 0007 20....               jsr     `?L1432`
    \ 000a 85..                 sta     zp:_Zp+27
    \ 000c 20....               jsr     `?L1424`
    \ 000f a901                 lda     #1
    \ 0011 85..                 sta     zp:_Zp+13
    \ 0013 a900                 lda     #0
    \ 0015 85..                 sta     zp:_Zp+11
    \ 0017 20....               jsr     `?L1487`
    \ 001a a9..                 lda     #.byte0 `??_Initializer0`
    \ 001c 85..                 sta     zp:_Zp+2
    \ 001e a9..                 lda     #.byte1 `??_Initializer0`
    \ 0020 85..                 sta     zp:_Zp+3
    \ 0022 a250                 ldx     #80
    \ 0024 20....               jsr     _MoveLong16X
    \ 0027 a5..                 lda     zp:_Zp+5
    \ 0029 85..                 sta     zp:_Zp+7
    \ 002b c6..                 dec     zp:_Zp+7
    \ 002d          `?L339`:
    \ 002d a5..                 lda     zp:_Zp+11
    \ 002f 85..                 sta     zp:_Zp
    \ 0031 ab....               ldz     _Zp+7
    \ 0034 d4..                 cpz     zp:_Zp+6
    \ 0036 b35601               lbcs    `?L341`
    \ 0039 a228                 ldx     #40
    \ 003b e4..                 cpx     zp:_Zp+4
    \ 003d f01d                 beq     `?L342`
    \ 003f a5..                 lda     zp:_Zp+12
    \ 0041 d015                 bne     `?L346`
    \ 0043 a5..                 lda     zp:_Zp+7
    \ 0045 a6..                 ldx     zp:_Zp+5
    \ 0047 86..                 stx     zp:_Zp
    \ 0049 a200                 ldx     #0
    \ 004b 86..                 stx     zp:_Zp+1
    \ 004d c3..                 dew     zp:_Zp
    \ 004f 38                   sec
    \ 0050 e5..                 sbc     zp:_Zp
    \ 0052 05..                 ora     zp:_Zp+1
    \ 0054 d002                 bne     `?L346`
    \ 0056 e6..                 inc     zp:_Zp+7
    \ 0058          `?L346`:
    \ 0058 a5..                 lda     zp:_Zp+7
    \ 005a 8021                 bra     `?L1314`
    \ 005c          `?L342`:
    \ 005c 20....               jsr     `?L1487`
    \ 005f 18                   clc
    \ 0060 a5..                 lda     zp:_Zp
    \ 0062 65..                 adc     zp:_Zp+7
    \ 0064 85..                 sta     zp:_Zp
    \ 0066 9002                 bcc     `?L973`
    \ 0068 e6..                 inc     zp:_Zp+1
    \ 006a a000     `?L973`:    ldy     #0
    \ 006c b1..                 lda     (_Zp),y
    \ 006e 85..                 sta     zp:_Zp+8
    \ 0070 a5..                 lda     zp:_Zp+12
    \ 0072 f002                 beq     `?L349`
    \ 0074 e6..                 inc     zp:_Zp+8
    \ 0076 a34f     `?L349`:    ldz     #79
    \ 0078 d4..                 cpz     zp:_Zp+8
    \ 007a b003                 bcs     `?L343`
    \ 007c 98                   tya
    \ 007d          `?L1314`:
    \ 007d 85..                 sta     zp:_Zp+8
    \ 007f          `?L343`:
    \ 007f ab....               ldz     _Zp+8
    \ 0082 c228                 cpz     #40
    \ 0084 b00e                 bcs     `?L354`
    \ 0086 a5..                 lda     zp:_Zp+8
    \ 0088 85..                 sta     zp:_Zp+9
    \ 008a ad....               lda     BAMsector
    \ 008d 85..                 sta     zp:_Zp+14
    \ 008f ad....               lda     BAMsector+1
    \ 0092 800f                 bra     `?L1313`
    \ 0094          `?L354`:
    \ 0094 a5..                 lda     zp:_Zp+8
    \ 0096 38                   sec
    \ 0097 e928                 sbc     #40
    \ 0099 85..                 sta     zp:_Zp+9
    \ 009b ad....               lda     BAMsector+2
    \ 009e 85..                 sta     zp:_Zp+14
    \ 00a0 ad....               lda     BAMsector+3
    \ 00a3          `?L1313`:
    \ 00a3 85..                 sta     zp:_Zp+15
    \ 00a5 a900                 lda     #0
    \ 00a7 85..                 sta     zp:_Zp+10
    \ 00a9          `?L358`:
    \ 00a9 a5..                 lda     zp:_Zp+11
    \ 00ab 85..                 sta     zp:_Zp
    \ 00ad a327                 ldz     #39
    \ 00af d4..                 cpz     zp:_Zp+10
    \ 00b1 93d300               lbcc    `?L360`
    \ 00b4 ab....               ldz     _Zp+10
    \ 00b7 c208                 cpz     #8
    \ 00b9 b01f                 bcs     `?L361`
    \ 00bb 20....               jsr     `?L1349`
    \ 00be 9002                 bcc     `?L975`
    \ 00c0 e6..                 inc     zp:_Zp+3
    \ 00c2          `?L975`:
    \ 00c2 20....               jsr     `?L1457`
    \ 00c5 48                   pha
    \ 00c6 20....               jsr     `?L1416`
    \ 00c9 aa                   tax
    \ 00ca f005                 beq     `?L977`
    \ 00cc          `?L978`:
    \ 00cc 20....               jsr     `?L1421`
    \ 00cf d0fb                 bne     `?L978`
    \ 00d1 68       `?L977`:    pla
    \ 00d2 25..                 and     zp:_Zp
    \ 00d4 f3a800               lbeq    `?L362`
    \ 00d7 4c....               jmp     `?L391`
    \ 00da          `?L361`:
    \ 00da ab....               ldz     _Zp+10
    \ 00dd c210                 cpz     #16
    \ 00df b022                 bcs     `?L368`
    \ 00e1 20....               jsr     `?L1349`
    \ 00e4 9002                 bcc     `?L980`
    \ 00e6 e6..                 inc     zp:_Zp+3
    \ 00e8          `?L980`:
    \ 00e8 e3..                 inw     zp:_Zp+2
    \ 00ea 20....               jsr     `?L1457`
    \ 00ed 48                   pha
    \ 00ee 20....               jsr     `?L1416`
    \ 00f1 38                   sec
    \ 00f2 e908                 sbc     #8
    \ 00f4 aa                   tax
    \ 00f5 f005                 beq     `?L982`
    \ 00f7          `?L983`:
    \ 00f7 20....               jsr     `?L1421`
    \ 00fa d0fb                 bne     `?L983`
    \ 00fc 68       `?L982`:    pla
    \ 00fd 25..                 and     zp:_Zp
    \ 00ff f07d                 beq     `?L362`
    \ 0101 8077                 bra     `?L391`
    \ 0103          `?L368`:
    \ 0103 ab....               ldz     _Zp+10
    \ 0106 c218                 cpz     #24
    \ 0108 b024                 bcs     `?L375`
    \ 010a 20....               jsr     `?L1349`
    \ 010d 9002                 bcc     `?L985`
    \ 010f e6..                 inc     zp:_Zp+3
    \ 0111          `?L985`:
    \ 0111 e3..                 inw     zp:_Zp+2
    \ 0113 e3..                 inw     zp:_Zp+2
    \ 0115 20....               jsr     `?L1457`
    \ 0118 48                   pha
    \ 0119 20....               jsr     `?L1416`
    \ 011c 38                   sec
    \ 011d e910                 sbc     #16
    \ 011f aa                   tax
    \ 0120 f005                 beq     `?L987`
    \ 0122          `?L988`:
    \ 0122 20....               jsr     `?L1421`
    \ 0125 d0fb                 bne     `?L988`
    \ 0127 68       `?L987`:    pla
    \ 0128 25..                 and     zp:_Zp
    \ 012a f052                 beq     `?L362`
    \ 012c 804c                 bra     `?L391`
    \ 012e          `?L375`:
    \ 012e ab....               ldz     _Zp+10
    \ 0131 c220                 cpz     #32
    \ 0133 b026                 bcs     `?L382`
    \ 0135 20....               jsr     `?L1349`
    \ 0138 9002                 bcc     `?L990`
    \ 013a e6..                 inc     zp:_Zp+3
    \ 013c          `?L990`:
    \ 013c e3..                 inw     zp:_Zp+2
    \ 013e e3..                 inw     zp:_Zp+2
    \ 0140 e3..                 inw     zp:_Zp+2
    \ 0142 20....               jsr     `?L1457`
    \ 0145 48                   pha
    \ 0146 20....               jsr     `?L1416`
    \ 0149 38                   sec
    \ 014a e918                 sbc     #24
    \ 014c aa                   tax
    \ 014d f005                 beq     `?L992`
    \ 014f          `?L993`:
    \ 014f 20....               jsr     `?L1421`
    \ 0152 d0fb                 bne     `?L993`
    \ 0154 68       `?L992`:    pla
    \ 0155 25..                 and     zp:_Zp
    \ 0157 f025                 beq     `?L362`
    \ 0159 801f                 bra     `?L391`
    \ 015b          `?L382`:
    \ 015b 20....               jsr     `?L1349`
    \ 015e 9002                 bcc     `?L995`
    \ 0160 e6..                 inc     zp:_Zp+3
    \ 0162 a005     `?L995`:    ldy     #5
    \ 0164 b1..                 lda     (_Zp+2),y
    \ 0166 48                   pha
    \ 0167 20....               jsr     `?L1416`
    \ 016a 38                   sec
    \ 016b e920                 sbc     #32
    \ 016d aa                   tax
    \ 016e f005                 beq     `?L997`
    \ 0170          `?L998`:
    \ 0170 20....               jsr     `?L1421`
    \ 0173 d0fb                 bne     `?L998`
    \ 0175 68       `?L997`:    pla
    \ 0176 25..                 and     zp:_Zp
    \ 0178 f004                 beq     `?L362`
    \ 017a a901     `?L391`:    lda     #1
    \ 017c 8006                 bra     `?L1312`
    \ 017e          `?L362`:
    \ 017e a5..                 lda     zp:_Zp+11
    \ 0180 f04b                 beq     `?L359`
    \ 0182 a5..                 lda     zp:_Zp+11
    \ 0184          `?L1312`:
    \ 0184 85..                 sta     zp:_Zp
    \ 0186          `?L360`:
    \ 0186 a5..                 lda     zp:_Zp
    \ 0188 f036                 beq     `?L340`
    \ 018a a5..                 lda     zp:_Zp+10
    \ 018c 85..                 sta     zp:_Zp+28
    \ 018e          `?L341`:
    \ 018e e6..                 inc     zp:_Zp+8
    \ 0190 a5..                 lda     zp:_Zp+8
    \ 0192 85..                 sta     zp:_Zp+29
    \ 0194 a5..                 lda     zp:_Zp
    \ 0196 f017                 beq     `?L401`
    \ 0198 20....               jsr     `?L1494`
    \ 019b a5..                 lda     zp:_Zp+28
    \ 019d 20....               jsr     `?L1355`
    \ 01a0 a5..                 lda     zp:_Zp+29
    \ 01a2 20....               jsr     BAMSectorUpdate
    \ 01a5 a5..                 lda     zp:_Zp+29
    \ 01a7 a000                 ldy     #0
    \ 01a9 91..                 sta     (_Zp+26),y
    \ 01ab a5..                 lda     zp:_Zp+28
    \ 01ad 8008                 bra     `?L1315`
    \ 01af a9ff     `?L401`:    lda     #-1
    \ 01b1 a000                 ldy     #0
    \ 01b3 91..                 sta     (_Zp+26),y
    \ 01b5 a900                 lda     #0
    \ 01b7          `?L1315`:
    \ 01b7 91..                 sta     (_Zp+24),y
    \ 01b9 a250                 ldx     #80
    \ 01bb a005                 ldy     #5
    \ 01bd 4c....               jmp     _DeallocStackRestore
    \ 01c0          `?L340`:
    \ 01c0 e6..                 inc     zp:_Zp+7
    \ 01c2 a5..                 lda     zp:_Zp+10
    \ 01c4 85..                 sta     zp:_Zp+28
    \ 01c6 a5..                 lda     zp:_Zp
    \ 01c8 85..                 sta     zp:_Zp+11
    \ 01ca 4c....               jmp     `?L339`
    \ 01cd          `?L359`:
    \ 01cd e6..                 inc     zp:_Zp+10
    \ 01cf 4c....               jmp     `?L358`
    \ 0000                      .section cdata,rodata
    \ 0000          `??_Initializer0`:
    \ 0000 2629282a             .byte   38,41,40,42,37,43,36,44
    \ 0004 252b242c
    \ 0008 232d222e             .byte   35,45,34,46,33,47,32,48
    \ 000c 212f2030
    \ 0010 1f311e32             .byte   31,49,30,50,29,51,28,52
    \ 0014 1d331c34
    \ 0018 1b351a36             .byte   27,53,26,54,25,55,24,56
    \ 001c 19371838
    \ 0020 1739163a             .byte   23,57,22,58,21,59,20,60
    \ 0024 153b143c
    \ 0028 133d123e             .byte   19,61,18,62,17,63,16,64
    \ 002c 113f1040
    \ 0030 0f410e42             .byte   15,65,14,66,13,67,12,68
    \ 0034 0d430c44
    \ 0038 0b450a46             .byte   11,69,10,70,9,71,8,72
    \ 003c 09470848
    \ 0040 0749064a             .byte   7,73,6,74,5,75,4,76
    \ 0044 054b044c
    \ 0048 034d024e             .byte   3,77,2,78,1,79,0,39
    \ 004c 014f0027
    \ 0000                      .section code,text
    \ 0000                      .public writeblockchain
    \ 0000          writeblockchain:
    \ 0000 a2ef                 ldx     #239
    \ 0002 a001                 ldy     #1
    \ 0004 20....               jsr     _AllocStackSave
    \ 0007 a000                 ldy     #0
    \ 0009 91..                 sta     (_Vsp),y
    \ 000b c8                   iny
    \ 000c 20....               jsr     `?L1404`
    \ 000f a008                 ldy     #8
    \ 0011 20....               jsr     `?L1478`
    \ 0014 a5..                 lda     zp:_Zp+6
    \ 0016 a005                 ldy     #5
    \ 0018 91..                 sta     (_Vsp),y
    \ 001a a5..                 lda     zp:_Zp+7
    \ 001c a00a                 ldy     #10
    \ 001e 91..                 sta     (_Vsp),y
    \ 0020 a900                 lda     #0
    \ 0022 a010                 ldy     #16
    \ 0024 91..                 sta     (_Vsp),y
    \ 0026 a9ff                 lda     #-1
    \ 0028 a00b                 ldy     #11
    \ 002a 91..                 sta     (_Vsp),y
    \ 002c 20....               jsr     `?L1425`
    \ 002f c8                   iny
    \ 0030 ad....               lda     worksector+2
    \ 0033 91..                 sta     (_Vsp),y
    \ 0035 c8                   iny
    \ 0036 ad....               lda     worksector+3
    \ 0039 91..                 sta     (_Vsp),y
    \ 003b a019                 ldy     #25
    \ 003d b1..                 lda     (_Vsp),y
    \ 003f 85..                 sta     zp:_Zp+6
    \ 0041 88                   dey
    \ 0042 b1..                 lda     (_Vsp),y
    \ 0044 85..                 sta     zp:_Zp+5
    \ 0046 a00a                 ldy     #10
    \ 0048 b1..                 lda     (_Vsp),y
    \ 004a 85..                 sta     zp:_Zp+4
    \ 004c a2..                 ldx     #_Zp+2
    \ 004e a90f                 lda     #15
    \ 0050 20....               jsr     _LoadVspEA
    \ 0053 a2..                 ldx     #_Zp
    \ 0055 a90e                 lda     #14
    \ 0057 20....               jsr     _LoadVspEA
    \ 005a a017                 ldy     #23
    \ 005c b1..                 lda     (_Vsp),y
    \ 005e 20....               jsr     findnextBAMtracksector
    \ 0061 a013                 ldy     #19
    \ 0063 20....               jsr     `?L1359`
    \ 0066 a00e                 ldy     #14
    \ 0068 20....               jsr     `?L1458`
    \ 006b a015                 ldy     #21
    \ 006d 20....               jsr     `?L1359`
    \ 0070 a00f                 ldy     #15
    \ 0072 20....               jsr     `?L1458`
    \ 0075 98                   tya
    \ 0076 85..                 sta     zp:_Zp
    \ 0078 85..                 sta     zp:_Zp+1
    \ 007a a006     `?L1318`:   ldy     #6
    \ 007c a5..                 lda     zp:_Zp
    \ 007e 91..                 sta     (_Vsp),y
    \ 0080 c8                   iny
    \ 0081 a5..                 lda     zp:_Zp+1
    \ 0083 91..                 sta     (_Vsp),y
    \ 0085 88                   dey
    \ 0086 20....               jsr     `?L1359`
    \ 0089 18                   clc
    \ 008a c8                   iny
    \ 008b b1..                 lda     (_Vsp),y
    \ 008d a006                 ldy     #6
    \ 008f f1..                 sbc     (_Vsp),y
    \ 0091 a009                 ldy     #9
    \ 0093 b1..                 lda     (_Vsp),y
    \ 0095 a007                 ldy     #7
    \ 0097 f1..                 sbc     (_Vsp),y
    \ 0099 93f800               lbcc    `?L410`
    \ 009c 20....               jsr     `?L1345`
    \ 009f 20....               jsr     `?L1366`
    \ 00a2 a308                 ldz     #8
    \ 00a4 20....               jsr     `?L1436`
    \ 00a7 98                   tya
    \ 00a8 20....               jsr     `?L1405`
    \ 00ab 85..                 sta     zp:_Zp
    \ 00ad a303                 ldz     #3
    \ 00af 4242b2..             ldq     (_Vsp),z
    \ 00b3 20....               jsr     `?L1347`
    \ 00b6 88                   dey
    \ 00b7 b1..                 lda     (_Zp+24),y
    \ 00b9 f013                 beq     `?L412`
    \ 00bb 20....               jsr     `?L1396`
    \ 00be a010                 ldy     #16
    \ 00c0 b1..                 lda     (_Vsp),y
    \ 00c2 a000                 ldy     #0
    \ 00c4 91..                 sta     (_Zp+24),y
    \ 00c6 a00b                 ldy     #11
    \ 00c8 b1..                 lda     (_Vsp),y
    \ 00ca a001                 ldy     #1
    \ 00cc 91..                 sta     (_Zp+24),y
    \ 00ce a000     `?L412`:    ldy     #0
    \ 00d0 b1..                 lda     (_Zp+24),y
    \ 00d2 f3a000               lbeq    `?L414`
    \ 00d5 a00e                 ldy     #14
    \ 00d7 20....               jsr     `?L1484`
    \ 00da a000                 ldy     #0
    \ 00dc b1..                 lda     (_Zp+24),y
    \ 00de c5..                 cmp     zp:_Zp
    \ 00e0 d39200               lbne    `?L414`
    \ 00e3 a00f                 ldy     #15
    \ 00e5 20....               jsr     `?L1484`
    \ 00e8 46..                 lsr     zp:_Zp
    \ 00ea a001                 ldy     #1
    \ 00ec b1..                 lda     (_Zp+24),y
    \ 00ee 4a                   lsr     a
    \ 00ef c5..                 cmp     zp:_Zp
    \ 00f1 d38100               lbne    `?L414`
    \ 00f4 a006                 ldy     #6
    \ 00f6 20....               jsr     `?L1359`
    \ 00f9 e3..                 inw     zp:_Zp
    \ 00fb 88                   dey
    \ 00fc a5..                 lda     zp:_Zp
    \ 00fe 91..                 sta     (_Vsp),y
    \ 0100 c8                   iny
    \ 0101 a5..                 lda     zp:_Zp+1
    \ 0103 91..                 sta     (_Vsp),y
    \ 0105 20....               jsr     `?L1345`
    \ 0108 a00e                 ldy     #14
    \ 010a b1..                 lda     (_Vsp),y
    \ 010c 85..                 sta     zp:_Zp+4
    \ 010e c8                   iny
    \ 010f b1..                 lda     (_Vsp),y
    \ 0111 85..                 sta     zp:_Zp+5
    \ 0113 a900                 lda     #0
    \ 0115 85..                 sta     zp:_Zp+6
    \ 0117 85..                 sta     zp:_Zp+7
    \ 0119 a308                 ldz     #8
    \ 011b 20....               jsr     `?L1436`
    \ 011e 20....               jsr     `?L1500`
    \ 0121 a5..                 lda     zp:_Zp+1
    \ 0123 85..                 sta     zp:_Zp+2
    \ 0125 a5..                 lda     zp:_Zp
    \ 0127 85..                 sta     zp:_Zp+1
    \ 0129 a900                 lda     #0
    \ 012b 85..                 sta     zp:_Zp
    \ 012d a303                 ldz     #3
    \ 012f 4242b2..             ldq     (_Vsp),z
    \ 0133 20....               jsr     `?L1347`
    \ 0136 a00c                 ldy     #12
    \ 0138 20....               jsr     `?L1359`
    \ 013b a000                 ldy     #0
    \ 013d b1..                 lda     (_Zp),y
    \ 013f f019                 beq     `?L418`
    \ 0141 20....               jsr     `?L1396`
    \ 0144 a00c                 ldy     #12
    \ 0146 20....               jsr     `?L1359`
    \ 0149 a010                 ldy     #16
    \ 014b 20....               jsr     `?L1458`
    \ 014e a00c                 ldy     #12
    \ 0150 20....               jsr     `?L1359`
    \ 0153 e3..                 inw     zp:_Zp
    \ 0155 a00b                 ldy     #11
    \ 0157 20....               jsr     `?L1458`
    \ 015a          `?L418`:
    \ 015a 20....               jsr     `?L1427`
    \ 015d 20....               jsr     `?L1358`
    \ 0160 a000                 ldy     #0
    \ 0162 b1..                 lda     (_Vsp),y
    \ 0164 20....               jsr     PutWholeSector
    \ 0167 a00c                 ldy     #12
    \ 0169 20....               jsr     `?L1359`
    \ 016c a000                 ldy     #0
    \ 016e b1..                 lda     (_Zp),y
    \ 0170 91..                 sta     (_Zp+24),y
    \ 0172 800d                 bra     `?L1316`
    \ 0174          `?L414`:
    \ 0174 20....               jsr     `?L1427`
    \ 0177 20....               jsr     `?L1358`
    \ 017a a000                 ldy     #0
    \ 017c b1..                 lda     (_Vsp),y
    \ 017e 20....               jsr     PutOneSector
    \ 0181 a006     `?L1316`:   ldy     #6
    \ 0183 b1..                 lda     (_Vsp),y
    \ 0185 c8                   iny
    \ 0186 b1..                 lda     (_Vsp),y
    \ 0188 a000                 ldy     #0
    \ 018a b1..                 lda     (_Zp+24),y
    \ 018c d061                 bne     `?L421`
    \ 018e a006                 ldy     #6
    \ 0190 20....               jsr     `?L1359`
    \ 0193 a010     `?L410`:    ldy     #16
    \ 0195 b1..                 lda     (_Vsp),y
    \ 0197 f04f                 beq     `?L406`
    \ 0199 a5..                 lda     zp:_Zp
    \ 019b a008                 ldy     #8
    \ 019d d1..                 cmp     (_Vsp),y
    \ 019f a5..                 lda     zp:_Zp+1
    \ 01a1 c8                   iny
    \ 01a2 f1..                 sbc     (_Vsp),y
    \ 01a4 9042                 bcc     `?L406`
    \ 01a6 a9fc                 lda     #-4
    \ 01a8 20....               jsr     _DecVsp
    \ 01ab a30c                 ldz     #12
    \ 01ad 20....               jsr     `?L1436`
    \ 01b0 a900                 lda     #0
    \ 01b2 85..                 sta     zp:_Zp+2
    \ 01b4 85..                 sta     zp:_Zp+3
    \ 01b6 a003                 ldy     #3
    \ 01b8 a5..                 lda     zp:_Zp+3
    \ 01ba 91..                 sta     (_Vsp),y
    \ 01bc 88                   dey
    \ 01bd a5..                 lda     zp:_Zp+2
    \ 01bf 91..                 sta     (_Vsp),y
    \ 01c1 88                   dey
    \ 01c2 a5..                 lda     zp:_Zp+1
    \ 01c4 91..                 sta     (_Vsp),y
    \ 01c6 88                   dey
    \ 01c7 a5..                 lda     zp:_Zp
    \ 01c9 91..                 sta     (_Vsp),y
    \ 01cb a9..                 lda     #.byte0 _StringLiteral_max
    \ 01cd 85..                 sta     zp:_Zp+4
    \ 01cf a9..                 lda     #.byte1 _StringLiteral_max
    \ 01d1 85..                 sta     zp:_Zp+5
    \ 01d3 a9..                 lda     #.byte0 `_StringLiteral_number of sectors too big`
    \ 01d5 85..                 sta     zp:_Zp+2
    \ 01d7 a9..                 lda     #.byte1 `_StringLiteral_number of sectors too big`
    \ 01d9 85..                 sta     zp:_Zp+3
    \ 01db a9..                 lda     #.byte0 `_StringLiteral_Writing file,`
    \ 01dd 85..                 sta     zp:_Zp
    \ 01df a9..                 lda     #.byte1 `_StringLiteral_Writing file,`
    \ 01e1 85..                 sta     zp:_Zp+1
    \ 01e3 a903                 lda     #3
    \ 01e5 20....               jsr     `?L1437`
    \ 01e8 a211     `?L406`:    ldx     #17
    \ 01ea a001                 ldy     #1
    \ 01ec 4c....               jmp     _DeallocStackRestore
    \ 01ef a010     `?L421`:    ldy     #16
    \ 01f1 b1..                 lda     (_Vsp),y
    \ 01f3 a00e                 ldy     #14
    \ 01f5 91..                 sta     (_Vsp),y
    \ 01f7 a00b                 ldy     #11
    \ 01f9 b1..                 lda     (_Vsp),y
    \ 01fb a00f                 ldy     #15
    \ 01fd 91..                 sta     (_Vsp),y
    \ 01ff a006                 ldy     #6
    \ 0201 20....               jsr     `?L1359`
    \ 0204 e3..                 inw     zp:_Zp
    \ 0206 4c....               jmp     `?L1318`
    \ 0000                      .section code,text
    \ 0000                      .public deleteblockchain
    \ 0000          deleteblockchain:
    \ 0000 a200                 ldx     #0
    \ 0002 a009                 ldy     #9
    \ 0004 20....               jsr     `?L1440`
    \ 0007 a5..                 lda     zp:_Zp+2
    \ 0009 85..                 sta     zp:_Zp+25
    \ 000b a5..                 lda     zp:_Zp+3
    \ 000d 85..                 sta     zp:_Zp+24
    \ 000f a901                 lda     #1
    \ 0011 85..                 sta     zp:_Zp+4
    \ 0013 a5..                 lda     zp:_Zp+26
    \ 0015 20....               jsr     `?L1407`
    \ 0018 20....               jsr     `?L1430`
    \ 001b b004                 bcs     `?L431`
    \ 001d a9ff                 lda     #-1
    \ 001f 8077                 bra     `?L429`
    \ 0021          `?L431`:
    \ 0021 ad....               lda     BAMsector
    \ 0024 85..                 sta     zp:_Zp+30
    \ 0026 ad....               lda     BAMsector+1
    \ 0029 85..                 sta     zp:_Zp+31
    \ 002b a001                 ldy     #1
    \ 002d b1..                 lda     (_Zp+30),y
    \ 002f 85..                 sta     zp:_Zp+4
    \ 0031 88                   dey
    \ 0032 b1..                 lda     (_Zp+30),y
    \ 0034 20....               jsr     `?L1408`
    \ 0037 20....               jsr     `?L1430`
    \ 003a b004                 bcs     `?L438`
    \ 003c a9fe                 lda     #-2
    \ 003e 8058                 bra     `?L429`
    \ 0040          `?L438`:
    \ 0040 a5..                 lda     zp:_Zp+25
    \ 0042 f037                 beq     `?L439`
    \ 0044 a5..                 lda     zp:_Zp+24
    \ 0046 85..                 sta     zp:_Zp+4
    \ 0048 a5..                 lda     zp:_Zp+25
    \ 004a 85..                 sta     zp:_Zp+3
    \ 004c a5..                 lda     zp:_Zp+27
    \ 004e 20....               jsr     `?L1389`
    \ 0051 a5..                 lda     zp:_Zp+28
    \ 0053 20....               jsr     GetOneSector
    \ 0056 ad....               lda     worksector
    \ 0059 85..                 sta     zp:_Zp+32
    \ 005b ad....               lda     worksector+1
    \ 005e 85..                 sta     zp:_Zp+33
    \ 0060 a900                 lda     #0
    \ 0062 85..                 sta     zp:_Zp+5
    \ 0064 a5..                 lda     zp:_Zp+24
    \ 0066 20....               jsr     `?L1355`
    \ 0069 a5..                 lda     zp:_Zp+25
    \ 006b 20....               jsr     BAMSectorUpdate
    \ 006e a000                 ldy     #0
    \ 0070 b1..                 lda     (_Zp+32),y
    \ 0072 85..                 sta     zp:_Zp+25
    \ 0074 c8                   iny
    \ 0075 b1..                 lda     (_Zp+32),y
    \ 0077 85..                 sta     zp:_Zp+24
    \ 0079 80c5                 bra     `?L438`
    \ 007b a901     `?L439`:    lda     #1
    \ 007d 85..                 sta     zp:_Zp+4
    \ 007f a5..                 lda     zp:_Zp+26
    \ 0081 20....               jsr     `?L1407`
    \ 0084 20....               jsr     PutOneSector
    \ 0087 a001                 ldy     #1
    \ 0089 b1..                 lda     (_Zp+30),y
    \ 008b 85..                 sta     zp:_Zp+4
    \ 008d 88                   dey
    \ 008e b1..                 lda     (_Zp+30),y
    \ 0090 20....               jsr     `?L1408`
    \ 0093 20....               jsr     PutOneSector
    \ 0096 a900                 lda     #0
    \ 0098 a009     `?L429`:    ldy     #9
    \ 009a 4c....               jmp     _RestoreRegisters
    \ 0000                      .section code,text
    \ 0000                      .public tracksectorstring
    \ 0000          tracksectorstring:
    \ 0000 85..                 sta     zp:_Zp+13
    \ 0002 a5..                 lda     zp:_Zp
    \ 0004 85..                 sta     zp:_Zp+12
    \ 0006 20....               jsr     `?L1465`
    \ 0009 85..                 sta     zp:_Zp+5
    \ 000b a5..                 lda     zp:_Zp+4
    \ 000d 85..                 sta     zp:_Zp
    \ 000f a5..                 lda     zp:_Zp+5
    \ 0011 85..                 sta     zp:_Zp+1
    \ 0013 e3..                 inw     zp:_Zp+4
    \ 0015 a5..                 lda     zp:_Zp
    \ 0017 18                   clc
    \ 0018 69..                 adc     #.byte0 s
    \ 001a 85..                 sta     zp:_Zp
    \ 001c a5..                 lda     zp:_Zp+1
    \ 001e 69..                 adc     #.byte1 s
    \ 0020 85..                 sta     zp:_Zp+1
    \ 0022 a954                 lda     #84
    \ 0024 a000                 ldy     #0
    \ 0026 20....               jsr     `?L1341`
    \ 0029 a972                 lda     #114
    \ 002b 20....               jsr     `?L1341`
    \ 002e a961                 lda     #97
    \ 0030 20....               jsr     `?L1341`
    \ 0033 a963                 lda     #99
    \ 0035 20....               jsr     `?L1341`
    \ 0038 a96b                 lda     #107
    \ 003a 20....               jsr     `?L1341`
    \ 003d a93a                 lda     #58
    \ 003f 20....               jsr     `?L1341`
    \ 0042 a920                 lda     #32
    \ 0044 20....               jsr     `?L1412`
    \ 0047 65..                 adc     zp:_Zp
    \ 0049 48                   pha
    \ 004a 20....               jsr     `?L1406`
    \ 004d 68                   pla
    \ 004e a000                 ldy     #0
    \ 0050 20....               jsr     `?L1412`
    \ 0053 65..                 adc     zp:_Zp+2
    \ 0055 48                   pha
    \ 0056 20....               jsr     `?L1406`
    \ 0059 68                   pla
    \ 005a a000                 ldy     #0
    \ 005c 20....               jsr     `?L1341`
    \ 005f a920                 lda     #32
    \ 0061 20....               jsr     `?L1341`
    \ 0064 a953                 lda     #83
    \ 0066 20....               jsr     `?L1341`
    \ 0069 a965                 lda     #101
    \ 006b 20....               jsr     `?L1341`
    \ 006e a963                 lda     #99
    \ 0070 20....               jsr     `?L1341`
    \ 0073 a974                 lda     #116
    \ 0075 20....               jsr     `?L1341`
    \ 0078 a96f                 lda     #111
    \ 007a 20....               jsr     `?L1341`
    \ 007d a972                 lda     #114
    \ 007f 20....               jsr     `?L1341`
    \ 0082 a93a                 lda     #58
    \ 0084 20....               jsr     `?L1341`
    \ 0087 a920                 lda     #32
    \ 0089 20....               jsr     `?L1410`
    \ 008c 65..                 adc     zp:_Zp
    \ 008e 48                   pha
    \ 008f 20....               jsr     `?L1406`
    \ 0092 68                   pla
    \ 0093 a000                 ldy     #0
    \ 0095 20....               jsr     `?L1410`
    \ 0098 65..                 adc     zp:_Zp+2
    \ 009a 48                   pha
    \ 009b 20....               jsr     `?L1406`
    \ 009e 68                   pla
    \ 009f a000                 ldy     #0
    \ 00a1 91..                 sta     (_Zp),y
    \ 00a3 20....               jsr     `?L1470`
    \ 00a6 18                   clc
    \ 00a7 69..                 adc     #.byte0 s
    \ 00a9 85..                 sta     zp:_Zp
    \ 00ab a5..                 lda     zp:_Zp+1
    \ 00ad 69..                 adc     #.byte1 s
    \ 00af 85..                 sta     zp:_Zp+1
    \ 00b1 98                   tya
    \ 00b2 91..                 sta     (_Zp),y
    \ 00b4 a9..                 lda     #.byte0 s
    \ 00b6 85..                 sta     zp:_Zp
    \ 00b8 a9..                 lda     #.byte1 s
    \ 00ba 85..                 sta     zp:_Zp+1
    \ 00bc 60                   rts
1173
1174                unsigned char copywholedisk(unsigned char legacyHDOSstate,
1175                                            unsigned char srcdrive, unsigned char destdrive,
1176                                            unsigned char side)  {
    \ 0000                      .section code,text
    \ 0000                      .public copywholedisk
    \ 0000          copywholedisk:
    \ 0000 a200                 ldx     #0
    \ 0002 a008                 ldy     #8
    \ 0004 20....               jsr     _AllocStackSave
    \ 0007 85..                 sta     zp:_Zp+32
    \ 0009 a5..                 lda     zp:_Zp
    \ 000b 85..                 sta     zp:_Zp+31
    \ 000d a5..                 lda     zp:_Zp+1
    \ 000f 85..                 sta     zp:_Zp+30
1177                  unsigned char track;
1178                  unsigned char sector;
1179                  unsigned int  i;
1180                  DATABLOCK* ws;
1181                /*
1182                  // if setting allocated BAM blocks only:
1183                  if ((option.option & OPTIONshowALO))  {
1184                    i = 0;
1185                    GetBAM(side);
1186                    for (track = 1; track <= 80; track++)  {
1187                      for (sector = 0; sector < 40; sector++)  {
1188                        if (isallocatedBAMtracksector(track, sector))  {
1189                          progress("Reading...", tracksectorstring(track, sector), i / 64);
1190                          if (GetOneSector(worksectorasBAM[0], srcdrive, track, sector) > 1)  {
1191                            return 0xff;
1192                          }
1193                          ws = worksector[0];
1194                          lcopy((uint32_t) ws, ATTICFILEBUFFER + i * BLOCKSIZE, BLOCKSIZE);
1195
1196                          progress("Writing...", tracksectorstring(track, sector), i / 64 + 50);
1197                          lcopy(ATTICFILEBUFFER + i * BLOCKSIZE, (uint32_t) ws, BLOCKSIZE);
1198                          PutOneSector((BAM *) ws, destdrive, track, sector);
1199                        }
1200                        i++;
1201                      }
1202                    }
1203                  } else  {
1204                */
1205                    i = 0;
    \ 0011 8a                   txa
    \ 0012 85..                 sta     zp:_Zp+26
    \ 0014 85..                 sta     zp:_Zp+27
1206                    for (track = 1; track <= 80; track++)  {
    \ 0016 a901                 lda     #1
    \ 0018 85..                 sta     zp:_Zp+28
    \ 001a a350     `?L450`:    ldz     #80
    \ 001c d4..                 cpz     zp:_Zp+28
    \ 001e b3a300               lbcs    `?L449`
1207                      for (sector = 0; sector < 40; sector += 2)  {
1208                        if (!(option.option & OPTIONshowALO) ||
1209                            isallocatedBAMtracksector(track, sector) ||
1210                            isallocatedBAMtracksector(track, sector + 1))  {
1211                          progress("Reading...", tracksectorstring(track, sector), i / 64);
1212                          if (GetWholeSector(legacyHDOSstate,
1213                                          worksectorasBAM[0], srcdrive, track, sector) > 1)  {
1214                            return 0xff;
1215                          }
1216                          ws = worksector[0];
1217                          lcopy((uint32_t) ws, ATTICFILEBUFFER + i * BLOCKSIZE, BLOCKSIZE * 2);
1218                          i += 2;
1219                        }
1220                      }
1221                    }
1222                    i = 0;
    \ 0021 a900                 lda     #0
    \ 0023 85..                 sta     zp:_Zp+28
    \ 0025 85..                 sta     zp:_Zp+29
1223                    for (track = 1; track <= 80; track++)  {
    \ 0027 a901                 lda     #1
    \ 0029 85..                 sta     zp:_Zp+26
    \ 002b a350     `?L465`:    ldz     #80
    \ 002d d4..                 cpz     zp:_Zp+26
    \ 002f b005                 bcs     `?L464`
1224                      for (sector = 0; sector < 40; sector += 2)  {
1225                        if (!(option.option & OPTIONshowALO) ||
1226                            isallocatedBAMtracksector(track, sector) ||
1227                            isallocatedBAMtracksector(track, sector + 1))  {
1228                          progress("Writing...", tracksectorstring(track, sector), i / 64 + 50);
1229                          lcopy(ATTICFILEBUFFER + i * BLOCKSIZE, (uint32_t) ws, BLOCKSIZE * 2);
1230                          PutWholeSector(legacyHDOSstate,
1231                                         (BAM *) ws, destdrive, track, sector);
1232                          i += 2;
1233                        }
1234                      }
1235                    }
1236                //  }
1237                  return 0;
    \ 0031 a900                 lda     #0
    \ 0033 4c....               jmp     `?L448`
    \ 0036 a900     `?L464`:    lda     #0
    \ 0038 85..                 sta     zp:_Zp+27
    \ 003a          `?L469`:
    \ 003a ab....               ldz     _Zp+27
    \ 003d c228                 cpz     #40
    \ 003f 9004                 bcc     `?L468`
    \ 0041 e6..                 inc     zp:_Zp+26
    \ 0043 80e6                 bra     `?L465`
    \ 0045 a902     `?L468`:    lda     #2
    \ 0047 2c....               bit     option
    \ 004a f01a                 beq     `?L474`
    \ 004c a5..                 lda     zp:_Zp+27
    \ 004e 85..                 sta     zp:_Zp
    \ 0050 a5..                 lda     zp:_Zp+26
    \ 0052 20....               jsr     isallocatedBAMtracksector
    \ 0055 aa                   tax
    \ 0056 d00e                 bne     `?L474`
    \ 0058 a5..                 lda     zp:_Zp+27
    \ 005a 85..                 sta     zp:_Zp
    \ 005c e6..                 inc     zp:_Zp
    \ 005e a5..                 lda     zp:_Zp+26
    \ 0060 20....               jsr     isallocatedBAMtracksector
    \ 0063 aa                   tax
    \ 0064 f056                 beq     `?L470`
    \ 0066          `?L474`:
    \ 0066 a5..                 lda     zp:_Zp+27
    \ 0068 85..                 sta     zp:_Zp
    \ 006a a5..                 lda     zp:_Zp+26
    \ 006c 20....               jsr     tracksectorstring
    \ 006f a5..                 lda     zp:_Zp+28
    \ 0071 85..                 sta     zp:_Zp+4
    \ 0073 a5..                 lda     zp:_Zp+29
    \ 0075 85..                 sta     zp:_Zp+5
    \ 0077 a206                 ldx     #6
    \ 0079 f007                 beq     `?L1037`
    \ 007b          `?L1038`:
    \ 007b 46..                 lsr     zp:_Zp+5
    \ 007d 66..                 ror     zp:_Zp+4
    \ 007f ca                   dex
    \ 0080 d0f9                 bne     `?L1038`
    \ 0082          `?L1037`:
    \ 0082 20....               jsr     `?L1481`
    \ 0085 20....               jsr     `?L1426`
    \ 0088 a5..                 lda     zp:_Zp+4
    \ 008a 18                   clc
    \ 008b 6932                 adc     #50
    \ 008d 20....               jsr     progress
    \ 0090 20....               jsr     `?L1374`
    \ 0093 20....               jsr     `?L1366`
    \ 0096 20....               jsr     `?L1490`
    \ 0099 98                   tya
    \ 009a 20....               jsr     `?L1405`
    \ 009d 85..                 sta     zp:_Zp
    \ 009f a26a                 ldx     #106
    \ 00a1 a308                 ldz     #8
    \ 00a3 20....               jsr     `?L1347`
    \ 00a6 a5..                 lda     zp:_Zp+27
    \ 00a8 85..                 sta     zp:_Zp+4
    \ 00aa a5..                 lda     zp:_Zp+26
    \ 00ac 85..                 sta     zp:_Zp+3
    \ 00ae a5..                 lda     zp:_Zp+30
    \ 00b0 85..                 sta     zp:_Zp+2
    \ 00b2 20....               jsr     `?L1358`
    \ 00b5 20....               jsr     `?L1492`
    \ 00b8 e3..                 inw     zp:_Zp+28
    \ 00ba e3..                 inw     zp:_Zp+28
    \ 00bc          `?L470`:
    \ 00bc e6..                 inc     zp:_Zp+27
    \ 00be e6..                 inc     zp:_Zp+27
    \ 00c0 4c....               jmp     `?L469`
    \ 00c3 a900     `?L449`:    lda     #0
    \ 00c5 85..                 sta     zp:_Zp+29
    \ 00c7          `?L454`:
    \ 00c7 ab....               ldz     _Zp+29
    \ 00ca c228                 cpz     #40
    \ 00cc 9005                 bcc     `?L453`
    \ 00ce e6..                 inc     zp:_Zp+28
    \ 00d0 4c....               jmp     `?L450`
    \ 00d3 a902     `?L453`:    lda     #2
    \ 00d5 2c....               bit     option
    \ 00d8 f01a                 beq     `?L459`
    \ 00da a5..                 lda     zp:_Zp+29
    \ 00dc 85..                 sta     zp:_Zp
    \ 00de a5..                 lda     zp:_Zp+28
    \ 00e0 20....               jsr     isallocatedBAMtracksector
    \ 00e3 aa                   tax
    \ 00e4 d00e                 bne     `?L459`
    \ 00e6 a5..                 lda     zp:_Zp+29
    \ 00e8 85..                 sta     zp:_Zp
    \ 00ea e6..                 inc     zp:_Zp
    \ 00ec a5..                 lda     zp:_Zp+28
    \ 00ee 20....               jsr     isallocatedBAMtracksector
    \ 00f1 aa                   tax
    \ 00f2 f076                 beq     `?L455`
    \ 00f4          `?L459`:
    \ 00f4 a5..                 lda     zp:_Zp+29
    \ 00f6 85..                 sta     zp:_Zp
    \ 00f8 a5..                 lda     zp:_Zp+28
    \ 00fa 20....               jsr     tracksectorstring
    \ 00fd 20....               jsr     `?L1481`
    \ 0100 85..                 sta     zp:_Zp+3
    \ 0102 a9..                 lda     #.byte0 `_StringLiteral_Reading...`
    \ 0104 85..                 sta     zp:_Zp
    \ 0106 a9..                 lda     #.byte1 `_StringLiteral_Reading...`
    \ 0108 85..                 sta     zp:_Zp+1
    \ 010a a5..                 lda     zp:_Zp+26
    \ 010c 85..                 sta     zp:_Zp+4
    \ 010e a5..                 lda     zp:_Zp+27
    \ 0110 85..                 sta     zp:_Zp+5
    \ 0112 a206                 ldx     #6
    \ 0114 f007                 beq     `?L1048`
    \ 0116          `?L1049`:
    \ 0116 46..                 lsr     zp:_Zp+5
    \ 0118 66..                 ror     zp:_Zp+4
    \ 011a ca                   dex
    \ 011b d0f9                 bne     `?L1049`
    \ 011d          `?L1048`:
    \ 011d a5..                 lda     zp:_Zp+4
    \ 011f 20....               jsr     progress
    \ 0122 a5..                 lda     zp:_Zp+29
    \ 0124 85..                 sta     zp:_Zp+4
    \ 0126 a5..                 lda     zp:_Zp+28
    \ 0128 85..                 sta     zp:_Zp+3
    \ 012a a5..                 lda     zp:_Zp+31
    \ 012c 20....               jsr     `?L1389`
    \ 012f a5..                 lda     zp:_Zp+32
    \ 0131 20....               jsr     GetWholeSector
    \ 0134 85..                 sta     zp:_Zp
    \ 0136 a301                 ldz     #1
    \ 0138 d4..                 cpz     zp:_Zp
    \ 013a b007                 bcs     `?L461`
    \ 013c a9ff                 lda     #-1
    \ 013e          `?L448`:
1238                }
    \ 013e a008                 ldy     #8
    \ 0140 4c....               jmp     _RestoreRegisters
    \ 0143          `?L461`:
    \ 0143 20....               jsr     `?L1425`
    \ 0146 20....               jsr     `?L1374`
    \ 0149 a5..                 lda     zp:_Zp+27
    \ 014b 85..                 sta     zp:_Zp+1
    \ 014d a5..                 lda     zp:_Zp+26
    \ 014f 85..                 sta     zp:_Zp
    \ 0151 98                   tya
    \ 0152 20....               jsr     `?L1405`
    \ 0155 85..                 sta     zp:_Zp
    \ 0157 a26a                 ldx     #106
    \ 0159 20....               jsr     `?L1383`
    \ 015c 424285..             stq     zp:_Zp+4
    \ 0160 20....               jsr     `?L1400`
    \ 0163 20....               jsr     `?L1356`
    \ 0166 e3..                 inw     zp:_Zp+26
    \ 0168 e3..                 inw     zp:_Zp+26
    \ 016a          `?L455`:
    \ 016a e6..                 inc     zp:_Zp+29
    \ 016c e6..                 inc     zp:_Zp+29
    \ 016e 4c....               jmp     `?L454`
1239
1240                // this is a mixture of storage card and C= file types:
1241                unsigned char gettype(unsigned char type, unsigned char * s, unsigned char i)  {
    \ 0000                      .section code,text
    \ 0000                      .public gettype
    \ 0000          gettype:
    \ 0000 85..                 sta     zp:_Zp+3
1242                  if (type & HYPPODIRENTATTR)  {
    \ 0002 6f..30               bbr6    zp:_Zp+3,`?L479`
1243                    switch (type & (~HYPPODIRENTATTR)) {
    \ 0005 67..                 rmb6    zp:_Zp+3
    \ 0007 a210                 ldx     #16
    \ 0009 e4..                 cpx     zp:_Zp+3
    \ 000b f014                 beq     `?L485`
1244                      case HYPPODIRENTATTRDIR:
1245                        s[i++] = 'D';
1246                        s[i++] = 'I';
1247                        s[i++] = 'R';
1248                      break;
1249                      default:
1250                        s[i++] = ' ';
    \ 000d a5..                 lda     zp:_Zp+2
    \ 000f e6..                 inc     zp:_Zp+2
    \ 0011 4b                   taz
    \ 0012 a920                 lda     #32
1251                        s[i++] = ' ';
1252                        s[i++] = ' ';
    \ 0014 20....               jsr     `?L1376`
    \ 0017 a920                 lda     #32
    \ 0019 20....               jsr     `?L1376`
    \ 001c a920                 lda     #32
1253                      break;
    \ 001e 4c....               jmp     `?L1319`
    \ 0021          `?L485`:
    \ 0021 a5..                 lda     zp:_Zp+2
    \ 0023 e6..                 inc     zp:_Zp+2
    \ 0025 4b                   taz
    \ 0026 a944                 lda     #68
    \ 0028 20....               jsr     `?L1376`
    \ 002b a949                 lda     #73
    \ 002d 20....               jsr     `?L1376`
    \ 0030 a952                 lda     #82
    \ 0032 4c....               jmp     `?L1319`
    \ 0035          `?L479`:
1254                    }
1255                  } else {
1256                    switch (type & 0xf) {
    \ 0035 a90f                 lda     #15
    \ 0037 25..                 and     zp:_Zp+3
    \ 0039 3a                   dec     a
    \ 003a 85..                 sta     zp:_Zp+3
    \ 003c a304                 ldz     #4
    \ 003e d4..                 cpz     zp:_Zp+3
    \ 0040 9066                 bcc     `?L490`
    \ 0042 a5..                 lda     zp:_Zp+3
    \ 0044 0a                   asl     a
    \ 0045 aa                   tax
    \ 0046 7c....               jmp     (`?L652`,x)
    \ 0049          `?L491`:
1257                      case VAL_DOSFTYPE_SEQ:
1258                        s[i++] = 'S';
1259                        s[i++] = 'E';
1260                        s[i++] = 'Q';
1261                      break;
1262                      case VAL_DOSFTYPE_PRG:
1263                        s[i++] = 'P';
1264                        s[i++] = 'R';
1265                        s[i++] = 'G';
1266                      break;
1267                      case VAL_DOSFTYPE_USR:
1268                        s[i++] = 'U';
1269                        s[i++] = 'S';
1270                        s[i++] = 'R';
1271                      break;
1272                      case VAL_DOSFTYPE_REL:
1273                        s[i++] = 'R';
1274                        s[i++] = 'E';
1275                        s[i++] = 'L';
1276                      break;
1277                      case VAL_DOSFTYPE_CBM:
1278                        s[i++] = 'C';
    \ 0049 a5..                 lda     zp:_Zp+2
    \ 004b e6..                 inc     zp:_Zp+2
    \ 004d 4b                   taz
    \ 004e a943                 lda     #67
1279                        s[i++] = 'B';
1280                        s[i++] = 'M';
    \ 0050 20....               jsr     `?L1376`
    \ 0053 a942                 lda     #66
    \ 0055 20....               jsr     `?L1376`
    \ 0058 a94d                 lda     #77
1281                      break;
    \ 005a 805d                 bra     `?L1319`
    \ 005c          `?L492`:
    \ 005c a5..                 lda     zp:_Zp+2
    \ 005e e6..                 inc     zp:_Zp+2
    \ 0060 4b                   taz
    \ 0061 a952                 lda     #82
    \ 0063 20....               jsr     `?L1376`
    \ 0066 a945                 lda     #69
    \ 0068 20....               jsr     `?L1376`
    \ 006b a94c                 lda     #76
    \ 006d 804a                 bra     `?L1319`
    \ 006f          `?L493`:
    \ 006f a5..                 lda     zp:_Zp+2
    \ 0071 e6..                 inc     zp:_Zp+2
    \ 0073 4b                   taz
    \ 0074 a955                 lda     #85
    \ 0076 20....               jsr     `?L1376`
    \ 0079 a953                 lda     #83
    \ 007b 20....               jsr     `?L1376`
    \ 007e a952                 lda     #82
    \ 0080 8037                 bra     `?L1319`
    \ 0082          `?L494`:
    \ 0082 a5..                 lda     zp:_Zp+2
    \ 0084 e6..                 inc     zp:_Zp+2
    \ 0086 4b                   taz
    \ 0087 a950                 lda     #80
    \ 0089 20....               jsr     `?L1376`
    \ 008c a952                 lda     #82
    \ 008e 20....               jsr     `?L1376`
    \ 0091 a947                 lda     #71
    \ 0093 8024                 bra     `?L1319`
    \ 0095          `?L495`:
    \ 0095 a5..                 lda     zp:_Zp+2
    \ 0097 e6..                 inc     zp:_Zp+2
    \ 0099 4b                   taz
    \ 009a a953                 lda     #83
    \ 009c 20....               jsr     `?L1376`
    \ 009f a945                 lda     #69
    \ 00a1 20....               jsr     `?L1376`
    \ 00a4 a951                 lda     #81
    \ 00a6 8011                 bra     `?L1319`
    \ 00a8          `?L490`:
1282                      default: // VAL_DOSFTYPE_DEL
1283                        s[i++] = 'D';
    \ 00a8 a5..                 lda     zp:_Zp+2
    \ 00aa e6..                 inc     zp:_Zp+2
    \ 00ac 4b                   taz
    \ 00ad a944                 lda     #68
1284                        s[i++] = 'E';
1285                        s[i++] = 'L';
    \ 00af 20....               jsr     `?L1376`
    \ 00b2 a945                 lda     #69
    \ 00b4 20....               jsr     `?L1376`
    \ 00b7 a94c                 lda     #76
    \ 00b9          `?L1319`:
    \ 00b9 92..                 sta     (_Zp),z
1286                      break;
1287                    }
1288                  }
1289                  return i;
    \ 00bb a5..                 lda     zp:_Zp+2
1290                }
    \ 00bd 60                   rts
1291
1292                DIRENT* getdirententry(unsigned char side, unsigned int entry)  {
    \ 0000                      .section code,text
    \ 0000                      .public getdirententry
    \ 0000          getdirententry:
    \ 0000 a200                 ldx     #0
    \ 0002 a00a                 ldy     #10
    \ 0004 20....               jsr     _AllocStackSave
    \ 0007 85..                 sta     zp:_Zp+34
    \ 0009 20....               jsr     `?L1432`
    \ 000c 85..                 sta     zp:_Zp+27
1293                  unsigned int i;
1294                  unsigned int pos;
1295                  DIRENT* ds;
1296                  unsigned int max = ENTRIESPERBLOCK;
    \ 000e a908                 lda     #8
    \ 0010 85..                 sta     zp:_Zp+28
    \ 0012 a900                 lda     #0
    \ 0014 85..                 sta     zp:_Zp+29
1297
1298                  ds = &readdir_dirent->direntryblock[0];
1299
1300                  for (i = 0, pos = 0; i < max; i++)  {
    \ 0016 20....               jsr     `?L1475`
    \ 0019 85..                 sta     zp:_Zp+24
    \ 001b 8a                   txa
    \ 001c 6d....               adc     readdir_dirent+1
    \ 001f 85..                 sta     zp:_Zp+25
    \ 0021 8a                   txa
    \ 0022 85..                 sta     zp:_Zp+32
    \ 0024 85..                 sta     zp:_Zp+33
    \ 0026 85..                 sta     zp:_Zp+30
    \ 0028 85..                 sta     zp:_Zp+31
    \ 002a          `?L507`:
    \ 002a a5..                 lda     zp:_Zp+32
    \ 002c c5..                 cmp     zp:_Zp+28
    \ 002e a5..                 lda     zp:_Zp+33
    \ 0030 e5..                 sbc     zp:_Zp+29
    \ 0032 9006                 bcc     `?L506`
1301                    // lcopy(uint32_t source_address, uint32_t destination_address, uint16_t count);
1302                    lcopy(ATTICDIRENTBUFFER + side * ATTICDIRENTSIZE + i * DIRENTSIZE,
1303                          (uint32_t) ds, DIRENTSIZE);
1304
1305                //    if (ds->track == 0)  return NULL; // no more entries
1306                    if ((ds->chntrack > 0) &&
1307                        ((i % ENTRIESPERBLOCK) == 0))  {
1308                      max += ENTRIESPERBLOCK; // more attic pages
1309                    }
1310                    // if a non-deleted or a SD card file (hence no mask) ?
1311                    if (ds->type != VAL_DOSFTYPE_DEL || (option.option & OPTIONshowDEL))  {
1312                      if (pos == entry)  return ds; // found
1313                      pos++;
1314                    }
1315
1316                #ifdef DEBUG
1317                    if (ds->track > 0)  {
1318                      mprintf("direntry ", i);
1319                      mh4printf(" is: ", (long) &ds);
1320                      memcpy(dosfilename, ds->name, DOSFILENAMELEN);
1321                      dosfilename[DOSFILENAMELEN] = 0; // proper null termination
1322                      msprintf(" name ");
1323                //        msprintf((char *) dosfilename);
1324                      mprintf(" chntrk ", ds->chntrack);
1325                      mprintf(" chnsect ", ds->chnsector);
1326                      mhprintf(" type ", ds->type&0xf);
1327                      mprintf(" trk ", ds->track);
1328                      mprintf(" sect ", ds->sector);
1329                      mprintf(" size ", ds->size);
1330                      mhprintf(" access ", ds->access);
1331                      cputln();
1332                    }
1333                #endif
1334                  }
1335                //  cgetc();
1336                  return NULL;
    \ 0034 a900                 lda     #0
    \ 0036 85..                 sta     zp:_Zp
    \ 0038 806d                 bra     `?L1320`
    \ 003a          `?L506`:
    \ 003a a6..                 ldx     zp:_Zp+34
    \ 003c 20....               jsr     `?L1338`
    \ 003f f005                 beq     `?L1057`
    \ 0041          `?L1058`:
    \ 0041 20....               jsr     `?L1395`
    \ 0044 d0fb                 bne     `?L1058`
    \ 0046          `?L1057`:
    \ 0046 20....               jsr     _SpillZP
    \ 0049 04..                 .byte   4,_Zp+4
    \ 004b 20....               jsr     _FillQ
    \ 004e 20....               jsr     `?L1350`
    \ 0051 20....               jsr     `?L1460`
    \ 0054 20....               jsr     `?L1366`
    \ 0057 aa                   tax
    \ 0058 20....               jsr     `?L1383`
    \ 005b 48                   pha
    \ 005c da                   phx
    \ 005d 5a                   phy
    \ 005e db                   phz
    \ 005f a5..                 lda     zp:_Zp+32
    \ 0061 85..                 sta     zp:_Zp
    \ 0063 a5..                 lda     zp:_Zp+33
    \ 0065 20....               jsr     `?L1392`
    \ 0068 f005                 beq     `?L1061`
    \ 006a          `?L1062`:
    \ 006a 20....               jsr     `?L1421`
    \ 006d d0fb                 bne     `?L1062`
    \ 006f a900     `?L1061`:   lda     #0
    \ 0071 85..                 sta     zp:_Zp+2
    \ 0073 85..                 sta     zp:_Zp+3
    \ 0075 fb                   plz
    \ 0076 7a                   ply
    \ 0077 fa                   plx
    \ 0078 68                   pla
    \ 0079 20....               jsr     `?L1347`
    \ 007c 88                   dey
    \ 007d b1..                 lda     (_Zp+24),y
    \ 007f f009                 beq     `?L511`
    \ 0081 a5..                 lda     zp:_Zp+32
    \ 0083 2907                 and     #7
    \ 0085 d003                 bne     `?L511`
    \ 0087 20....               jsr     `?L1446`
    \ 008a a002     `?L511`:    ldy     #2
    \ 008c b1..                 lda     (_Zp+24),y
    \ 008e d005                 bne     `?L515`
    \ 0090 20....               jsr     `?L1480`
    \ 0093 f01b                 beq     `?L508`
    \ 0095          `?L515`:
    \ 0095 a5..                 lda     zp:_Zp+26
    \ 0097 c5..                 cmp     zp:_Zp+30
    \ 0099 d013                 bne     `?L517`
    \ 009b a5..                 lda     zp:_Zp+27
    \ 009d c5..                 cmp     zp:_Zp+31
    \ 009f d00d                 bne     `?L517`
    \ 00a1 a5..                 lda     zp:_Zp+24
    \ 00a3 85..                 sta     zp:_Zp
    \ 00a5 a5..                 lda     zp:_Zp+25
    \ 00a7          `?L1320`:
    \ 00a7 85..                 sta     zp:_Zp+1
1337                }
    \ 00a9 a00a                 ldy     #10
    \ 00ab 4c....               jmp     _RestoreRegisters
    \ 00ae          `?L517`:
    \ 00ae e3..                 inw     zp:_Zp+30
    \ 00b0          `?L508`:
    \ 00b0 e3..                 inw     zp:_Zp+32
    \ 00b2 4c....               jmp     `?L507`
1338                unsigned char getdirent(unsigned char legacyHDOSstate, unsigned char drive,
1339                                        unsigned char side, unsigned char dirtrack)  {
    \ 0000                      .section code,text
    \ 0000                      .public getdirent
    \ 0000          getdirent:
    \ 0000 20....               jsr     `?L1418`
    \ 0003 85..                 sta     zp:_Zp+16
    \ 0005 a5..                 lda     zp:_Zp
    \ 0007 85..                 sta     zp:_Zp+6
    \ 0009 a5..                 lda     zp:_Zp+1
    \ 000b 85..                 sta     zp:_Zp+26
1340                  signed int entry; // counts below zero
1341
1342                  // _miniInit();
1343                /*
1344                  msprintf("before readblockchain");
1345                  cputln();
1346                  cgetc();
1347                */
1348                  if (readblockchain(legacyHDOSstate,
1349                                     ATTICDIRENTBUFFER + side * ATTICDIRENTSIZE,
1350                                     DIRENTBLOCKS, drive, dirtrack, DIRENTSECT) > 1)  {
    \ 000d a6..                 ldx     zp:_Zp+26
    \ 000f 20....               jsr     `?L1486`
    \ 0012 20....               jsr     `?L1401`
    \ 0015 20....               jsr     `?L1433`
    \ 0018 f007                 beq     `?L1068`
    \ 001a          `?L1069`:
    \ 001a 424206..             aslq    zp:_Zp+12
    \ 001e ca                   dex
    \ 001f d0f9                 bne     `?L1069`
    \ 0021          `?L1068`:
    \ 0021 20....               jsr     _SpillZP
    \ 0024 04..                 .byte   4,_Zp+12
    \ 0026 20....               jsr     _FillQ
    \ 0029 38                   sec
    \ 002a 4242e5..             sbcq    zp:_Zp+8
    \ 002e 424285..             stq     zp:_Zp+8
    \ 0032 a9ff                 lda     #-1
    \ 0034 20....               jsr     _DecVsp
    \ 0037 a903                 lda     #3
    \ 0039 a000                 ldy     #0
    \ 003b 91..                 sta     (_Vsp),y
    \ 003d a5..                 lda     zp:_Zp+2
    \ 003f 85..                 sta     zp:_Zp+7
    \ 0041 a91f                 lda     #31
    \ 0043 85..                 sta     zp:_Zp+4
    \ 0045 a900                 lda     #0
    \ 0047 85..                 sta     zp:_Zp+5
    \ 0049 aa                   tax
    \ 004a a308                 ldz     #8
    \ 004c 18                   clc
    \ 004d 424265..             adcq    zp:_Zp+8
    \ 0051 424285..             stq     zp:_Zp
    \ 0055 a5..                 lda     zp:_Zp+16
    \ 0057 20....               jsr     `?L1476`
    \ 005a 85..                 sta     zp:_Zp
    \ 005c a301                 ldz     #1
    \ 005e d4..                 cpz     zp:_Zp
    \ 0060 900c                 bcc     `?L531`
1351                    return 0xff;
1352                  }
1353                /*
1354                  msprintf("after readblockchain");
1355                  cputln();
1356                  cgetc();
1357                */
1358                  for (entry = NBRENTRIES; entry >= 0; entry--)  {
    \ 0062 a9f8                 lda     #248
    \ 0064 85..                 sta     zp:_Zp+24
    \ 0066 a900                 lda     #0
    \ 0068 85..                 sta     zp:_Zp+25
    \ 006a          `?L529`:
    \ 006a a5..                 lda     zp:_Zp+25
    \ 006c 1004                 bpl     `?L528`
    \ 006e          `?L531`:
1359                //    if (entry < 10)  valuesbox(0, "loop entries", "entry=", entry, " ", 0);
1360                    if (getdirententry(side, entry) != NULL)  return entry;  // nbr of entries
1361                  }
1362                  return 0xff;
    \ 006e a9ff                 lda     #-1
    \ 0070 8010                 bra     `?L523`
    \ 0072          `?L528`:
    \ 0072 20....               jsr     `?L1358`
    \ 0075 a5..                 lda     zp:_Zp+26
    \ 0077 20....               jsr     getdirententry
    \ 007a a5..                 lda     zp:_Zp
    \ 007c 05..                 ora     zp:_Zp+1
    \ 007e f007                 beq     `?L530`
    \ 0080 a5..                 lda     zp:_Zp+24
    \ 0082          `?L523`:
1363                }
    \ 0082 a002                 ldy     #2
    \ 0084 4c....               jmp     _RestoreRegisters
    \ 0087          `?L530`:
    \ 0087 c3..                 dew     zp:_Zp+24
    \ 0089 80df                 bra     `?L529`
1364
1365                // start track/sector must be present in newds:
1366                void writenewdirententry(unsigned char legacyHDOSstate,
1367                                         unsigned char drive, unsigned char side,
1368                                         unsigned char dirtrack,
1369                                         unsigned char firsttrack, unsigned char lasttrack,
1370                                         DIRENT* newds)  {
    \ 0000                      .section code,text
    \ 0000                      .public writenewdirententry
    \ 0000          writenewdirententry:
    \ 0000 a2ef                 ldx     #239
    \ 0002 a006                 ldy     #6
    \ 0004 20....               jsr     _AllocStackSave
    \ 0007 85..                 sta     zp:_Zp+30
    \ 0009 20....               jsr     `?L1488`
    \ 000c 85..                 sta     zp:_Zp+28
    \ 000e a5..                 lda     zp:_Zp+2
    \ 0010 88                   dey
    \ 0011 91..                 sta     (_Vsp),y
    \ 0013 a5..                 lda     zp:_Zp+3
    \ 0015 a000                 ldy     #0
    \ 0017 91..                 sta     (_Vsp),y
    \ 0019 a5..                 lda     zp:_Zp+4
    \ 001b c8                   iny
    \ 001c 91..                 sta     (_Vsp),y
    \ 001e a00f                 ldy     #15
    \ 0020 20....               jsr     `?L1479`
1371                  unsigned char i;
1372                  unsigned char topdirent = 0;  // keep number of first dirent of current sector
    \ 0023 a900                 lda     #0
    \ 0025 85..                 sta     zp:_Zp
1373                  DIRENT* ds;
1374                //  DIRENT* newds;
1375                  unsigned int max = ENTRIESPERBLOCK;
    \ 0027 a908                 lda     #8
    \ 0029 85..                 sta     zp:_Zp+2
1376                  unsigned char track = dirtrack;
1377                  unsigned char sector = DIRENTSECT;  // @@ to be changed for sector chained by t=40, s=0
1378                  unsigned char nexttrack = 0;
1379                  unsigned char nextsector = 0;
1380
1381                  // _miniInit();
1382
1383                  // blatantly misuse the unfilled DIRENT buffer:
1384                  ds = &readdir_dirent->direntryblock[1];
1385
1386                  // first try overwriting DEL file entry:
1387                  for (i = 0; i < max; i++)  {
    \ 002b 20....               jsr     `?L1500`
    \ 002e a006                 ldy     #6
    \ 0030 20....               jsr     `?L1360`
    \ 0033 a903                 lda     #3
    \ 0035 85..                 sta     zp:_Zp+4
    \ 0037 a900                 lda     #0
    \ 0039 a00c                 ldy     #12
    \ 003b 91..                 sta     (_Vsp),y
    \ 003d c8                   iny
    \ 003e 91..                 sta     (_Vsp),y
    \ 0040 18                   clc
    \ 0041 a9e0                 lda     #224
    \ 0043 6d....               adc     readdir_dirent
    \ 0046 85..                 sta     zp:_Zp+24
    \ 0048 a900                 lda     #0
    \ 004a 6d....               adc     readdir_dirent+1
    \ 004d 85..                 sta     zp:_Zp+25
    \ 004f a900                 lda     #0
    \ 0051 85..                 sta     zp:_Zp+29
    \ 0053 a5..                 lda     zp:_Zp
    \ 0055 c8                   iny
    \ 0056 91..                 sta     (_Vsp),y
    \ 0058 20....               jsr     `?L1466`
    \ 005b a5..                 lda     zp:_Zp+1
    \ 005d a009                 ldy     #9
    \ 005f 91..                 sta     (_Vsp),y
    \ 0061 a5..                 lda     zp:_Zp+4
    \ 0063 88       `?L1322`:   dey
    \ 0064 91..                 sta     (_Vsp),y
    \ 0066 a5..                 lda     zp:_Zp+29
    \ 0068 a00a                 ldy     #10
    \ 006a d1..                 cmp     (_Vsp),y
    \ 006c a900                 lda     #0
    \ 006e c8                   iny
    \ 006f f1..                 sbc     (_Vsp),y
    \ 0071 931802               lbcc    `?L540`
1388                    // lcopy(uint32_t source_address, uint32_t destination_address, uint16_t count);
1389                    lcopy(ATTICDIRENTBUFFER + side * ATTICDIRENTSIZE + i * DIRENTSIZE,
1390                          (uint32_t) ds, DIRENTSIZE);
1391
1392                    if ((i % ENTRIESPERBLOCK) == 0)  {
1393                      topdirent = i;
1394                      // not for the first iteration:
1395                      if (i > 0)  {
1396                        track = nexttrack;
1397                        sector = nextsector;
1398                      }
1399                    }
1400                    if (ds->chntrack > 0)  {
1401                      max += ENTRIESPERBLOCK; // more attic pages
1402                      nexttrack = ds->chntrack;  // chain for where to write dirent sector
1403                      nextsector = ds->chnsector;
1404                    }
1405                    if ((ds->type&0xf) == VAL_DOSFTYPE_DEL)  {
1406                      newds->chntrack = ds->chntrack;  // keep blockchain
1407                      newds->chnsector = ds->chnsector;
1408                      lcopy((uint32_t) newds,
1409                            ATTICDIRENTBUFFER + side * ATTICDIRENTSIZE + i * DIRENTSIZE,
1410                            DIRENTSIZE);
1411
1412                #ifdef DEBUG
1413                      mprintf("writenewdirententry i=", i);
1414                      mprintf(" ofs=", side * ATTICDIRENTSIZE +
1415                                       i / (BLOCKSIZE / DIRENTSIZE) * BLOCKSIZE);
1416                      mprintf(" side=", sector % 2);
1417                      mprintf(" newds->track=", newds->track);
1418                      mprintf(" newds->sector=", newds->sector);
1419                      cputln();
1420                      mprintf("track=", track);
1421                      mprintf(" sector=", sector);
1422                      mprintf(" nexttrack=", nexttrack);
1423                      mprintf(" nextsector=", nextsector);
1424                      mprintf(" type=", (newds->type&0xf));
1425                      cputln();
1426                      mh4printf(" ds addr=", (long) ds);
1427                      mh4printf(" newds addr=", (long) newds);
1428                      cputln();
1429                      cgetc();
1430                #endif
1431
1432                      lcopy(ATTICDIRENTBUFFER + side * ATTICDIRENTSIZE +
1433                              i / (BLOCKSIZE / DIRENTSIZE) * BLOCKSIZE,
1434                            BLOCKDATALOW, BLOCKSIZE);
1435                      PutOneSector(legacyHDOSstate,
1436                                   (BAM *) worksectorasBAM[0], drive, track, sector);
1437                #ifdef DEBUG
1438                      msprintf("writenewdirententry done");
1439                      cputln();
1440                      cgetc();
1441                #endif
1442                      return;
1443                    }
1444
1445                #ifdef DEBUG
1446                    if (ds->track > 0)  {
1447                      mprintf("writedirentry ", i);
1448                      mh4printf(" is: ", (long) &ds);
1449                      memcpy(dosfilename, ds->name, DOSFILENAMELEN);
1450                      dosfilename[DOSFILENAMELEN] = 0; // proper null termination
1451                      msprintf(" name ");
1452                //        msprintf((char *) dosfilename);
1453                      mprintf(" chntrk ", ds->chntrack);
1454                      mprintf(" chnsect ", ds->chnsector);
1455                      mhprintf(" type ", ds->type&0xf);
1456                      mprintf(" trk ", ds->track);
1457                      mprintf(" sect ", ds->sector);
1458                      mprintf(" size ", ds->size);
1459                      mhprintf(" access ", ds->access);
1460                      cputln();
1461                      cgetc();
1462                    }
1463                #endif
1464                  }
1465                  
1466                  // peek first dirent of full block to set new chain:
1467                  lcopy(ATTICDIRENTBUFFER + side * ATTICDIRENTSIZE + topdirent * DIRENTSIZE,
    \ 0074 a6..                 ldx     zp:_Zp+28
    \ 0076 20....               jsr     `?L1338`
    \ 0079 f005                 beq     `?L1076`
    \ 007b          `?L1077`:
    \ 007b 20....               jsr     `?L1395`
    \ 007e d0fb                 bne     `?L1077`
    \ 0080          `?L1076`:
    \ 0080 20....               jsr     _SpillZP
    \ 0083 04..                 .byte   4,_Zp+4
    \ 0085 20....               jsr     _FillQ
    \ 0088 20....               jsr     `?L1350`
    \ 008b 20....               jsr     `?L1460`
    \ 008e 20....               jsr     `?L1366`
    \ 0091 aa                   tax
    \ 0092 20....               jsr     `?L1383`
    \ 0095 48                   pha
    \ 0096 da                   phx
    \ 0097 5a                   phy
    \ 0098 db                   phz
    \ 0099 a010                 ldy     #16
    \ 009b 20....               jsr     `?L1484`
    \ 009e 20....               jsr     `?L1391`
    \ 00a1 f005                 beq     `?L1080`
    \ 00a3          `?L1081`:
    \ 00a3 20....               jsr     `?L1421`
    \ 00a6 d0fb                 bne     `?L1081`
    \ 00a8          `?L1080`:
    \ 00a8 20....               jsr     `?L1469`
    \ 00ab 3002                 bmi     `?L1083`
    \ 00ad a900                 lda     #0
    \ 00af          `?L1083`:
    \ 00af 85..                 sta     zp:_Zp+2
    \ 00b1 85..                 sta     zp:_Zp+3
    \ 00b3 fb                   plz
    \ 00b4 7a                   ply
    \ 00b5 fa                   plx
    \ 00b6 68                   pla
    \ 00b7 20....               jsr     `?L1347`
1468                        (uint32_t) ds, DIRENTSIZE);
1469                  // dirent already full, establish an additional sector:
1470                  // @@ sector strategy needed
1471                  findnextBAMtracksector(&nexttrack, &nextsector, TRUE, dirtrack,
    \ 00ba b1..                 lda     (_Vsp),y
    \ 00bc 85..                 sta     zp:_Zp+6
    \ 00be 88                   dey
    \ 00bf b1..                 lda     (_Vsp),y
    \ 00c1 85..                 sta     zp:_Zp+5
    \ 00c3 a006                 ldy     #6
    \ 00c5 b1..                 lda     (_Vsp),y
    \ 00c7 85..                 sta     zp:_Zp+4
    \ 00c9 a2..                 ldx     #_Zp+2
    \ 00cb a90d                 lda     #13
    \ 00cd 20....               jsr     _LoadVspEA
    \ 00d0 a2..                 ldx     #_Zp
    \ 00d2 a90c                 lda     #12
    \ 00d4 20....               jsr     _LoadVspEA
    \ 00d7 a901                 lda     #1
    \ 00d9 20....               jsr     findnextBAMtracksector
1472                                         firsttrack, lasttrack);
1473                  ds->chntrack = nexttrack;
    \ 00dc a00c                 ldy     #12
    \ 00de b1..                 lda     (_Vsp),y
    \ 00e0 a000                 ldy     #0
    \ 00e2 91..                 sta     (_Zp+24),y
1474                  ds->chnsector = nextsector;
    \ 00e4 a00d                 ldy     #13
    \ 00e6 b1..                 lda     (_Vsp),y
    \ 00e8 a001                 ldy     #1
    \ 00ea 91..                 sta     (_Zp+24),y
1475                  // write new chain:
1476                  lcopy((uint32_t) ds, // first dirent is the new one
    \ 00ec a6..                 ldx     zp:_Zp+28
    \ 00ee 20....               jsr     `?L1338`
    \ 00f1 f005                 beq     `?L1090`
    \ 00f3          `?L1091`:
    \ 00f3 20....               jsr     `?L1395`
    \ 00f6 d0fb                 bne     `?L1091`
    \ 00f8          `?L1090`:
    \ 00f8 20....               jsr     _SpillZP
    \ 00fb 04..                 .byte   4,_Zp+4
    \ 00fd 20....               jsr     _FillQ
    \ 0100 20....               jsr     `?L1350`
    \ 0103 20....               jsr     `?L1460`
    \ 0106 a900                 lda     #0
    \ 0108 aa                   tax
    \ 0109 20....               jsr     `?L1383`
    \ 010c 48                   pha
    \ 010d da                   phx
    \ 010e 5a                   phy
    \ 010f db                   phz
    \ 0110 a010                 ldy     #16
    \ 0112 20....               jsr     `?L1484`
    \ 0115 20....               jsr     `?L1391`
    \ 0118 f005                 beq     `?L1094`
    \ 011a          `?L1095`:
    \ 011a 20....               jsr     `?L1421`
    \ 011d d0fb                 bne     `?L1095`
    \ 011f          `?L1094`:
    \ 011f 20....               jsr     `?L1469`
    \ 0122 3002                 bmi     `?L1097`
    \ 0124 a900                 lda     #0
    \ 0126          `?L1097`:
    \ 0126 85..                 sta     zp:_Zp+2
    \ 0128 85..                 sta     zp:_Zp+3
    \ 012a fb                   plz
    \ 012b 7a                   ply
    \ 012c fa                   plx
    \ 012d 68                   pla
    \ 012e 20....               jsr     `?L1384`
    \ 0131 424285..             stq     zp:_Zp+4
    \ 0135 20....               jsr     `?L1358`
    \ 0138 20....               jsr     `?L1356`
1477                        ATTICDIRENTBUFFER + side * ATTICDIRENTSIZE + topdirent * DIRENTSIZE,
1478                        DIRENTSIZE);
1479                  // dirty, copy attic back to block buffer and save it:
1480                  lcopy(ATTICDIRENTBUFFER + side * ATTICDIRENTSIZE +
    \ 013b a6..                 ldx     zp:_Zp+28
    \ 013d 20....               jsr     `?L1338`
    \ 0140 f005                 beq     `?L1101`
    \ 0142          `?L1102`:
    \ 0142 20....               jsr     `?L1395`
    \ 0145 d0fb                 bne     `?L1102`
    \ 0147          `?L1101`:
    \ 0147 20....               jsr     _SpillZP
    \ 014a 04..                 .byte   4,_Zp+4
    \ 014c 20....               jsr     _FillQ
    \ 014f 20....               jsr     `?L1380`
    \ 0152 424285..             stq     zp:_Zp
    \ 0156 20....               jsr     `?L1345`
    \ 0159 a219                 ldx     #25
    \ 015b 4b                   taz
    \ 015c 424285..             stq     zp:_Zp+4
    \ 0160 a010                 ldy     #16
    \ 0162 b1..                 lda     (_Vsp),y
    \ 0164 20....               jsr     `?L1485`
    \ 0167 6b                   tza
    \ 0168 85..                 sta     zp:_Zp+9
    \ 016a 20....               jsr     `?L1401`
    \ 016d 6b                   tza
    \ 016e 85..                 sta     zp:_Zp+8
    \ 0170 4242a5..             ldq     zp:_Zp+8
    \ 0174 20....               jsr     `?L1347`
1481                        topdirent / (BLOCKSIZE / DIRENTSIZE) * BLOCKSIZE,
1482                        BLOCKDATALOW, BLOCKSIZE);
1483                  PutOneSector(legacyHDOSstate,
    \ 0177 a008                 ldy     #8
    \ 0179 b1..                 lda     (_Vsp),y
    \ 017b 85..                 sta     zp:_Zp+4
    \ 017d c8                   iny
    \ 017e b1..                 lda     (_Vsp),y
    \ 0180 20....               jsr     `?L1482`
    \ 0183 20....               jsr     `?L1389`
    \ 0186 20....               jsr     `?L1491`
1484                               (BAM *) worksectorasBAM[0], drive, track, sector);
1485                #ifdef DEBUG
1486                      mprintf("first sector set, i=", i);
1487                      cputln();
1488                      cgetc();
1489                #endif
1490
1491                  // i is already incremented after the loop, so step into next dirent block
1492                  lfill(ATTICDIRENTBUFFER + side * ATTICDIRENTSIZE + i * DIRENTSIZE,
    \ 0189 a6..                 ldx     zp:_Zp+28
    \ 018b 20....               jsr     `?L1338`
    \ 018e f005                 beq     `?L1108`
    \ 0190          `?L1109`:
    \ 0190 20....               jsr     `?L1395`
    \ 0193 d0fb                 bne     `?L1109`
    \ 0195          `?L1108`:
    \ 0195 20....               jsr     _SpillZP
    \ 0198 04..                 .byte   4,_Zp+4
    \ 019a 20....               jsr     _FillQ
    \ 019d 38                   sec
    \ 019e 4242e5..             sbcq    zp:_Zp
    \ 01a2 424285..             stq     zp:_Zp
    \ 01a6 20....               jsr     `?L1465`
    \ 01a9 20....               jsr     `?L1494`
    \ 01ac 20....               jsr     `?L1382`
    \ 01af 48                   pha
    \ 01b0 da                   phx
    \ 01b1 5a                   phy
    \ 01b2 db                   phz
    \ 01b3 20....               jsr     `?L1390`
    \ 01b6 f005                 beq     `?L1111`
    \ 01b8          `?L1112`:
    \ 01b8 20....               jsr     `?L1421`
    \ 01bb d0fb                 bne     `?L1112`
    \ 01bd          `?L1111`:
    \ 01bd 20....               jsr     `?L1469`
    \ 01c0 3002                 bmi     `?L1114`
    \ 01c2 a900                 lda     #0
    \ 01c4          `?L1114`:
    \ 01c4 85..                 sta     zp:_Zp+2
    \ 01c6 85..                 sta     zp:_Zp+3
    \ 01c8 fb                   plz
    \ 01c9 7a                   ply
    \ 01ca fa                   plx
    \ 01cb 68                   pla
    \ 01cc 20....               jsr     `?L1384`
    \ 01cf 424285..             stq     zp:_Zp
    \ 01d3 a900                 lda     #0
    \ 01d5 20....               jsr     lfill
1493                        0, BLOCKSIZE); // zero the whole block to fill one dirent after
1494                  newds->chntrack = 0;  // indicate end of chain
    \ 01d8 a00f                 ldy     #15
1495                  newds->chnsector = 0xff;
1496                  lcopy((uint32_t) newds, // first dirent is the new one
    \ 01da 20....               jsr     `?L1359`
    \ 01dd a900                 lda     #0
    \ 01df a000                 ldy     #0
    \ 01e1 91..                 sta     (_Zp),y
    \ 01e3 a00f                 ldy     #15
    \ 01e5 20....               jsr     `?L1359`
    \ 01e8 e3..                 inw     zp:_Zp
    \ 01ea a9ff                 lda     #-1
    \ 01ec a000                 ldy     #0
    \ 01ee 91..                 sta     (_Zp),y
    \ 01f0 a6..                 ldx     zp:_Zp+28
    \ 01f2 86..                 stx     zp:_Zp
    \ 01f4 a900                 lda     #0
    \ 01f6 85..                 sta     zp:_Zp+1
    \ 01f8 20....               jsr     `?L1405`
    \ 01fb 20....               jsr     `?L1340`
    \ 01fe f005                 beq     `?L1117`
    \ 0200          `?L1118`:
    \ 0200 20....               jsr     `?L1395`
    \ 0203 d0fb                 bne     `?L1118`
    \ 0205          `?L1117`:
    \ 0205 20....               jsr     _SpillZP
    \ 0208 04..                 .byte   4,_Zp+4
    \ 020a 20....               jsr     _FillQ
    \ 020d 20....               jsr     `?L1350`
    \ 0210 20....               jsr     `?L1460`
    \ 0213 a900                 lda     #0
    \ 0215 aa                   tax
    \ 0216 20....               jsr     `?L1383`
    \ 0219 48                   pha
    \ 021a da                   phx
    \ 021b 5a                   phy
    \ 021c db                   phz
    \ 021d 20....               jsr     `?L1390`
    \ 0220 f005                 beq     `?L1121`
    \ 0222          `?L1122`:
    \ 0222 20....               jsr     `?L1421`
    \ 0225 d0fb                 bne     `?L1122`
    \ 0227          `?L1121`:
    \ 0227 20....               jsr     `?L1469`
    \ 022a 3002                 bmi     `?L1124`
    \ 022c a900                 lda     #0
    \ 022e          `?L1124`:
    \ 022e 85..                 sta     zp:_Zp+2
    \ 0230 85..                 sta     zp:_Zp+3
    \ 0232 fb                   plz
    \ 0233 7a                   ply
    \ 0234 fa                   plx
    \ 0235 68                   pla
    \ 0236 20....               jsr     `?L1384`
    \ 0239 424285..             stq     zp:_Zp+4
    \ 023d a011                 ldy     #17
    \ 023f 20....               jsr     `?L1359`
    \ 0242 20....               jsr     `?L1356`
1497                        ATTICDIRENTBUFFER + side * ATTICDIRENTSIZE + i * DIRENTSIZE,
1498                        DIRENTSIZE);
1499
1500                  // dirty, copy attic back to block buffer and save it:
1501                  lcopy(ATTICDIRENTBUFFER + side * ATTICDIRENTSIZE +
    \ 0245 a6..                 ldx     zp:_Zp+28
    \ 0247 20....               jsr     `?L1338`
    \ 024a f005                 beq     `?L1128`
    \ 024c          `?L1129`:
    \ 024c 20....               jsr     `?L1395`
    \ 024f d0fb                 bne     `?L1129`
    \ 0251          `?L1128`:
    \ 0251 20....               jsr     _SpillZP
    \ 0254 04..                 .byte   4,_Zp+4
    \ 0256 20....               jsr     _FillQ
    \ 0259 20....               jsr     `?L1380`
    \ 025c 424285..             stq     zp:_Zp
    \ 0260 20....               jsr     `?L1345`
    \ 0263 a219                 ldx     #25
    \ 0265 4b                   taz
    \ 0266 424285..             stq     zp:_Zp+4
    \ 026a a5..                 lda     zp:_Zp+29
    \ 026c 20....               jsr     `?L1485`
    \ 026f 98                   tya
    \ 0270 85..                 sta     zp:_Zp+9
    \ 0272 20....               jsr     `?L1401`
    \ 0275 98                   tya
    \ 0276 85..                 sta     zp:_Zp+8
    \ 0278 4242a5..             ldq     zp:_Zp+8
    \ 027c 20....               jsr     `?L1347`
1502                        i / (BLOCKSIZE / DIRENTSIZE) * BLOCKSIZE,
1503                        BLOCKDATALOW, BLOCKSIZE);
1504                  PutOneSector(legacyHDOSstate,
    \ 027f a00d                 ldy     #13
    \ 0281 b1..                 lda     (_Vsp),y
    \ 0283 85..                 sta     zp:_Zp+4
    \ 0285 88                   dey
    \ 0286 b1..                 lda     (_Vsp),y
    \ 0288 4c....               jmp     `?L1324`
    \ 028b          `?L540`:
    \ 028b a6..                 ldx     zp:_Zp+28
    \ 028d 20....               jsr     `?L1338`
    \ 0290 f005                 beq     `?L1135`
    \ 0292          `?L1136`:
    \ 0292 20....               jsr     `?L1395`
    \ 0295 d0fb                 bne     `?L1136`
    \ 0297          `?L1135`:
    \ 0297 20....               jsr     _SpillZP
    \ 029a 04..                 .byte   4,_Zp+4
    \ 029c 20....               jsr     _FillQ
    \ 029f 38                   sec
    \ 02a0 4242e5..             sbcq    zp:_Zp
    \ 02a4 424285..             stq     zp:_Zp
    \ 02a8 a002                 ldy     #2
    \ 02aa 20....               jsr     `?L1404`
    \ 02ad 20....               jsr     `?L1352`
    \ 02b0 20....               jsr     `?L1460`
    \ 02b3 20....               jsr     `?L1366`
    \ 02b6 a304                 ldz     #4
    \ 02b8 4242b2..             ldq     (_Vsp),z
    \ 02bc 20....               jsr     `?L1381`
    \ 02bf 48                   pha
    \ 02c0 da                   phx
    \ 02c1 5a                   phy
    \ 02c2 db                   phz
    \ 02c3 20....               jsr     `?L1390`
    \ 02c6 f005                 beq     `?L1139`
    \ 02c8          `?L1140`:
    \ 02c8 20....               jsr     `?L1421`
    \ 02cb d0fb                 bne     `?L1140`
    \ 02cd          `?L1139`:
    \ 02cd 20....               jsr     `?L1469`
    \ 02d0 3002                 bmi     `?L1142`
    \ 02d2 a900                 lda     #0
    \ 02d4          `?L1142`:
    \ 02d4 85..                 sta     zp:_Zp+2
    \ 02d6 85..                 sta     zp:_Zp+3
    \ 02d8 fb                   plz
    \ 02d9 7a                   ply
    \ 02da fa                   plx
    \ 02db 68                   pla
    \ 02dc 20....               jsr     `?L1347`
    \ 02df a907                 lda     #7
    \ 02e1 24..                 bit     zp:_Zp+29
    \ 02e3 d011                 bne     `?L544`
    \ 02e5 a5..                 lda     zp:_Zp+29
    \ 02e7 85..                 sta     zp:_Zp
    \ 02e9 a5..                 lda     zp:_Zp+29
    \ 02eb f00e                 beq     `?L547`
    \ 02ed a00c                 ldy     #12
    \ 02ef b1..                 lda     (_Vsp),y
    \ 02f1 85..                 sta     zp:_Zp+26
    \ 02f3 c8                   iny
    \ 02f4 800c                 bra     `?L1321`
    \ 02f6 a00e     `?L544`:    ldy     #14
    \ 02f8 20....               jsr     `?L1484`
    \ 02fb a009     `?L547`:    ldy     #9
    \ 02fd b1..                 lda     (_Vsp),y
    \ 02ff 85..                 sta     zp:_Zp+26
    \ 0301 88                   dey
    \ 0302          `?L1321`:
    \ 0302 b1..                 lda     (_Vsp),y
    \ 0304 85..                 sta     zp:_Zp+27
    \ 0306 a000                 ldy     #0
    \ 0308 b1..                 lda     (_Zp+24),y
    \ 030a f022                 beq     `?L550`
    \ 030c a908                 lda     #8
    \ 030e a00a                 ldy     #10
    \ 0310 18                   clc
    \ 0311 71..                 adc     (_Vsp),y
    \ 0313 85..                 sta     zp:_Zp+2
    \ 0315 a900                 lda     #0
    \ 0317 c8                   iny
    \ 0318 71..                 adc     (_Vsp),y
    \ 031a 85..                 sta     zp:_Zp+3
    \ 031c a000                 ldy     #0
    \ 031e b1..                 lda     (_Zp+24),y
    \ 0320 a00c                 ldy     #12
    \ 0322 91..                 sta     (_Vsp),y
    \ 0324 a001                 ldy     #1
    \ 0326 b1..                 lda     (_Zp+24),y
    \ 0328 a00d                 ldy     #13
    \ 032a 91..                 sta     (_Vsp),y
    \ 032c 800a                 bra     `?L551`
    \ 032e a00a     `?L550`:    ldy     #10
    \ 0330 20....               jsr     `?L1428`
    \ 0333 c8                   iny
    \ 0334 b1..                 lda     (_Vsp),y
    \ 0336 85..                 sta     zp:_Zp+3
    \ 0338 a90f     `?L551`:    lda     #15
    \ 033a a302                 ldz     #2
    \ 033c 32..                 and     (_Zp+24),z
    \ 033e d3be00               lbne    `?L542`
    \ 0341 a00f                 ldy     #15
    \ 0343 20....               jsr     `?L1359`
    \ 0346 a000                 ldy     #0
    \ 0348 b1..                 lda     (_Zp+24),y
    \ 034a 91..                 sta     (_Zp),y
    \ 034c a00f                 ldy     #15
    \ 034e 20....               jsr     `?L1359`
    \ 0351 e3..                 inw     zp:_Zp
    \ 0353 a001                 ldy     #1
    \ 0355 b1..                 lda     (_Zp+24),y
    \ 0357 88                   dey
    \ 0358 91..                 sta     (_Zp),y
    \ 035a a6..                 ldx     zp:_Zp+28
    \ 035c 86..                 stx     zp:_Zp
    \ 035e 98                   tya
    \ 035f 85..                 sta     zp:_Zp+1
    \ 0361 20....               jsr     `?L1405`
    \ 0364 20....               jsr     `?L1340`
    \ 0367 f005                 beq     `?L1146`
    \ 0369          `?L1147`:
    \ 0369 20....               jsr     `?L1395`
    \ 036c d0fb                 bne     `?L1147`
    \ 036e          `?L1146`:
    \ 036e 20....               jsr     _SpillZP
    \ 0371 04..                 .byte   4,_Zp+4
    \ 0373 20....               jsr     _FillQ
    \ 0376 20....               jsr     `?L1350`
    \ 0379 20....               jsr     `?L1460`
    \ 037c a900                 lda     #0
    \ 037e aa                   tax
    \ 037f 20....               jsr     `?L1383`
    \ 0382 48                   pha
    \ 0383 da                   phx
    \ 0384 5a                   phy
    \ 0385 db                   phz
    \ 0386 20....               jsr     `?L1390`
    \ 0389 f005                 beq     `?L1150`
    \ 038b          `?L1151`:
    \ 038b 20....               jsr     `?L1421`
    \ 038e d0fb                 bne     `?L1151`
    \ 0390          `?L1150`:
    \ 0390 20....               jsr     `?L1469`
    \ 0393 3002                 bmi     `?L1153`
    \ 0395 a900                 lda     #0
    \ 0397          `?L1153`:
    \ 0397 85..                 sta     zp:_Zp+2
    \ 0399 85..                 sta     zp:_Zp+3
    \ 039b fb                   plz
    \ 039c 7a                   ply
    \ 039d fa                   plx
    \ 039e 68                   pla
    \ 039f 20....               jsr     `?L1384`
    \ 03a2 424285..             stq     zp:_Zp+4
    \ 03a6 a011                 ldy     #17
    \ 03a8 20....               jsr     `?L1359`
    \ 03ab 20....               jsr     `?L1356`
    \ 03ae a6..                 ldx     zp:_Zp+28
    \ 03b0 20....               jsr     `?L1338`
    \ 03b3 f005                 beq     `?L1157`
    \ 03b5          `?L1158`:
    \ 03b5 20....               jsr     `?L1395`
    \ 03b8 d0fb                 bne     `?L1158`
    \ 03ba          `?L1157`:
    \ 03ba 20....               jsr     _SpillZP
    \ 03bd 04..                 .byte   4,_Zp+4
    \ 03bf 20....               jsr     _FillQ
    \ 03c2 20....               jsr     `?L1380`
    \ 03c5 424285..             stq     zp:_Zp
    \ 03c9 20....               jsr     `?L1345`
    \ 03cc a219                 ldx     #25
    \ 03ce 4b                   taz
    \ 03cf 424285..             stq     zp:_Zp+4
    \ 03d3 a5..                 lda     zp:_Zp+29
    \ 03d5 20....               jsr     `?L1485`
    \ 03d8 98                   tya
    \ 03d9 85..                 sta     zp:_Zp+9
    \ 03db 20....               jsr     `?L1401`
    \ 03de 98                   tya
    \ 03df 85..                 sta     zp:_Zp+8
    \ 03e1 4242a5..             ldq     zp:_Zp+8
    \ 03e5 20....               jsr     `?L1347`
    \ 03e8 a5..                 lda     zp:_Zp+27
    \ 03ea 85..                 sta     zp:_Zp+4
    \ 03ec a5..                 lda     zp:_Zp+26
    \ 03ee          `?L1324`:
    \ 03ee 20....               jsr     `?L1482`
    \ 03f1 20....               jsr     `?L1389`
    \ 03f4 20....               jsr     `?L1491`
1505                               (BAM *) worksectorasBAM[0], drive, nexttrack, nextsector);
1506                //  messagebox(0, "directory entries exhausted");
1507                }
    \ 03f7 a211                 ldx     #17
    \ 03f9 a006                 ldy     #6
    \ 03fb 4c....               jmp     _DeallocStackRestore
    \ 03fe          `?L542`:
    \ 03fe e6..                 inc     zp:_Zp+29
    \ 0400 a5..                 lda     zp:_Zp
    \ 0402 a00e                 ldy     #14
    \ 0404 91..                 sta     (_Vsp),y
    \ 0406 20....               jsr     `?L1466`
    \ 0409 a5..                 lda     zp:_Zp+26
    \ 040b a009                 ldy     #9
    \ 040d 91..                 sta     (_Vsp),y
    \ 040f a5..                 lda     zp:_Zp+27
    \ 0411 4c....               jmp     `?L1322`
1508
1509                void deletedirententry(unsigned char legacyHDOSstate,
1510                                       unsigned char drive, unsigned char side,
1511                                       unsigned char dirtrack, unsigned char entry)  {
    \ 0000                      .section code,text
    \ 0000                      .public deletedirententry
    \ 0000          deletedirententry:
    \ 0000 a2f4                 ldx     #244
    \ 0002 a008                 ldy     #8
    \ 0004 20....               jsr     _AllocStackSave
    \ 0007 85..                 sta     zp:_Zp+28
    \ 0009 20....               jsr     `?L1488`
    \ 000c a00b                 ldy     #11
    \ 000e 91..                 sta     (_Vsp),y
    \ 0010 a5..                 lda     zp:_Zp+2
    \ 0012 a008                 ldy     #8
    \ 0014 91..                 sta     (_Vsp),y
    \ 0016 a5..                 lda     zp:_Zp+3
    \ 0018 a000                 ldy     #0
    \ 001a 91..                 sta     (_Vsp),y
1512                  unsigned char i;
1513                  unsigned int s;
1514                  unsigned char pos;
1515                  unsigned char filetypebefore;
1516                  DIRENT* ds;
1517                  unsigned int max = ENTRIESPERBLOCK;
    \ 001c a908                 lda     #8
    \ 001e 85..                 sta     zp:_Zp+30
    \ 0020 a900                 lda     #0
    \ 0022 85..                 sta     zp:_Zp+31
1518                  unsigned char track = dirtrack;
    \ 0024 a008                 ldy     #8
1519                  unsigned char sector = DIRENTSECT;  // @@ to be changed for sector chained by t=40, s=0
1520                  unsigned char nexttrack = 0;
1521                  unsigned char nextsector = 0;
1522
1523                  // _miniInit();
1524
1525                  ds = &readdir_dirent->direntryblock[0];
1526
1527                  // loop all entries:
1528                  for (i = 0, pos = 0; i < max; i++)  {
    \ 0026 20....               jsr     `?L1484`
    \ 0029 a903                 lda     #3
    \ 002b 85..                 sta     zp:_Zp+1
    \ 002d a900                 lda     #0
    \ 002f 85..                 sta     zp:_Zp+2
    \ 0031 85..                 sta     zp:_Zp+3
    \ 0033 20....               jsr     `?L1475`
    \ 0036 85..                 sta     zp:_Zp+26
    \ 0038 a900                 lda     #0
    \ 003a 6d....               adc     readdir_dirent+1
    \ 003d 85..                 sta     zp:_Zp+27
    \ 003f a900                 lda     #0
    \ 0041 85..                 sta     zp:_Zp+29
    \ 0043 85..                 sta     zp:_Zp+32
    \ 0045 a5..                 lda     zp:_Zp
    \ 0047 a002                 ldy     #2
    \ 0049 91..                 sta     (_Vsp),y
    \ 004b a5..                 lda     zp:_Zp+1
    \ 004d 88                   dey
    \ 004e 91..                 sta     (_Vsp),y
    \ 0050 a5..                 lda     zp:_Zp+2
    \ 0052 a00a                 ldy     #10
    \ 0054 91..                 sta     (_Vsp),y
    \ 0056 a5..                 lda     zp:_Zp+3
    \ 0058 88       `?L1327`:   dey
    \ 0059 91..                 sta     (_Vsp),y
    \ 005b a5..                 lda     zp:_Zp+29
    \ 005d c5..                 cmp     zp:_Zp+30
    \ 005f a900                 lda     #0
    \ 0061 e5..                 sbc     zp:_Zp+31
    \ 0063 b39401               lbcs    `?L559`
1529                    // lcopy(uint32_t source_address, uint32_t destination_address, uint16_t count);
1530                    lcopy(ATTICDIRENTBUFFER + side * ATTICDIRENTSIZE + i * DIRENTSIZE,
    \ 0066 20....               jsr     `?L1483`
    \ 0069 20....               jsr     `?L1339`
    \ 006c f005                 beq     `?L1165`
    \ 006e          `?L1166`:
    \ 006e 20....               jsr     `?L1395`
    \ 0071 d0fb                 bne     `?L1166`
    \ 0073 a003     `?L1165`:   ldy     #3
    \ 0075 20....               jsr     `?L1478`
    \ 0078 c8                   iny
    \ 0079 20....               jsr     `?L1479`
    \ 007c a303                 ldz     #3
    \ 007e 4242b2..             ldq     (_Vsp),z
    \ 0082 38                   sec
    \ 0083 4242e5..             sbcq    zp:_Zp
    \ 0087 424285..             stq     zp:_Zp
    \ 008b a003                 ldy     #3
    \ 008d 20....               jsr     `?L1404`
    \ 0090 20....               jsr     `?L1352`
    \ 0093 20....               jsr     `?L1460`
    \ 0096 20....               jsr     `?L1445`
    \ 0099 a305                 ldz     #5
    \ 009b 4242b2..             ldq     (_Vsp),z
    \ 009f 20....               jsr     `?L1381`
    \ 00a2 48                   pha
    \ 00a3 da                   phx
    \ 00a4 5a                   phy
    \ 00a5 db                   phz
    \ 00a6 20....               jsr     `?L1390`
    \ 00a9 f005                 beq     `?L1169`
    \ 00ab          `?L1170`:
    \ 00ab 20....               jsr     `?L1421`
    \ 00ae d0fb                 bne     `?L1170`
    \ 00b0          `?L1169`:
    \ 00b0 20....               jsr     `?L1469`
    \ 00b3 3002                 bmi     `?L1172`
    \ 00b5 a900                 lda     #0
    \ 00b7          `?L1172`:
    \ 00b7 85..                 sta     zp:_Zp+2
    \ 00b9 85..                 sta     zp:_Zp+3
    \ 00bb fb                   plz
    \ 00bc 7a                   ply
    \ 00bd fa                   plx
    \ 00be 68                   pla
    \ 00bf 20....               jsr     `?L1347`
1531                          (uint32_t) ds, DIRENTSIZE);
1532
1533                    // not for the first iteration:
1534                    if (i > 0 && (i % ENTRIESPERBLOCK) == 0)  {
    \ 00c2 a5..                 lda     zp:_Zp+29
    \ 00c4 f00a                 beq     `?L564`
    \ 00c6 a907                 lda     #7
    \ 00c8 24..                 bit     zp:_Zp+29
    \ 00ca d004                 bne     `?L564`
1535                      track = nexttrack;
    \ 00cc a00a                 ldy     #10
    \ 00ce 8001                 bra     `?L1328`
    \ 00d0 c8       `?L564`:    iny
    \ 00d1          `?L1328`:
    \ 00d1 b1..                 lda     (_Vsp),y
    \ 00d3 85..                 sta     zp:_Zp+24
1536                      sector = nextsector;
    \ 00d5 88                   dey
    \ 00d6 b1..                 lda     (_Vsp),y
    \ 00d8 85..                 sta     zp:_Zp+25
1537                    }
1538                    if (ds->chntrack > 0)  {
    \ 00da a000                 ldy     #0
    \ 00dc b1..                 lda     (_Zp+26),y
    \ 00de f016                 beq     `?L567`
1539                      max += ENTRIESPERBLOCK; // more attic pages
    \ 00e0 a5..                 lda     zp:_Zp+30
    \ 00e2 18                   clc
    \ 00e3 6908                 adc     #8
    \ 00e5 85..                 sta     zp:_Zp+30
    \ 00e7 a5..                 lda     zp:_Zp+31
    \ 00e9 6900                 adc     #0
    \ 00eb 85..                 sta     zp:_Zp+31
1540                      nexttrack = ds->chntrack;  // chain for where to write dirent sector
    \ 00ed b1..                 lda     (_Zp+26),y
    \ 00ef 85..                 sta     zp:_Zp+1
1541                      nextsector = ds->chnsector;
    \ 00f1 c8                   iny
    \ 00f2 b1..                 lda     (_Zp+26),y
    \ 00f4 8008                 bra     `?L1325`
    \ 00f6 a00a     `?L567`:    ldy     #10
    \ 00f8 20....               jsr     `?L1360`
    \ 00fb 88                   dey
    \ 00fc b1..                 lda     (_Vsp),y
    \ 00fe          `?L1325`:
    \ 00fe 85..                 sta     zp:_Zp
1542                    }
1543
1544                    // if a non-deleted or a SD card file (hence no mask) ?
1545                    if (ds->type != VAL_DOSFTYPE_DEL || (option.option & OPTIONshowDEL))  {
    \ 0100 a002                 ldy     #2
    \ 0102 b1..                 lda     (_Zp+26),y
    \ 0104 d006                 bne     `?L572`
    \ 0106 20....               jsr     `?L1480`
    \ 0109 f33201               lbeq    `?L570`
    \ 010c          `?L572`:
1546                      if (pos == entry)  {
    \ 010c a000                 ldy     #0
    \ 010e b1..                 lda     (_Vsp),y
    \ 0110 c5..                 cmp     zp:_Zp+32
    \ 0112 d32701               lbne    `?L574`
1547                //        valuesbox(0, "Deleting...", "i=", i, "pos=", pos);
1548                        //                           also clear upper bits:
1549                        filetypebefore = ds->type;
    \ 0115 a002                 ldy     #2
    \ 0117 b1..                 lda     (_Zp+26),y
    \ 0119 85..                 sta     zp:_Zp+30
1550                        ds->type = VAL_DOSFTYPE_DEL; // + (ds->type & ~0xf);
    \ 011b a900                 lda     #0
    \ 011d 91..                 sta     (_Zp+26),y
1551                        lcopy((uint32_t) ds, ATTICDIRENTBUFFER + side * ATTICDIRENTSIZE + i * DIRENTSIZE,
    \ 011f 20....               jsr     `?L1483`
    \ 0122 20....               jsr     `?L1339`
    \ 0125 f005                 beq     `?L1176`
    \ 0127          `?L1177`:
    \ 0127 20....               jsr     `?L1395`
    \ 012a d0fb                 bne     `?L1177`
    \ 012c          `?L1176`:
    \ 012c 20....               jsr     _SpillZP
    \ 012f 04..                 .byte   4,_Zp+4
    \ 0131 20....               jsr     _FillQ
    \ 0134 20....               jsr     `?L1350`
    \ 0137 20....               jsr     `?L1460`
    \ 013a a900                 lda     #0
    \ 013c aa                   tax
    \ 013d 20....               jsr     `?L1383`
    \ 0140 48                   pha
    \ 0141 da                   phx
    \ 0142 5a                   phy
    \ 0143 db                   phz
    \ 0144 20....               jsr     `?L1390`
    \ 0147 f005                 beq     `?L1180`
    \ 0149          `?L1181`:
    \ 0149 20....               jsr     `?L1421`
    \ 014c d0fb                 bne     `?L1181`
    \ 014e          `?L1180`:
    \ 014e 20....               jsr     `?L1469`
    \ 0151 3002                 bmi     `?L1183`
    \ 0153 a900                 lda     #0
    \ 0155          `?L1183`:
    \ 0155 85..                 sta     zp:_Zp+2
    \ 0157 85..                 sta     zp:_Zp+3
    \ 0159 fb                   plz
    \ 015a 7a                   ply
    \ 015b fa                   plx
    \ 015c 68                   pla
    \ 015d 20....               jsr     `?L1384`
    \ 0160 424285..             stq     zp:_Zp+4
    \ 0164 20....               jsr     `?L1444`
    \ 0167 20....               jsr     `?L1356`
1552                              DIRENTSIZE);
1553                #ifdef DEBUG
1554                        mprintf("deletedirententry i=", i);
1555                        mprintf(" ofs=", i / (BLOCKSIZE / DIRENTSIZE) * BLOCKSIZE);
1556                        mprintf(" side=", side);
1557                        mprintf(" track=", track);
1558                        mprintf(" sector=", sector);
1559                        mprintf(" nexttrack=", nexttrack);
1560                        mprintf(" nextsector=", nextsector);
1561                        mprintf(" type=", (ds->type&0xf));
1562                        mh4printf(" ds addr=", (long) &ds);
1563                        mprintf(" filetrack=", ds->track);
1564                        mprintf(" filesector=", ds->sector);
1565                        cputln();
1566                        cgetc();
1567                #endif
1568                        lcopy(ATTICDIRENTBUFFER + side * ATTICDIRENTSIZE +
    \ 016a 20....               jsr     `?L1483`
    \ 016d 20....               jsr     `?L1339`
    \ 0170 f005                 beq     `?L1187`
    \ 0172          `?L1188`:
    \ 0172 20....               jsr     `?L1395`
    \ 0175 d0fb                 bne     `?L1188`
    \ 0177          `?L1187`:
    \ 0177 20....               jsr     _SpillZP
    \ 017a 04..                 .byte   4,_Zp+4
    \ 017c 20....               jsr     _FillQ
    \ 017f 20....               jsr     `?L1380`
    \ 0182 424285..             stq     zp:_Zp
    \ 0186 20....               jsr     `?L1345`
    \ 0189 a219                 ldx     #25
    \ 018b 4b                   taz
    \ 018c 424285..             stq     zp:_Zp+4
    \ 0190 a5..                 lda     zp:_Zp+29
    \ 0192 20....               jsr     `?L1485`
    \ 0195 98                   tya
    \ 0196 85..                 sta     zp:_Zp+9
    \ 0198 20....               jsr     `?L1401`
    \ 019b 98                   tya
    \ 019c 85..                 sta     zp:_Zp+8
    \ 019e 4242a5..             ldq     zp:_Zp+8
    \ 01a2 20....               jsr     `?L1347`
1569                                i / (BLOCKSIZE / DIRENTSIZE) * BLOCKSIZE,
1570                              BLOCKDATALOW, BLOCKSIZE);
1571                        PutOneSector(legacyHDOSstate,
    \ 01a5 a5..                 lda     zp:_Zp+25
    \ 01a7 85..                 sta     zp:_Zp+4
    \ 01a9 a5..                 lda     zp:_Zp+24
    \ 01ab 20....               jsr     `?L1482`
    \ 01ae 20....               jsr     `?L1389`
    \ 01b1 a5..                 lda     zp:_Zp+28
    \ 01b3 20....               jsr     PutOneSector
1572                                     (BAM *) worksectorasBAM[0], drive, track, sector);
1573                // basepage[3] = 0xff; // @@@@ debug
1574                // basepage[4] = 0xff; // @@@@ debug
1575                        if ((filetypebefore&0xf) != VAL_DOSFTYPE_CBM)  {
    \ 01b6 a90f                 lda     #15
    \ 01b8 25..                 and     zp:_Zp+30
    \ 01ba c905                 cmp     #5
    \ 01bc f01b                 beq     `?L576`
1576                          deleteblockchain(legacyHDOSstate,
    \ 01be a004                 ldy     #4
    \ 01c0 b1..                 lda     (_Zp+26),y
    \ 01c2 85..                 sta     zp:_Zp+3
    \ 01c4 88                   dey
    \ 01c5 b1..                 lda     (_Zp+26),y
    \ 01c7 85..                 sta     zp:_Zp+2
    \ 01c9 a008                 ldy     #8
    \ 01cb 20....               jsr     `?L1360`
    \ 01ce 88                   dey
    \ 01cf 20....               jsr     `?L1484`
    \ 01d2 a5..                 lda     zp:_Zp+28
    \ 01d4 20....               jsr     deleteblockchain
    \ 01d7 8020                 bra     `?L559`
    \ 01d9          `?L576`:
1577                                           drive, dirtrack, ds->track, ds->sector);
1578                        } else {
1579                          // remove 40 more sectors because the dirent track is not in size:
1580                          for (s = 0; s < (ds->size + 40); s++)  {
    \ 01d9 a900                 lda     #0
    \ 01db 85..                 sta     zp:_Zp+24
    \ 01dd 85..                 sta     zp:_Zp+25
    \ 01df a928     `?L580`:    lda     #40
    \ 01e1 a01e                 ldy     #30
    \ 01e3 18                   clc
    \ 01e4 71..                 adc     (_Zp+26),y
    \ 01e6 85..                 sta     zp:_Zp
    \ 01e8 a900                 lda     #0
    \ 01ea c8                   iny
    \ 01eb 71..                 adc     (_Zp+26),y
    \ 01ed 85..                 sta     zp:_Zp+1
    \ 01ef a5..                 lda     zp:_Zp+24
    \ 01f1 c5..                 cmp     zp:_Zp
    \ 01f3 a5..                 lda     zp:_Zp+25
    \ 01f5 e5..                 sbc     zp:_Zp+1
    \ 01f7 9007                 bcc     `?L579`
    \ 01f9          `?L559`:
1581                            BAMSectorUpdate(BAMsector[0], BAMsector[1],
1582                                            ds->track + (s / 40), ds->sector + (s % 40), 0); // 0=free up
1583                // basepage[3] = ds->track + (s / 40);  // @@@@ debug
1584                // basepage[4] = ds->sector + (s % 40); // @@@@ debug
1585                          }
1586                // basepage[5] = (ds->size + 40) % 256; // @@@@ debug
1587                // basepage[6] = (ds->size + 40) / 256; // @@@@ debug
1588                        }
1589                #ifdef DEBUG
1590                        msprintf("deletedirententry done");
1591                        cputln();
1592                        cgetc();
1593                #endif
1594                        return;
1595                      }
1596                      pos++;
1597                    }
1598
1599                #ifdef DEBUG
1600                    if (ds->track > 0)  {
1601                      mprintf("direntry ", i);
1602                      mh4printf(" is: ", (long) &ds);
1603                      memcpy(dosfilename, ds->name, DOSFILENAMELEN);
1604                      dosfilename[DOSFILENAMELEN] = 0; // proper null termination
1605                      msprintf(" name ");
1606                //        msprintf((char *) dosfilename);
1607                      mprintf(" chntrk ", ds->chntrack);
1608                      mprintf(" chnsect ", ds->chnsector);
1609                      mhprintf(" type ", ds->type&0xf);
1610                      mprintf(" trk ", ds->track);
1611                      mprintf(" sect ", ds->sector);
1612                      mprintf(" size ", ds->size);
1613                      mhprintf(" access ", ds->access);
1614                      cputln();
1615                      cgetc();
1616                    }
1617                #endif
1618                  }
1619                //  messagebox(0, "entry not found");
1620                }
    \ 01f9 a20c                 ldx     #12
    \ 01fb a008                 ldy     #8
    \ 01fd 4c....               jmp     _DeallocStackRestore
    \ 0200 a900     `?L579`:    lda     #0
    \ 0202 85..                 sta     zp:_Zp+5
    \ 0204 20....               jsr     `?L1358`
    \ 0207 20....               jsr     `?L1461`
    \ 020a a5..                 lda     zp:_Zp+2
    \ 020c a304                 ldz     #4
    \ 020e 18                   clc
    \ 020f 72..                 adc     (_Zp+26),z
    \ 0211 20....               jsr     `?L1355`
    \ 0214 20....               jsr     _SpillZP
    \ 0217 02..                 .byte   2,_Zp+2
    \ 0219 20....               jsr     _SpillZP
    \ 021c 02..                 .byte   2,_Zp
    \ 021e 20....               jsr     `?L1358`
    \ 0221 20....               jsr     `?L1461`
    \ 0224 a5..                 lda     zp:_Zp
    \ 0226 3b                   dez
    \ 0227 18                   clc
    \ 0228 72..                 adc     (_Zp+26),z
    \ 022a 20....               jsr     _FillZP
    \ 022d 02..                 .byte   2,_Zp
    \ 022f 20....               jsr     _FillZP
    \ 0232 02..                 .byte   2,_Zp+2
    \ 0234 20....               jsr     BAMSectorUpdate
    \ 0237 e3..                 inw     zp:_Zp+24
    \ 0239 80a4                 bra     `?L580`
    \ 023b          `?L574`:
    \ 023b e6..                 inc     zp:_Zp+32
    \ 023d          `?L570`:
    \ 023d a5..                 lda     zp:_Zp+32
    \ 023f a001                 ldy     #1
    \ 0241 91..                 sta     (_Vsp),y
    \ 0243 e6..                 inc     zp:_Zp+29
    \ 0245 b1..                 lda     (_Vsp),y
    \ 0247 85..                 sta     zp:_Zp+32
    \ 0249 a5..                 lda     zp:_Zp+24
    \ 024b c8                   iny
    \ 024c 91..                 sta     (_Vsp),y
    \ 024e a5..                 lda     zp:_Zp+25
    \ 0250 88                   dey
    \ 0251 91..                 sta     (_Vsp),y
    \ 0253 a5..                 lda     zp:_Zp+1
    \ 0255 a00a                 ldy     #10
    \ 0257 91..                 sta     (_Vsp),y
    \ 0259 a5..                 lda     zp:_Zp
    \ 025b 4c....               jmp     `?L1327`
1621
1622                void swapdirententry(unsigned char side, unsigned int entry1,
1623                                                         unsigned int entry2)  {
    \ 0000                      .section code,text
    \ 0000                      .public swapdirententry
    \ 0000          swapdirententry:
    \ 0000 a200                 ldx     #0
    \ 0002 a011                 ldy     #17
    \ 0004 20....               jsr     _AllocStackSave
    \ 0007 85..                 sta     zp:_Zp+36
    \ 0009 a5..                 lda     zp:_Zp
    \ 000b 85..                 sta     zp:_Zp+34
    \ 000d a5..                 lda     zp:_Zp+1
    \ 000f 85..                 sta     zp:_Zp+35
    \ 0011 20....               jsr     `?L1424`
1624                  unsigned int i1;
1625                  unsigned int i2;
1626                  unsigned int pos;
1627                  DIRENT* ds;
1628                  DIRENT* dstemp;
1629                  unsigned int max = ENTRIESPERBLOCK;
    \ 0014 a908                 lda     #8
    \ 0016 85..                 sta     zp:_Zp+26
    \ 0018 a900                 lda     #0
    \ 001a 85..                 sta     zp:_Zp+27
1630
1631                  ds = &readdir_dirent->direntryblock[0];
1632                  dstemp = &readdir_dirent->direntryblock[1];
1633
1634                  // These two loops are to search/skip non-del items until the entry 
1635                  // matches:
1636                  for (i1 = 0, pos = 0; i1 < max; i1++)  {
    \ 001c 20....               jsr     `?L1475`
    \ 001f 85..                 sta     zp:_Zp+32
    \ 0021 8a                   txa
    \ 0022 6d....               adc     readdir_dirent+1
    \ 0025 85..                 sta     zp:_Zp+33
    \ 0027 18                   clc
    \ 0028 a9e0                 lda     #224
    \ 002a 6d....               adc     readdir_dirent
    \ 002d 85..                 sta     zp:_Zp+30
    \ 002f 8a                   txa
    \ 0030 6d....               adc     readdir_dirent+1
    \ 0033 85..                 sta     zp:_Zp+31
    \ 0035 8a                   txa
    \ 0036 85..                 sta     zp:_Zp+40
    \ 0038 85..                 sta     zp:_Zp+41
    \ 003a 85..                 sta     zp:_Zp+38
    \ 003c 85..                 sta     zp:_Zp+39
    \ 003e          `?L588`:
    \ 003e a5..                 lda     zp:_Zp+26
    \ 0040 85..                 sta     zp:_Zp+28
    \ 0042 a5..                 lda     zp:_Zp+27
    \ 0044 85..                 sta     zp:_Zp+29
    \ 0046 a5..                 lda     zp:_Zp+40
    \ 0048 c5..                 cmp     zp:_Zp+26
    \ 004a a5..                 lda     zp:_Zp+41
    \ 004c e5..                 sbc     zp:_Zp+27
    \ 004e b38100               lbcs    `?L590`
1637                    // lcopy(uint32_t source_address, uint32_t destination_address, uint16_t count);
1638                    lcopy(ATTICDIRENTBUFFER + side * ATTICDIRENTSIZE + i1 * DIRENTSIZE,
    \ 0051 a6..                 ldx     zp:_Zp+36
    \ 0053 20....               jsr     `?L1338`
    \ 0056 f005                 beq     `?L1199`
    \ 0058          `?L1200`:
    \ 0058 20....               jsr     `?L1395`
    \ 005b d0fb                 bne     `?L1200`
    \ 005d          `?L1199`:
    \ 005d 20....               jsr     _SpillZP
    \ 0060 04..                 .byte   4,_Zp+4
    \ 0062 20....               jsr     _FillQ
    \ 0065 20....               jsr     `?L1350`
    \ 0068 20....               jsr     `?L1460`
    \ 006b a5..                 lda     zp:_Zp+33
    \ 006d 85..                 sta     zp:_Zp+5
    \ 006f a5..                 lda     zp:_Zp+32
    \ 0071 85..                 sta     zp:_Zp+4
    \ 0073 98                   tya
    \ 0074 85..                 sta     zp:_Zp+6
    \ 0076 85..                 sta     zp:_Zp+7
    \ 0078 aa                   tax
    \ 0079 20....               jsr     `?L1383`
    \ 007c 48                   pha
    \ 007d da                   phx
    \ 007e 5a                   phy
    \ 007f db                   phz
    \ 0080 a5..                 lda     zp:_Zp+40
    \ 0082 85..                 sta     zp:_Zp
    \ 0084 a5..                 lda     zp:_Zp+41
    \ 0086 20....               jsr     `?L1392`
    \ 0089 f005                 beq     `?L1203`
    \ 008b          `?L1204`:
    \ 008b 20....               jsr     `?L1421`
    \ 008e d0fb                 bne     `?L1204`
    \ 0090 a900     `?L1203`:   lda     #0
    \ 0092 85..                 sta     zp:_Zp+2
    \ 0094 85..                 sta     zp:_Zp+3
    \ 0096 fb                   plz
    \ 0097 7a                   ply
    \ 0098 fa                   plx
    \ 0099 68                   pla
    \ 009a 20....               jsr     `?L1347`
1639                          (uint32_t) ds, DIRENTSIZE);
1640
1641                    if (ds->chntrack > 0)  max += ENTRIESPERBLOCK; // more attic pages
    \ 009d 88                   dey
    \ 009e b1..                 lda     (_Zp+32),y
    \ 00a0 f00d                 beq     `?L591`
    \ 00a2 a5..                 lda     zp:_Zp+26
    \ 00a4 18                   clc
    \ 00a5 6908                 adc     #8
    \ 00a7 85..                 sta     zp:_Zp+28
    \ 00a9 a5..                 lda     zp:_Zp+27
    \ 00ab 6900                 adc     #0
    \ 00ad 8006                 bra     `?L1329`
    \ 00af          `?L591`:
    \ 00af a5..                 lda     zp:_Zp+26
    \ 00b1 85..                 sta     zp:_Zp+28
    \ 00b3 a5..                 lda     zp:_Zp+27
    \ 00b5          `?L1329`:
    \ 00b5 85..                 sta     zp:_Zp+29
1642                    // if a non-deleted or a SD card file (hence no mask) ?
1643                    if (ds->type != VAL_DOSFTYPE_DEL || (option.option & OPTIONshowDEL))  {
    \ 00b7 a002                 ldy     #2
    \ 00b9 b1..                 lda     (_Zp+32),y
    \ 00bb d006                 bne     `?L596`
    \ 00bd 20....               jsr     `?L1480`
    \ 00c0 f30f02               lbeq    `?L589`
    \ 00c3          `?L596`:
1644                      if (pos == entry1)  { // found
    \ 00c3 a5..                 lda     zp:_Zp+34
    \ 00c5 c5..                 cmp     zp:_Zp+38
    \ 00c7 d30602               lbne    `?L598`
    \ 00ca a5..                 lda     zp:_Zp+35
    \ 00cc c5..                 cmp     zp:_Zp+39
    \ 00ce d3ff01               lbne    `?L598`
    \ 00d1          `?L590`:
1645                        break;
1646                      }
1647                      pos++;
1648                    }
1649                  }
1650
1651                  for (i2 = 0, pos = 0; i2 < max; i2++)  {
    \ 00d1 a900                 lda     #0
    \ 00d3 85..                 sta     zp:_Zp+34
    \ 00d5 85..                 sta     zp:_Zp+35
    \ 00d7 85..                 sta     zp:_Zp+26
    \ 00d9 85..                 sta     zp:_Zp+27
    \ 00db          `?L602`:
    \ 00db a5..                 lda     zp:_Zp+34
    \ 00dd c5..                 cmp     zp:_Zp+28
    \ 00df a5..                 lda     zp:_Zp+35
    \ 00e1 e5..                 sbc     zp:_Zp+29
    \ 00e3 b06e                 bcs     `?L604`
1652                    // lcopy(uint32_t source_address, uint32_t destination_address, uint16_t count);
1653                    lcopy(ATTICDIRENTBUFFER + side * ATTICDIRENTSIZE + i2 * DIRENTSIZE,
    \ 00e5 a6..                 ldx     zp:_Zp+36
    \ 00e7 20....               jsr     `?L1338`
    \ 00ea f005                 beq     `?L1209`
    \ 00ec          `?L1210`:
    \ 00ec 20....               jsr     `?L1395`
    \ 00ef d0fb                 bne     `?L1210`
    \ 00f1          `?L1209`:
    \ 00f1 20....               jsr     _SpillZP
    \ 00f4 04..                 .byte   4,_Zp+4
    \ 00f6 20....               jsr     _FillQ
    \ 00f9 20....               jsr     `?L1350`
    \ 00fc 20....               jsr     `?L1460`
    \ 00ff a5..                 lda     zp:_Zp+33
    \ 0101 85..                 sta     zp:_Zp+5
    \ 0103 a5..                 lda     zp:_Zp+32
    \ 0105 85..                 sta     zp:_Zp+4
    \ 0107 98                   tya
    \ 0108 85..                 sta     zp:_Zp+6
    \ 010a 85..                 sta     zp:_Zp+7
    \ 010c aa                   tax
    \ 010d 20....               jsr     `?L1383`
    \ 0110 48                   pha
    \ 0111 da                   phx
    \ 0112 5a                   phy
    \ 0113 db                   phz
    \ 0114 a5..                 lda     zp:_Zp+34
    \ 0116 85..                 sta     zp:_Zp
    \ 0118 a5..                 lda     zp:_Zp+35
    \ 011a 20....               jsr     `?L1392`
    \ 011d f005                 beq     `?L1213`
    \ 011f          `?L1214`:
    \ 011f 20....               jsr     `?L1421`
    \ 0122 d0fb                 bne     `?L1214`
    \ 0124 a900     `?L1213`:   lda     #0
    \ 0126 85..                 sta     zp:_Zp+2
    \ 0128 85..                 sta     zp:_Zp+3
    \ 012a fb                   plz
    \ 012b 7a                   ply
    \ 012c fa                   plx
    \ 012d 68                   pla
    \ 012e 20....               jsr     `?L1347`
1654                          (uint32_t) ds, DIRENTSIZE);
1655
1656                    if (ds->chntrack > 0)  max += ENTRIESPERBLOCK; // more attic pages
    \ 0131 88                   dey
    \ 0132 b1..                 lda     (_Zp+32),y
    \ 0134 f003                 beq     `?L606`
    \ 0136 20....               jsr     `?L1446`
    \ 0139          `?L606`:
1657                    // if a non-deleted or a SD card file (hence no mask) ?
1658                    if (ds->type != VAL_DOSFTYPE_DEL || (option.option & OPTIONshowDEL))  {
    \ 0139 a002                 ldy     #2
    \ 013b b1..                 lda     (_Zp+32),y
    \ 013d d006                 bne     `?L610`
    \ 013f 20....               jsr     `?L1480`
    \ 0142 f38601               lbeq    `?L603`
    \ 0145          `?L610`:
1659                      if (pos == entry2)  { // found
    \ 0145 a5..                 lda     zp:_Zp+24
    \ 0147 c5..                 cmp     zp:_Zp+26
    \ 0149 d37d01               lbne    `?L612`
    \ 014c a5..                 lda     zp:_Zp+25
    \ 014e c5..                 cmp     zp:_Zp+27
    \ 0150 d37601               lbne    `?L612`
    \ 0153          `?L604`:
1660                        break;
1661                      }
1662                      pos++;
1663                    }
1664                  }
1665
1666                  // Temporarily dump first dirent into data block not in use. From v0.6.6
1667                  // this is leaving the first two bytes alone which are the blockchain:
1668                  lcopy((ATTICDIRENTBUFFER + side * ATTICDIRENTSIZE + i1 * DIRENTSIZE) + 2,
    \ 0153 a6..                 ldx     zp:_Zp+36
    \ 0155 20....               jsr     `?L1338`
    \ 0158 f005                 beq     `?L1219`
    \ 015a          `?L1220`:
    \ 015a 20....               jsr     `?L1395`
    \ 015d d0fb                 bne     `?L1220`
    \ 015f          `?L1219`:
    \ 015f 20....               jsr     _SpillZP
    \ 0162 04..                 .byte   4,_Zp+4
    \ 0164 20....               jsr     _FillQ
    \ 0167 20....               jsr     `?L1350`
    \ 016a a91e                 lda     #30
    \ 016c 91..                 sta     (_Vsp),y
    \ 016e a5..                 lda     zp:_Zp+31
    \ 0170 85..                 sta     zp:_Zp+5
    \ 0172 a5..                 lda     zp:_Zp+30
    \ 0174 85..                 sta     zp:_Zp+4
    \ 0176 98                   tya
    \ 0177 85..                 sta     zp:_Zp+6
    \ 0179 85..                 sta     zp:_Zp+7
    \ 017b aa                   tax
    \ 017c 20....               jsr     `?L1383`
    \ 017f 48                   pha
    \ 0180 da                   phx
    \ 0181 5a                   phy
    \ 0182 db                   phz
    \ 0183 a5..                 lda     zp:_Zp+40
    \ 0185 85..                 sta     zp:_Zp
    \ 0187 a5..                 lda     zp:_Zp+41
    \ 0189 20....               jsr     `?L1392`
    \ 018c f005                 beq     `?L1223`
    \ 018e          `?L1224`:
    \ 018e 20....               jsr     `?L1421`
    \ 0191 d0fb                 bne     `?L1224`
    \ 0193 a900     `?L1223`:   lda     #0
    \ 0195 85..                 sta     zp:_Zp+2
    \ 0197 85..                 sta     zp:_Zp+3
    \ 0199 fb                   plz
    \ 019a 7a                   ply
    \ 019b fa                   plx
    \ 019c 68                   pla
    \ 019d 20....               jsr     `?L1384`
    \ 01a0 42421a               inq     q
    \ 01a3 42421a               inq     q
    \ 01a6 424285..             stq     zp:_Zp
    \ 01aa 20....               jsr     lcopy
    \ 01ad a001                 ldy     #1
    \ 01af 20....               jsr     _IncVsp
1669                        (uint32_t) dstemp, DIRENTSIZE - 2);
1670                  // Copy second one in first:
1671                  lcopy((ATTICDIRENTBUFFER + side * ATTICDIRENTSIZE + i2 * DIRENTSIZE) + 2,
    \ 01b2 a6..                 ldx     zp:_Zp+36
    \ 01b4 20....               jsr     `?L1338`
    \ 01b7 f005                 beq     `?L1228`
    \ 01b9          `?L1229`:
    \ 01b9 20....               jsr     `?L1395`
    \ 01bc d0fb                 bne     `?L1229`
    \ 01be          `?L1228`:
    \ 01be a6..                 ldx     zp:_Zp+36
    \ 01c0 20....               jsr     `?L1486`
    \ 01c3 20....               jsr     `?L1401`
    \ 01c6 20....               jsr     `?L1433`
    \ 01c9 f007                 beq     `?L1231`
    \ 01cb          `?L1232`:
    \ 01cb 424206..             aslq    zp:_Zp+12
    \ 01cf ca                   dex
    \ 01d0 d0f9                 bne     `?L1232`
    \ 01d2          `?L1231`:
    \ 01d2 20....               jsr     _SpillZP
    \ 01d5 04..                 .byte   4,_Zp+4
    \ 01d7 20....               jsr     _FillQ
    \ 01da 38                   sec
    \ 01db 4242e5..             sbcq    zp:_Zp
    \ 01df 424285..             stq     zp:_Zp+16
    \ 01e3 20....               jsr     _SpillZP
    \ 01e6 04..                 .byte   4,_Zp+12
    \ 01e8 20....               jsr     _FillQ
    \ 01eb 38                   sec
    \ 01ec 4242e5..             sbcq    zp:_Zp+8
    \ 01f0 20....               jsr     `?L1351`
    \ 01f3 a91e                 lda     #30
    \ 01f5 91..                 sta     (_Vsp),y
    \ 01f7 a900                 lda     #0
    \ 01f9 aa                   tax
    \ 01fa 20....               jsr     `?L1383`
    \ 01fd 48                   pha
    \ 01fe da                   phx
    \ 01ff 5a                   phy
    \ 0200 db                   phz
    \ 0201 a905                 lda     #5
    \ 0203 aa                   tax
    \ 0204 f006                 beq     `?L1235`
    \ 0206          `?L1236`:
    \ 0206 cb....               asw     _Zp+40
    \ 0209 ca                   dex
    \ 020a d0fa                 bne     `?L1236`
    \ 020c          `?L1235`:
    \ 020c a5..                 lda     zp:_Zp+41
    \ 020e 85..                 sta     zp:_Zp+1
    \ 0210 a5..                 lda     zp:_Zp+40
    \ 0212 85..                 sta     zp:_Zp
    \ 0214 a900                 lda     #0
    \ 0216 85..                 sta     zp:_Zp+2
    \ 0218 85..                 sta     zp:_Zp+3
    \ 021a fb                   plz
    \ 021b 7a                   ply
    \ 021c fa                   plx
    \ 021d 68                   pla
    \ 021e 20....               jsr     `?L1384`
    \ 0221 42421a               inq     q
    \ 0224 42421a               inq     q
    \ 0227 424285..             stq     zp:_Zp+4
    \ 022b a900                 lda     #0
    \ 022d aa                   tax
    \ 022e a8                   tay
    \ 022f a308                 ldz     #8
    \ 0231 18                   clc
    \ 0232 424265..             adcq    zp:_Zp+16
    \ 0236 48                   pha
    \ 0237 da                   phx
    \ 0238 5a                   phy
    \ 0239 db                   phz
    \ 023a a5..                 lda     zp:_Zp+34
    \ 023c 85..                 sta     zp:_Zp
    \ 023e a5..                 lda     zp:_Zp+35
    \ 0240 20....               jsr     `?L1392`
    \ 0243 f005                 beq     `?L1238`
    \ 0245          `?L1239`:
    \ 0245 20....               jsr     `?L1421`
    \ 0248 d0fb                 bne     `?L1239`
    \ 024a a900     `?L1238`:   lda     #0
    \ 024c 85..                 sta     zp:_Zp+2
    \ 024e 85..                 sta     zp:_Zp+3
    \ 0250 fb                   plz
    \ 0251 7a                   ply
    \ 0252 fa                   plx
    \ 0253 68                   pla
    \ 0254 20....               jsr     `?L1384`
    \ 0257 42421a               inq     q
    \ 025a 42421a               inq     q
    \ 025d 424285..             stq     zp:_Zp
    \ 0261 20....               jsr     lcopy
    \ 0264 a001                 ldy     #1
    \ 0266 20....               jsr     _IncVsp
1672                        (ATTICDIRENTBUFFER + side * ATTICDIRENTSIZE + i1 * DIRENTSIZE) + 2,
1673                        DIRENTSIZE - 2);
1674                  // Now temporary in second:
1675                  lcopy((uint32_t) dstemp,
    \ 0269 a6..                 ldx     zp:_Zp+36
    \ 026b 20....               jsr     `?L1338`
    \ 026e f005                 beq     `?L1243`
    \ 0270          `?L1244`:
    \ 0270 20....               jsr     `?L1395`
    \ 0273 d0fb                 bne     `?L1244`
    \ 0275          `?L1243`:
    \ 0275 20....               jsr     _SpillZP
    \ 0278 04..                 .byte   4,_Zp+4
    \ 027a 20....               jsr     _FillQ
    \ 027d 20....               jsr     `?L1350`
    \ 0280 a91e                 lda     #30
    \ 0282 91..                 sta     (_Vsp),y
    \ 0284 a900                 lda     #0
    \ 0286 aa                   tax
    \ 0287 20....               jsr     `?L1383`
    \ 028a 48                   pha
    \ 028b da                   phx
    \ 028c 5a                   phy
    \ 028d db                   phz
    \ 028e a905                 lda     #5
    \ 0290 aa                   tax
    \ 0291 f006                 beq     `?L1247`
    \ 0293          `?L1248`:
    \ 0293 cb....               asw     _Zp+34
    \ 0296 ca                   dex
    \ 0297 d0fa                 bne     `?L1248`
    \ 0299          `?L1247`:
    \ 0299 a5..                 lda     zp:_Zp+35
    \ 029b 85..                 sta     zp:_Zp+1
    \ 029d a5..                 lda     zp:_Zp+34
    \ 029f 85..                 sta     zp:_Zp
    \ 02a1 a900                 lda     #0
    \ 02a3 85..                 sta     zp:_Zp+2
    \ 02a5 85..                 sta     zp:_Zp+3
    \ 02a7 fb                   plz
    \ 02a8 7a                   ply
    \ 02a9 fa                   plx
    \ 02aa 68                   pla
    \ 02ab 20....               jsr     `?L1384`
    \ 02ae 42421a               inq     q
    \ 02b1 42421a               inq     q
    \ 02b4 424285..             stq     zp:_Zp+4
    \ 02b8 a5..                 lda     zp:_Zp+30
    \ 02ba 85..                 sta     zp:_Zp
    \ 02bc a5..                 lda     zp:_Zp+31
    \ 02be 85..                 sta     zp:_Zp+1
    \ 02c0 20....               jsr     `?L1356`
1676                        (ATTICDIRENTBUFFER + side * ATTICDIRENTSIZE + i2 * DIRENTSIZE) + 2,
1677                        DIRENTSIZE - 2);
1678
1679                //  cgetc();
1680                }
    \ 02c3 a011                 ldy     #17
    \ 02c5 4c....               jmp     _RestoreRegisters
    \ 02c8          `?L612`:
    \ 02c8 e3..                 inw     zp:_Zp+26
    \ 02ca          `?L603`:
    \ 02ca e3..                 inw     zp:_Zp+34
    \ 02cc 4c....               jmp     `?L602`
    \ 02cf          `?L598`:
    \ 02cf e3..                 inw     zp:_Zp+38
    \ 02d1          `?L589`:
    \ 02d1 e3..                 inw     zp:_Zp+40
    \ 02d3 a5..                 lda     zp:_Zp+28
    \ 02d5 85..                 sta     zp:_Zp+26
    \ 02d7 a5..                 lda     zp:_Zp+29
    \ 02d9 85..                 sta     zp:_Zp+27
    \ 02db 4c....               jmp     `?L588`
1681
1682                // @@@@ this deletes all dirents and completely saves them back as new,
1683                // @@@@ thus should be changed at some point:
1684                void rewritedirent(unsigned char legacyHDOSstate,
1685                                   unsigned char drive, unsigned char side,
1686                                   unsigned char dirtrack,
1687                                   unsigned char firsttrack, unsigned char lasttrack)  {
    \ 0000                      .section code,text
    \ 0000                      .public rewritedirent
    \ 0000          rewritedirent:
    \ 0000 a2fe                 ldx     #254
    \ 0002 20....               jsr     `?L1497`
    \ 0005 85..                 sta     zp:_Zp+29
    \ 0007 a5..                 lda     zp:_Zp
    \ 0009 85..                 sta     zp:_Zp+28
    \ 000b a5..                 lda     zp:_Zp+1
    \ 000d 85..                 sta     zp:_Zp+27
    \ 000f a5..                 lda     zp:_Zp+2
    \ 0011 85..                 sta     zp:_Zp+26
    \ 0013 a5..                 lda     zp:_Zp+3
    \ 0015 85..                 sta     zp:_Zp+25
    \ 0017 a5..                 lda     zp:_Zp+4
    \ 0019 85..                 sta     zp:_Zp+24
1688                  unsigned char starttrack;
1689                  unsigned char startsector;
1690
1691                  if (deleteblockchain(legacyHDOSstate, drive, dirtrack,
1692                                       dirtrack, DIRENTSECT))  {
    \ 001b a903                 lda     #3
    \ 001d 85..                 sta     zp:_Zp+3
    \ 001f a5..                 lda     zp:_Zp+26
    \ 0021 85..                 sta     zp:_Zp+2
    \ 0023 a5..                 lda     zp:_Zp+26
    \ 0025 85..                 sta     zp:_Zp+1
    \ 0027 a5..                 lda     zp:_Zp+28
    \ 0029 85..                 sta     zp:_Zp
    \ 002b a5..                 lda     zp:_Zp+29
    \ 002d 20....               jsr     deleteblockchain
    \ 0030 aa                   tax
    \ 0031 f025                 beq     `?L618`
1693                    messagebox(MBOXNOCANCEL, "Updating directory,",
    \ 0033 20....               jsr     `?L1467`
    \ 0036 20....               jsr     `?L1354`
    \ 0039 91..                 sta     (_Vsp),y
    \ 003b 88                   dey
    \ 003c 91..                 sta     (_Vsp),y
    \ 003e 20....               jsr     `?L1422`
    \ 0041 a9..                 lda     #.byte0 `_StringLiteral_fatal error`
    \ 0043 85..                 sta     zp:_Zp+2
    \ 0045 a9..                 lda     #.byte1 `_StringLiteral_fatal error`
    \ 0047 85..                 sta     zp:_Zp+3
    \ 0049 a9..                 lda     #.byte0 `_StringLiteral_Updating directory,`
    \ 004b 85..                 sta     zp:_Zp
    \ 004d a9..                 lda     #.byte1 `_StringLiteral_Updating directory,`
    \ 004f 85..                 sta     zp:_Zp+1
    \ 0051 a904                 lda     #4
    \ 0053 20....               jsr     `?L1437`
    \ 0056 8069                 bra     `?L617`
    \ 0058          `?L618`:
1694                               "fatal error",
1695                               " ", 0);
1696                  } else {
1697                    writeblockchain(legacyHDOSstate,
    \ 0058 a6..                 ldx     zp:_Zp+27
    \ 005a 20....               jsr     `?L1338`
    \ 005d f005                 beq     `?L1270`
    \ 005f          `?L1271`:
    \ 005f 20....               jsr     `?L1395`
    \ 0062 d0fb                 bne     `?L1271`
    \ 0064          `?L1270`:
    \ 0064 20....               jsr     _SpillZP
    \ 0067 04..                 .byte   4,_Zp+4
    \ 0069 20....               jsr     _FillQ
    \ 006c 38                   sec
    \ 006d 4242e5..             sbcq    zp:_Zp
    \ 0071 424285..             stq     zp:_Zp
    \ 0075 a9f9                 lda     #-7
    \ 0077 20....               jsr     _DecVsp
    \ 007a a5..                 lda     zp:_Zp+24
    \ 007c a006                 ldy     #6
    \ 007e 91..                 sta     (_Vsp),y
    \ 0080 a5..                 lda     zp:_Zp+25
    \ 0082 88                   dey
    \ 0083 91..                 sta     (_Vsp),y
    \ 0085 a901                 lda     #1
    \ 0087 88                   dey
    \ 0088 91..                 sta     (_Vsp),y
    \ 008a a2..                 ldx     #_Zp+4
    \ 008c a908                 lda     #8
    \ 008e 20....               jsr     `?L1442`
    \ 0091 a907                 lda     #7
    \ 0093 20....               jsr     `?L1442`
    \ 0096 a5..                 lda     zp:_Zp+26
    \ 0098 85..                 sta     zp:_Zp+7
    \ 009a a5..                 lda     zp:_Zp+28
    \ 009c 85..                 sta     zp:_Zp+6
    \ 009e a91f                 lda     #31
    \ 00a0 85..                 sta     zp:_Zp+4
    \ 00a2 a900                 lda     #0
    \ 00a4 85..                 sta     zp:_Zp+5
    \ 00a6 a200                 ldx     #0
    \ 00a8 20....               jsr     `?L1383`
    \ 00ab 424285..             stq     zp:_Zp
    \ 00af a5..                 lda     zp:_Zp+29
    \ 00b1 20....               jsr     writeblockchain
    \ 00b4 a006                 ldy     #6
    \ 00b6 20....               jsr     _IncVsp
1698                                    ATTICDIRENTBUFFER + side * ATTICDIRENTSIZE,
1699                                    DIRENTBLOCKS, drive,
1700                                    &starttrack, &startsector,
1701                                    dirtrack, TRUE, firsttrack, lasttrack);
1702                    PutBAM(legacyHDOSstate, drive, side, dirtrack);
    \ 00b9 a5..                 lda     zp:_Zp+26
    \ 00bb 20....               jsr     `?L1399`
    \ 00be 20....               jsr     PutBAM
    \ 00c1          `?L617`:
1703                  }
1704                }
    \ 00c1 a202                 ldx     #2
    \ 00c3 a005                 ldy     #5
    \ 00c5 4c....               jmp     _DeallocStackRestore
1705
1706                void renamedisk(unsigned char legacyHDOSstate,
1707                                unsigned char drive, unsigned char side,
1708                                unsigned char dirtrack,
1709                                char* name)  {
    \ 0000                      .section code,text
    \ 0000                      .public renamedisk
    \ 0000          renamedisk:
    \ 0000 20....               jsr     `?L1429`
    \ 0003 85..                 sta     zp:_Zp+30
    \ 0005 a5..                 lda     zp:_Zp
    \ 0007 85..                 sta     zp:_Zp+29
    \ 0009 a5..                 lda     zp:_Zp+2
    \ 000b 85..                 sta     zp:_Zp+28
    \ 000d a5..                 lda     zp:_Zp+4
    \ 000f 85..                 sta     zp:_Zp+26
    \ 0011 a5..                 lda     zp:_Zp+5
    \ 0013 85..                 sta     zp:_Zp+27
1710                  HEADER* hs;
1711                  hs = (HEADER *) worksector[0]; // misuse data sector
1712
1713                  if (GetOneSector(legacyHDOSstate,
1714                                   (BAM *) hs, drive, dirtrack, HEADERSECT) < 2)  {
    \ 0015 20....               jsr     `?L1425`
    \ 0018 8a                   txa
    \ 0019 85..                 sta     zp:_Zp+4
    \ 001b a5..                 lda     zp:_Zp+28
    \ 001d 85..                 sta     zp:_Zp+3
    \ 001f a5..                 lda     zp:_Zp+29
    \ 0021 85..                 sta     zp:_Zp+2
    \ 0023 20....               jsr     `?L1358`
    \ 0026 a5..                 lda     zp:_Zp+30
    \ 0028 20....               jsr     GetOneSector
    \ 002b c902                 cmp     #2
    \ 002d b040                 bcs     `?L624`
1715                    strcopy(name, (char *) hs->diskname, 16);
    \ 002f a5..                 lda     zp:_Zp+24
    \ 0031 85..                 sta     zp:_Zp+2
    \ 0033 a5..                 lda     zp:_Zp+25
    \ 0035 20....               jsr     `?L1474`
    \ 0038 20....               jsr     `?L1444`
    \ 003b a910                 lda     #16
    \ 003d 20....               jsr     strcopy
1716                    if (PutOneSector(legacyHDOSstate,
1717                                     (BAM *) hs, drive, dirtrack, HEADERSECT) > 2)  {
    \ 0040 20....               jsr     `?L1465`
    \ 0043 a5..                 lda     zp:_Zp+28
    \ 0045 85..                 sta     zp:_Zp+3
    \ 0047 a5..                 lda     zp:_Zp+29
    \ 0049 85..                 sta     zp:_Zp+2
    \ 004b 20....               jsr     `?L1358`
    \ 004e 20....               jsr     `?L1491`
    \ 0051 85..                 sta     zp:_Zp
    \ 0053 a302                 ldz     #2
    \ 0055 d4..                 cpz     zp:_Zp
    \ 0057 b039                 bcs     `?L623`
1718                      messagebox(MBOXNOCANCEL, "Renaming subpartition,",
    \ 0059 20....               jsr     `?L1467`
    \ 005c 20....               jsr     `?L1354`
    \ 005f 91..                 sta     (_Vsp),y
    \ 0061 88                   dey
    \ 0062 91..                 sta     (_Vsp),y
    \ 0064 20....               jsr     `?L1422`
    \ 0067 a9..                 lda     #.byte0 `_StringLiteral_write error`
    \ 0069 85..                 sta     zp:_Zp+2
    \ 006b a9..                 lda     #.byte1 `_StringLiteral_write error`
    \ 006d 8014                 bra     `?L1332`
    \ 006f          `?L624`:
1719                                 "write error",
1720                                 " ", 0);
1721                    }
1722                  } else {
1723                    messagebox(MBOXNOCANCEL, "Renaming subpartition,",
    \ 006f 20....               jsr     `?L1467`
    \ 0072 20....               jsr     `?L1354`
    \ 0075 91..                 sta     (_Vsp),y
    \ 0077 88                   dey
    \ 0078 91..                 sta     (_Vsp),y
    \ 007a 20....               jsr     `?L1422`
    \ 007d a9..                 lda     #.byte0 `_StringLiteral_read error`
    \ 007f 85..                 sta     zp:_Zp+2
    \ 0081 a9..                 lda     #.byte1 `_StringLiteral_read error`
    \ 0083          `?L1332`:
    \ 0083 85..                 sta     zp:_Zp+3
    \ 0085 a9..                 lda     #.byte0 `_StringLiteral_Renaming subpartition,`
    \ 0087 85..                 sta     zp:_Zp
    \ 0089 a9..                 lda     #.byte1 `_StringLiteral_Renaming subpartition,`
    \ 008b 85..                 sta     zp:_Zp+1
    \ 008d a904                 lda     #4
    \ 008f 20....               jsr     `?L1437`
    \ 0092          `?L623`:
1724                               "read error",
1725                               " ", 0);
1726                  }
1727                }
    \ 0092 a006                 ldy     #6
    \ 0094 4c....               jmp     _RestoreRegisters
    \ 0000                      .section code,text
    \ 0000          `?L1337`:
    \ 0000 a6..                 ldx     zp:_Zp+8
    \ 0002 86..                 stx     zp:_Zp+6
    \ 0004 a900                 lda     #0
    \ 0006 85..                 sta     zp:_Zp+7
    \ 0008 cb....               asw     _Zp+6
    \ 000b a5..                 lda     zp:_Zp+6
    \ 000d 85..                 sta     zp:_Zp
    \ 000f cb....               asw     _Zp+6
    \ 0012 a5..                 lda     zp:_Zp+6
    \ 0014 18                   clc
    \ 0015 65..                 adc     zp:_Zp
    \ 0017 85..                 sta     zp:_Zp
    \ 0019 a5..                 lda     zp:_Zp+2
    \ 001b 18                   clc
    \ 001c 6910                 adc     #16
    \ 001e 85..                 sta     zp:_Zp+6
    \ 0020 a5..                 lda     zp:_Zp+3
    \ 0022 6900                 adc     #0
    \ 0024 85..                 sta     zp:_Zp+7
    \ 0026 18                   clc
    \ 0027 a5..                 lda     zp:_Zp+6
    \ 0029 65..                 adc     zp:_Zp
    \ 002b 85..                 sta     zp:_Zp+6
    \ 002d 60                   rts
    \ 0000                      .section code,text
    \ 0000          `?L1338`:
    \ 0000 86..                 stx     zp:_Zp
    \ 0002 a900     `?L1339`:   lda     #0
    \ 0004 85..                 sta     zp:_Zp+1
    \ 0006 85..                 sta     zp:_Zp+3
    \ 0008 a5..                 lda     zp:_Zp+1
    \ 000a 85..                 sta     zp:_Zp+2
    \ 000c a5..                 lda     zp:_Zp
    \ 000e 85..                 sta     zp:_Zp+1
    \ 0010 a900                 lda     #0
    \ 0012          `?L1340`:
    \ 0012 85..                 sta     zp:_Zp
    \ 0014 4242a5..             ldq     zp:_Zp
    \ 0018 424285..             stq     zp:_Zp+4
    \ 001c a905                 lda     #5
    \ 001e aa                   tax
    \ 001f 60                   rts
    \ 0000                      .section code,text
    \ 0000          `?L1341`:
    \ 0000 91..                 sta     (_Zp),y
    \ 0002 a5..                 lda     zp:_Zp+4
    \ 0004 85..                 sta     zp:_Zp
    \ 0006 a5..                 lda     zp:_Zp+5
    \ 0008 85..                 sta     zp:_Zp+1
    \ 000a e3..                 inw     zp:_Zp+4
    \ 000c a5..                 lda     zp:_Zp
    \ 000e 18                   clc
    \ 000f 69..                 adc     #.byte0 s
    \ 0011 85..                 sta     zp:_Zp
    \ 0013 a5..                 lda     zp:_Zp+1
    \ 0015 69..                 adc     #.byte1 s
    \ 0017 85..                 sta     zp:_Zp+1
    \ 0019 60                   rts
    \ 0000                      .section code,text
    \ 0000          `?L1342`:
    \ 0000 a6..                 ldx     zp:_Zp+4
    \ 0002 86..                 stx     zp:_Zp+2
    \ 0004 a900                 lda     #0
    \ 0006          `?L1343`:
    \ 0006 85..                 sta     zp:_Zp+3
    \ 0008 cb....               asw     _Zp+2
    \ 000b a5..                 lda     zp:_Zp+2
    \ 000d 85..                 sta     zp:_Zp
    \ 000f cb....               asw     _Zp+2
    \ 0012 a5..                 lda     zp:_Zp+2
    \ 0014 18                   clc
    \ 0015 65..                 adc     zp:_Zp
    \ 0017 85..                 sta     zp:_Zp
    \ 0019 a5..                 lda     zp:_Zp+24
    \ 001b 18                   clc
    \ 001c 6910                 adc     #16
    \ 001e 85..                 sta     zp:_Zp+2
    \ 0020 a5..                 lda     zp:_Zp+25
    \ 0022 6900                 adc     #0
    \ 0024 60                   rts
    \ 0000                      .section code,text
    \ 0000          `?L1344`:
    \ 0000 a6..                 ldx     zp:_Zp+1
    \ 0002 86..                 stx     zp:_Zp+4
    \ 0004 a900                 lda     #0
    \ 0006 85..                 sta     zp:_Zp+5
    \ 0008 cb....               asw     _Zp+4
    \ 000b a5..                 lda     zp:_Zp+4
    \ 000d 85..                 sta     zp:_Zp+2
    \ 000f cb....               asw     _Zp+4
    \ 0012 a5..                 lda     zp:_Zp+4
    \ 0014 18                   clc
    \ 0015 65..                 adc     zp:_Zp+2
    \ 0017 85..                 sta     zp:_Zp+2
    \ 0019 a5..                 lda     zp:_Zp+8
    \ 001b 18                   clc
    \ 001c 6910                 adc     #16
    \ 001e 85..                 sta     zp:_Zp+4
    \ 0020 a5..                 lda     zp:_Zp+9
    \ 0022 6900                 adc     #0
    \ 0024 85..                 sta     zp:_Zp+5
    \ 0026 a5..                 lda     zp:_Zp+2
    \ 0028 85..                 sta     zp:_Zp+1
    \ 002a 18                   clc
    \ 002b a5..                 lda     zp:_Zp+4
    \ 002d 65..                 adc     zp:_Zp+1
    \ 002f 85..                 sta     zp:_Zp+4
    \ 0031 60                   rts
    \ 0000                      .section code,text
    \ 0000 a9fe     `?L1345`:   lda     #-2
    \ 0002 20....               jsr     _DecVsp
    \ 0005 a001                 ldy     #1
    \ 0007 a901                 lda     #1
    \ 0009 91..                 sta     (_Vsp),y
    \ 000b 88                   dey
    \ 000c a900                 lda     #0
    \ 000e 91..                 sta     (_Vsp),y
    \ 0010 60                   rts
    \ 0000                      .section code,text
    \ 0000 18       `?L1347`:   clc
    \ 0001 424265..             adcq    zp:_Zp
    \ 0005 424285..             stq     zp:_Zp
    \ 0009 20....               jsr     lcopy
    \ 000c a001                 ldy     #1
    \ 000e 4c....               jmp     _IncVsp
    \ 0000                      .section code,text
    \ 0000          `?L1349`:
    \ 0000 a6..                 ldx     zp:_Zp+9
    \ 0002 86..                 stx     zp:_Zp+2
    \ 0004 a900                 lda     #0
    \ 0006 85..                 sta     zp:_Zp+3
    \ 0008 cb....               asw     _Zp+2
    \ 000b a5..                 lda     zp:_Zp+2
    \ 000d 85..                 sta     zp:_Zp
    \ 000f cb....               asw     _Zp+2
    \ 0012 a5..                 lda     zp:_Zp+2
    \ 0014 18                   clc
    \ 0015 65..                 adc     zp:_Zp
    \ 0017 85..                 sta     zp:_Zp
    \ 0019 a5..                 lda     zp:_Zp+14
    \ 001b 18                   clc
    \ 001c 6910                 adc     #16
    \ 001e 85..                 sta     zp:_Zp+2
    \ 0020 a5..                 lda     zp:_Zp+15
    \ 0022 6900                 adc     #0
    \ 0024 85..                 sta     zp:_Zp+3
    \ 0026 18                   clc
    \ 0027 a5..                 lda     zp:_Zp+2
    \ 0029 65..                 adc     zp:_Zp
    \ 002b 85..                 sta     zp:_Zp+2
    \ 002d 60                   rts
    \ 0000                      .section code,text
    \ 0000 38       `?L1350`:   sec
    \ 0001 4242e5..             sbcq    zp:_Zp
    \ 0005          `?L1351`:
    \ 0005 424285..             stq     zp:_Zp
    \ 0009 a9fe     `?L1352`:   lda     #-2
    \ 000b 20....               jsr     _DecVsp
    \ 000e a001                 ldy     #1
    \ 0010 a900     `?L1354`:   lda     #0
    \ 0012 91..                 sta     (_Vsp),y
    \ 0014 88                   dey
    \ 0015 60                   rts
    \ 0000                      .section code,text
    \ 0000          `?L1355`:
    \ 0000 85..                 sta     zp:_Zp+4
    \ 0002 ad....               lda     BAMsector+2
    \ 0005 85..                 sta     zp:_Zp+2
    \ 0007 ad....               lda     BAMsector+3
    \ 000a 85..                 sta     zp:_Zp+3
    \ 000c ad....               lda     BAMsector
    \ 000f 85..                 sta     zp:_Zp
    \ 0011 ad....               lda     BAMsector+1
    \ 0014 85..                 sta     zp:_Zp+1
    \ 0016 60                   rts
    \ 0000                      .section code,text
    \ 0000 a900     `?L1356`:   lda     #0
    \ 0002 85..                 sta     zp:_Zp+2
    \ 0004 85..                 sta     zp:_Zp+3
    \ 0006 20....               jsr     lcopy
    \ 0009 a001                 ldy     #1
    \ 000b 4c....               jmp     _IncVsp
    \ 0000                      .section code,text
    \ 0000          `?L1358`:
    \ 0000 a5..                 lda     zp:_Zp+24
    \ 0002 85..                 sta     zp:_Zp
    \ 0004 a5..                 lda     zp:_Zp+25
    \ 0006 85..                 sta     zp:_Zp+1
    \ 0008 60                   rts
    \ 0000                      .section code,text
    \ 0000          `?L1359`:
    \ 0000 b1..                 lda     (_Vsp),y
    \ 0002 85..                 sta     zp:_Zp
    \ 0004 c8                   iny
    \ 0005          `?L1360`:
    \ 0005 b1..                 lda     (_Vsp),y
    \ 0007 85..                 sta     zp:_Zp+1
    \ 0009 60                   rts
    \ 0000                      .section code,text
    \ 0000          `?L1361`:
    \ 0000 85..                 sta     zp:_Zp+1
    \ 0002 20....               jsr     mprintfd
    \ 0005 a6..                 ldx     zp:_Zp+26
    \ 0007 86..                 stx     zp:_Zp+4
    \ 0009 a900                 lda     #0
    \ 000b 85..                 sta     zp:_Zp+5
    \ 000d 85..                 sta     zp:_Zp+6
    \ 000f 85..                 sta     zp:_Zp+7
    \ 0011 a9..                 lda     #.byte0 `_StringLiteral_ Sector=`
    \ 0013 85..                 sta     zp:_Zp
    \ 0015 a9..                 lda     #.byte1 `_StringLiteral_ Sector=`
    \ 0017 85..                 sta     zp:_Zp+1
    \ 0019 20....               jsr     mprintfd
    \ 001c 4c....               jmp     cputlnd
    \ 0000                      .section code,text
    \ 0000          `?L1364`:
    \ 0000 cb....               asw     _Zp+2
    \ 0003 a5..                 lda     zp:_Zp+2
    \ 0005 85..                 sta     zp:_Zp
    \ 0007 cb....               asw     _Zp+2
    \ 000a a5..                 lda     zp:_Zp+2
    \ 000c 18                   clc
    \ 000d 65..                 adc     zp:_Zp
    \ 000f 85..                 sta     zp:_Zp
    \ 0011 a5..                 lda     zp:_Zp+26
    \ 0013 18                   clc
    \ 0014 6910                 adc     #16
    \ 0016 85..                 sta     zp:_Zp+2
    \ 0018 a5..                 lda     zp:_Zp+27
    \ 001a 6900     `?L1365`:   adc     #0
    \ 001c 85..                 sta     zp:_Zp+3
    \ 001e 60                   rts
    \ 0000                      .section code,text
    \ 0000          `?L1366`:
    \ 0000 a5..                 lda     zp:_Zp+25
    \ 0002 85..                 sta     zp:_Zp+5
    \ 0004 a5..                 lda     zp:_Zp+24
    \ 0006 85..                 sta     zp:_Zp+4
    \ 0008 98                   tya
    \ 0009 85..                 sta     zp:_Zp+6
    \ 000b 85..                 sta     zp:_Zp+7
    \ 000d 60                   rts
    \ 0000                      .section code,text
    \ 0000          `?L1367`:
    \ 0000 85..                 sta     zp:_Zp+1
    \ 0002 20....               jsr     mprintfd
    \ 0005 a6..                 ldx     zp:_Zp+25
    \ 0007 86..                 stx     zp:_Zp+4
    \ 0009 a900                 lda     #0
    \ 000b 85..                 sta     zp:_Zp+5
    \ 000d 85..                 sta     zp:_Zp+6
    \ 000f 85..                 sta     zp:_Zp+7
    \ 0011 a9..                 lda     #.byte0 `_StringLiteral_ Sector=`
    \ 0013 85..                 sta     zp:_Zp
    \ 0015 a9..                 lda     #.byte1 `_StringLiteral_ Sector=`
    \ 0017 85..                 sta     zp:_Zp+1
    \ 0019 20....               jsr     mprintfd
    \ 001c ad82d0               lda     0xd082
    \ 001f 85..                 sta     zp:_Zp+4
    \ 0021 a900                 lda     #0
    \ 0023 85..                 sta     zp:_Zp+5
    \ 0025 85..                 sta     zp:_Zp+6
    \ 0027 85..                 sta     zp:_Zp+7
    \ 0029 a9..                 lda     #.byte0 `_StringLiteral_ $d082U=`
    \ 002b 85..                 sta     zp:_Zp
    \ 002d a9..                 lda     #.byte1 `_StringLiteral_ $d082U=`
    \ 002f 85..                 sta     zp:_Zp+1
    \ 0031 20....               jsr     mhprintfd
    \ 0034 20....               jsr     cputlnd
    \ 0037 20....               jsr     cgetcd
    \ 003a a940                 lda     #64
    \ 003c 8d80d0               sta     0xd080
    \ 003f a902                 lda     #2
    \ 0041 20....               jsr     bordercolor
    \ 0044 a9ff                 lda     #-1
    \ 0046 60                   rts
    \ 0000                      .section code,text
    \ 0000 a9fe     `?L1374`:   lda     #-2
    \ 0002 20....               jsr     _DecVsp
    \ 0005 a001                 ldy     #1
    \ 0007 a902                 lda     #2
    \ 0009 91..                 sta     (_Vsp),y
    \ 000b 88                   dey
    \ 000c a900                 lda     #0
    \ 000e 91..                 sta     (_Vsp),y
    \ 0010 60                   rts
    \ 0000                      .section code,text
    \ 0000          `?L1376`:
    \ 0000 92..                 sta     (_Zp),z
    \ 0002 a5..                 lda     zp:_Zp+2
    \ 0004 e6..                 inc     zp:_Zp+2
    \ 0006 4b                   taz
    \ 0007 60                   rts
    \ 0000                      .section code,text
    \ 0000          `?L1377`:
    \ 0000 a5..                 lda     zp:_Zp+24
    \ 0002 85..                 sta     zp:_Zp
    \ 0004 c6..                 dec     zp:_Zp
    \ 0006 a5..                 lda     zp:_Zp
    \ 0008 8d84d0               sta     0xd084
    \ 000b a6..                 ldx     zp:_Zp+25
    \ 000d 86..                 stx     zp:_Zp
    \ 000f a900                 lda     #0
    \ 0011 85..                 sta     zp:_Zp+1
    \ 0013 a914                 lda     #20
    \ 0015 85..                 sta     zp:_Zp+10
    \ 0017 a900                 lda     #0
    \ 0019 85..                 sta     zp:_Zp+11
    \ 001b 20....               jsr     _DivMod16
    \ 001e a5..                 lda     zp:_Zp+2
    \ 0020 85..                 sta     zp:_Zp
    \ 0022 a5..                 lda     zp:_Zp+3
    \ 0024 85..                 sta     zp:_Zp+1
    \ 0026 a902                 lda     #2
    \ 0028 85..                 sta     zp:_Zp+10
    \ 002a a900                 lda     #0
    \ 002c 85..                 sta     zp:_Zp+11
    \ 002e 20....               jsr     _DivMod16
    \ 0031 e6..                 inc     zp:_Zp
    \ 0033 a5..                 lda     zp:_Zp
    \ 0035 8d85d0               sta     0xd085
    \ 0038 ab....               ldz     _Zp+25
    \ 003b c214                 cpz     #20
    \ 003d 60                   rts
    \ 0000                      .section code,text
    \ 0000 38       `?L1380`:   sec
    \ 0001 4242e5..             sbcq    zp:_Zp
    \ 0005          `?L1381`:
    \ 0005 424285..             stq     zp:_Zp
    \ 0009 a900     `?L1382`:   lda     #0
    \ 000b aa                   tax
    \ 000c a8                   tay
    \ 000d a308     `?L1383`:   ldz     #8
    \ 000f 18       `?L1384`:   clc
    \ 0010 424265..             adcq    zp:_Zp
    \ 0014 60                   rts
    \ 0000                      .section code,text
    \ 0000          `?L1385`:
    \ 0000 20....               jsr     readtracksectorclose
    \ 0003 a940                 lda     #64
    \ 0005 a20d                 ldx     #13
    \ 0007 a003                 ldy     #3
    \ 0009 a300                 ldz     #0
    \ 000b 424285..             stq     zp:_Zp
    \ 000f 20....               jsr     usleep
    \ 0012 a5..                 lda     zp:_Zp+28
    \ 0014 20....               jsr     readtracksectoropen
    \ 0017 a5..                 lda     zp:_Zp+28
    \ 0019 8d....               sta     lastdrive
    \ 001c 60                   rts
    \ 0000                      .section code,text
    \ 0000          `?L1389`:
    \ 0000 85..                 sta     zp:_Zp+2
    \ 0002 ad....               lda     worksectorasBAM
    \ 0005 85..                 sta     zp:_Zp
    \ 0007 ad....               lda     worksectorasBAM+1
    \ 000a 85..                 sta     zp:_Zp+1
    \ 000c 60                   rts
    \ 0000                      .section code,text
    \ 0000          `?L1390`:
    \ 0000 a6..                 ldx     zp:_Zp+29
    \ 0002 86..                 stx     zp:_Zp
    \ 0004 a900     `?L1391`:   lda     #0
    \ 0006          `?L1392`:
    \ 0006 85..                 sta     zp:_Zp+1
    \ 0008 a905                 lda     #5
    \ 000a aa                   tax
    \ 000b 60                   rts
    \ 0000                      .section code,text
    \ 0000          `?L1393`:
    \ 0000 20....               jsr     clrhomed
    \ 0003 a6..                 ldx     zp:_Zp+27
    \ 0005 86..                 stx     zp:_Zp+4
    \ 0007 a900                 lda     #0
    \ 0009 85..                 sta     zp:_Zp+5
    \ 000b 85..                 sta     zp:_Zp+6
    \ 000d 85..                 sta     zp:_Zp+7
    \ 000f 60                   rts
    \ 0000                      .section code,text
    \ 0000          `?L1395`:
    \ 0000 424206..             aslq    zp:_Zp+4
    \ 0004 ca                   dex
    \ 0005 60                   rts
    \ 0000                      .section code,text
    \ 0000 a019     `?L1396`:   ldy     #25
    \ 0002 b1..                 lda     (_Vsp),y
    \ 0004 85..                 sta     zp:_Zp+6
    \ 0006 88                   dey
    \ 0007 b1..                 lda     (_Vsp),y
    \ 0009 85..                 sta     zp:_Zp+5
    \ 000b a00a                 ldy     #10
    \ 000d b1..                 lda     (_Vsp),y
    \ 000f 85..                 sta     zp:_Zp+4
    \ 0011 a2..                 ldx     #_Zp+2
    \ 0013 a90b                 lda     #11
    \ 0015 20....               jsr     _LoadVspEA
    \ 0018 a2..                 ldx     #_Zp
    \ 001a a910                 lda     #16
    \ 001c 20....               jsr     _LoadVspEA
    \ 001f a017                 ldy     #23
    \ 0021 b1..                 lda     (_Vsp),y
    \ 0023 4c....               jmp     findnextBAMtracksector
    \ 0000                      .section code,text
    \ 0000          `?L1399`:
    \ 0000 85..                 sta     zp:_Zp+2
    \ 0002 a5..                 lda     zp:_Zp+27
    \ 0004 85..                 sta     zp:_Zp+1
    \ 0006 a5..                 lda     zp:_Zp+28
    \ 0008 85..                 sta     zp:_Zp
    \ 000a a5..                 lda     zp:_Zp+29
    \ 000c 60                   rts
    \ 0000                      .section code,text
    \ 0000          `?L1400`:
    \ 0000 a5..                 lda     zp:_Zp+25
    \ 0002 85..                 sta     zp:_Zp+1
    \ 0004 a5..                 lda     zp:_Zp+24
    \ 0006 85..                 sta     zp:_Zp
    \ 0008 60                   rts
    \ 0000                      .section code,text
    \ 0000          `?L1401`:
    \ 0000 85..                 sta     zp:_Zp+11
    \ 0002 a5..                 lda     zp:_Zp+9
    \ 0004 85..                 sta     zp:_Zp+10
    \ 0006 a5..                 lda     zp:_Zp+8
    \ 0008 85..                 sta     zp:_Zp+9
    \ 000a 60                   rts
    \ 0000                      .section code,text
    \ 0000          `?L1402`:
    \ 0000 e3..                 inw     zp:_Zp+6
    \ 0002 e3..                 inw     zp:_Zp+6
    \ 0004          `?L1403`:
    \ 0004 a5..                 lda     zp:_Zp+5
    \ 0006 85..                 sta     zp:_Zp
    \ 0008 a5..                 lda     zp:_Zp+4
    \ 000a 60                   rts
    \ 0000                      .section code,text
    \ 0000          `?L1404`:
    \ 0000 a5..                 lda     zp:_Zp
    \ 0002 91..                 sta     (_Vsp),y
    \ 0004 c8                   iny
    \ 0005 a5..                 lda     zp:_Zp+1
    \ 0007 91..                 sta     (_Vsp),y
    \ 0009 c8                   iny
    \ 000a a5..                 lda     zp:_Zp+2
    \ 000c 91..                 sta     (_Vsp),y
    \ 000e c8                   iny
    \ 000f a5..                 lda     zp:_Zp+3
    \ 0011 91..                 sta     (_Vsp),y
    \ 0013 60                   rts
    \ 0000                      .section code,text
    \ 0000          `?L1405`:
    \ 0000 85..                 sta     zp:_Zp+3
    \ 0002 a5..                 lda     zp:_Zp+1
    \ 0004 85..                 sta     zp:_Zp+2
    \ 0006 a5..                 lda     zp:_Zp
    \ 0008 85..                 sta     zp:_Zp+1
    \ 000a 98                   tya
    \ 000b 60                   rts
    \ 0000                      .section code,text
    \ 0000          `?L1406`:
    \ 0000 a5..                 lda     zp:_Zp+6
    \ 0002 18                   clc
    \ 0003 69..                 adc     #.byte0 s
    \ 0005 85..                 sta     zp:_Zp
    \ 0007 a5..                 lda     zp:_Zp+7
    \ 0009 69..                 adc     #.byte1 s
    \ 000b 85..                 sta     zp:_Zp+1
    \ 000d 60                   rts
    \ 0000                      .section code,text
    \ 0000          `?L1407`:
    \ 0000 85..                 sta     zp:_Zp+3
    \ 0002 a5..                 lda     zp:_Zp+27
    \ 0004 85..                 sta     zp:_Zp+2
    \ 0006 ad....               lda     BAMsector
    \ 0009 85..                 sta     zp:_Zp
    \ 000b ad....               lda     BAMsector+1
    \ 000e 85..                 sta     zp:_Zp+1
    \ 0010 a5..                 lda     zp:_Zp+28
    \ 0012 60                   rts
    \ 0000                      .section code,text
    \ 0000          `?L1408`:
    \ 0000 85..                 sta     zp:_Zp+3
    \ 0002 a5..                 lda     zp:_Zp+27
    \ 0004 85..                 sta     zp:_Zp+2
    \ 0006 ad....               lda     BAMsector+2
    \ 0009 85..                 sta     zp:_Zp
    \ 000b ad....               lda     BAMsector+3
    \ 000e 85..                 sta     zp:_Zp+1
    \ 0010 a5..                 lda     zp:_Zp+28
    \ 0012 60                   rts
    \ 0000                      .section code,text
    \ 0000          `?L1409`:
    \ 0000 a6..                 ldx     zp:_Zp+8
    \ 0002 86..                 stx     zp:_Zp+4
    \ 0004 6b                   tza
    \ 0005 85..                 sta     zp:_Zp+5
    \ 0007 cb....               asw     _Zp+4
    \ 000a a5..                 lda     zp:_Zp+4
    \ 000c 85..                 sta     zp:_Zp
    \ 000e cb....               asw     _Zp+4
    \ 0011 a5..                 lda     zp:_Zp+4
    \ 0013 18                   clc
    \ 0014 65..                 adc     zp:_Zp
    \ 0016 85..                 sta     zp:_Zp
    \ 0018 a5..                 lda     zp:_Zp+2
    \ 001a 18                   clc
    \ 001b 6910                 adc     #16
    \ 001d 85..                 sta     zp:_Zp+2
    \ 001f a5..                 lda     zp:_Zp+3
    \ 0021 60                   rts
    \ 0000                      .section code,text
    \ 0000          `?L1410`:
    \ 0000 91..                 sta     (_Zp),y
    \ 0002 a5..                 lda     zp:_Zp+4
    \ 0004 85..                 sta     zp:_Zp+6
    \ 0006 a5..                 lda     zp:_Zp+5
    \ 0008 85..                 sta     zp:_Zp+7
    \ 000a e3..                 inw     zp:_Zp+4
    \ 000c a6..                 ldx     zp:_Zp+12
    \ 000e 86..                 stx     zp:_Zp
    \ 0010 85..                 sta     zp:_Zp+1
    \ 0012 a90a                 lda     #10
    \ 0014 85..                 sta     zp:_Zp+10
    \ 0016 a900                 lda     #0
    \ 0018 85..                 sta     zp:_Zp+11
    \ 001a 20....               jsr     _DivMod16
    \ 001d a930                 lda     #48
    \ 001f 18                   clc
    \ 0020 60                   rts
    \ 0000                      .section code,text
    \ 0000          `?L1412`:
    \ 0000 91..                 sta     (_Zp),y
    \ 0002 a5..                 lda     zp:_Zp+4
    \ 0004 85..                 sta     zp:_Zp+6
    \ 0006 a5..                 lda     zp:_Zp+5
    \ 0008 85..                 sta     zp:_Zp+7
    \ 000a e3..                 inw     zp:_Zp+4
    \ 000c a6..                 ldx     zp:_Zp+13
    \ 000e 86..                 stx     zp:_Zp
    \ 0010 85..                 sta     zp:_Zp+1
    \ 0012 a90a                 lda     #10
    \ 0014 85..                 sta     zp:_Zp+10
    \ 0016 a900                 lda     #0
    \ 0018 85..                 sta     zp:_Zp+11
    \ 001a 20....               jsr     _DivMod16
    \ 001d a930                 lda     #48
    \ 001f 18                   clc
    \ 0020 60                   rts
    \ 0000                      .section code,text
    \ 0000 a0fd     `?L1414`:   ldy     #253
    \ 0002 a30f                 ldz     #15
    \ 0004 424285..             stq     zp:_Zp
    \ 0008 20....               jsr     lcopy
    \ 000b a001                 ldy     #1
    \ 000d 4c....               jmp     _IncVsp
    \ 0000                      .section code,text
    \ 0000          `?L1416`:
    \ 0000 a6..                 ldx     zp:_Zp+13
    \ 0002 86..                 stx     zp:_Zp
    \ 0004 ca                   dex
    \ 0005 86..                 stx     zp:_Zp+1
    \ 0007 a5..                 lda     zp:_Zp+10
    \ 0009 60                   rts
    \ 0000                      .section code,text
    \ 0000          `?L1417`:
    \ 0000 a6..                 ldx     zp:_Zp+6
    \ 0002 86..                 stx     zp:_Zp+2
    \ 0004 ca                   dex
    \ 0005 86..                 stx     zp:_Zp+3
    \ 0007 a5..                 lda     zp:_Zp
    \ 0009 60                   rts
    \ 0000                      .section code,text
    \ 0000 a200     `?L1418`:   ldx     #0
    \ 0002 a002                 ldy     #2
    \ 0004 4c....               jmp     _AllocStackSave
    \ 0000                      .section code,text
    \ 0000          `?L1419`:
    \ 0000 a5..                 lda     zp:_Zp
    \ 0002 85..                 sta     zp:_Zp+4
    \ 0004 a5..                 lda     zp:_Zp+1
    \ 0006 85..                 sta     zp:_Zp+5
    \ 0008 e3..                 inw     zp:_Zp+4
    \ 000a e3..                 inw     zp:_Zp+4
    \ 000c e3..                 inw     zp:_Zp+4
    \ 000e e3..                 inw     zp:_Zp+4
    \ 0010 18                   clc
    \ 0011 a5..                 lda     zp:_Zp+4
    \ 0013 65..                 adc     zp:_Zp+2
    \ 0015 85..                 sta     zp:_Zp+4
    \ 0017 60                   rts
    \ 0000                      .section code,text
    \ 0000          `?L1420`:
    \ 0000 a5..                 lda     zp:_Zp+2
    \ 0002 85..                 sta     zp:_Zp+28
    \ 0004 a5..                 lda     zp:_Zp+3
    \ 0006 85..                 sta     zp:_Zp+27
    \ 0008 a5..                 lda     zp:_Zp+4
    \ 000a 85..                 sta     zp:_Zp+26
    \ 000c 60                   rts
    \ 0000                      .section code,text
    \ 0000          `?L1421`:
    \ 0000 cb....               asw     _Zp
    \ 0003 ca                   dex
    \ 0004 60                   rts
    \ 0000                      .section code,text
    \ 0000 88       `?L1422`:   dey
    \ 0001 91..                 sta     (_Vsp),y
    \ 0003 a9..                 lda     #.byte0 `_StringLiteral_ `
    \ 0005 85..                 sta     zp:_Zp+4
    \ 0007 a9..                 lda     #.byte1 `_StringLiteral_ `
    \ 0009 85..                 sta     zp:_Zp+5
    \ 000b 60                   rts
    \ 0000                      .section code,text
    \ 0000          `?L1423`:
    \ 0000 a5..                 lda     zp:_Zp
    \ 0002 85..                 sta     zp:_Zp+24
    \ 0004 a5..                 lda     zp:_Zp+1
    \ 0006 85..                 sta     zp:_Zp+25
    \ 0008 a901                 lda     #1
    \ 000a 25..                 and     zp:_Zp+26
    \ 000c 85..                 sta     zp:_Zp+30
    \ 000e 8a                   txa
    \ 000f a301                 ldz     #1
    \ 0011 d4..                 cpz     zp:_Zp+28
    \ 0013 60                   rts
    \ 0000                      .section code,text
    \ 0000          `?L1424`:
    \ 0000 a5..                 lda     zp:_Zp+2
    \ 0002 85..                 sta     zp:_Zp+24
    \ 0004 a5..                 lda     zp:_Zp+3
    \ 0006 85..                 sta     zp:_Zp+25
    \ 0008 60                   rts
    \ 0000                      .section code,text
    \ 0000          `?L1425`:
    \ 0000 ad....               lda     worksector
    \ 0003 85..                 sta     zp:_Zp+24
    \ 0005 ad....               lda     worksector+1
    \ 0008 85..                 sta     zp:_Zp+25
    \ 000a 60                   rts
    \ 0000                      .section code,text
    \ 0000          `?L1426`:
    \ 0000 85..                 sta     zp:_Zp+3
    \ 0002 a9..                 lda     #.byte0 `_StringLiteral_Writing...`
    \ 0004 85..                 sta     zp:_Zp
    \ 0006 a9..                 lda     #.byte1 `_StringLiteral_Writing...`
    \ 0008 85..                 sta     zp:_Zp+1
    \ 000a 60                   rts
    \ 0000                      .section code,text
    \ 0000 a00f     `?L1427`:   ldy     #15
    \ 0002 b1..                 lda     (_Vsp),y
    \ 0004 85..                 sta     zp:_Zp+4
    \ 0006 88                   dey
    \ 0007 b1..                 lda     (_Vsp),y
    \ 0009 85..                 sta     zp:_Zp+3
    \ 000b a005                 ldy     #5
    \ 000d          `?L1428`:
    \ 000d b1..                 lda     (_Vsp),y
    \ 000f 85..                 sta     zp:_Zp+2
    \ 0011 60                   rts
    \ 0000                      .section code,text
    \ 0000 a200     `?L1429`:   ldx     #0
    \ 0002 a006                 ldy     #6
    \ 0004 4c....               jmp     _AllocStackSave
    \ 0000                      .section code,text
    \ 0000          `?L1430`:
    \ 0000 20....               jsr     GetOneSector
    \ 0003 85..                 sta     zp:_Zp
    \ 0005 a301                 ldz     #1
    \ 0007 d4..                 cpz     zp:_Zp
    \ 0009 60                   rts
    \ 0000                      .section code,text
    \ 0000          `?L1432`:
    \ 0000 a5..                 lda     zp:_Zp
    \ 0002 85..                 sta     zp:_Zp+26
    \ 0004 a5..                 lda     zp:_Zp+1
    \ 0006 60                   rts
    \ 0000                      .section code,text
    \ 0000 a900     `?L1433`:   lda     #0
    \ 0002 85..                 sta     zp:_Zp+8
    \ 0004 4242a5..             ldq     zp:_Zp+8
    \ 0008 424285..             stq     zp:_Zp+12
    \ 000c a905                 lda     #5
    \ 000e aa                   tax
    \ 000f 60                   rts
    \ 0000                      .section code,text
    \ 0000          `?L1434`:
    \ 0000 85..                 sta     zp:_Zp+1
    \ 0002 85..                 sta     zp:_Zp+2
    \ 0004 85..                 sta     zp:_Zp+3
    \ 0006 60                   rts
    \ 0000                      .section code,text
    \ 0000          `?L1435`:
    \ 0000 85..                 sta     zp:_Zp+2
    \ 0002 a5..                 lda     zp:_Zp+24
    \ 0004 18                   clc
    \ 0005 6900                 adc     #0
    \ 0007 85..                 sta     zp:_Zp
    \ 0009 a5..                 lda     zp:_Zp+25
    \ 000b 6901                 adc     #1
    \ 000d 85..                 sta     zp:_Zp+1
    \ 000f 60                   rts
    \ 0000                      .section code,text
    \ 0000          `?L1436`:
    \ 0000 b2..                 lda     (_Vsp),z
    \ 0002 85..                 sta     zp:_Zp
    \ 0004 1b                   inz
    \ 0005 b2..                 lda     (_Vsp),z
    \ 0007 85..                 sta     zp:_Zp+1
    \ 0009 60                   rts
    \ 0000                      .section code,text
    \ 0000          `?L1437`:
    \ 0000 20....               jsr     messagebox
    \ 0003 a003                 ldy     #3
    \ 0005 4c....               jmp     _IncVsp
    \ 0000                      .section code,text
    \ 0000 98       `?L1439`:   tya
    \ 0001 85..                 sta     zp:_Zp+9
    \ 0003 b1..                 lda     (_Zp+6),y
    \ 0005 85..                 sta     zp:_Zp+10
    \ 0007 38                   sec
    \ 0008 a5..                 lda     zp:_Zp+8
    \ 000a e5..                 sbc     zp:_Zp+10
    \ 000c 85..                 sta     zp:_Zp+8
    \ 000e 60                   rts
    \ 0000                      .section code,text
    \ 0000          `?L1440`:
    \ 0000 20....               jsr     _AllocStackSave
    \ 0003 85..                 sta     zp:_Zp+28
    \ 0005 a5..                 lda     zp:_Zp
    \ 0007 85..                 sta     zp:_Zp+27
    \ 0009 a5..                 lda     zp:_Zp+1
    \ 000b 85..                 sta     zp:_Zp+26
    \ 000d 60                   rts
    \ 0000                      .section code,text
    \ 0000          `?L1442`:
    \ 0000 20....               jsr     _LoadVspEA
    \ 0003 88                   dey
    \ 0004 a5..                 lda     zp:_Zp+5
    \ 0006 91..                 sta     (_Vsp),y
    \ 0008 88                   dey
    \ 0009 a5..                 lda     zp:_Zp+4
    \ 000b 91..                 sta     (_Vsp),y
    \ 000d 60                   rts
    \ 0000                      .section code,text
    \ 0000          `?L1444`:
    \ 0000 a5..                 lda     zp:_Zp+26
    \ 0002 85..                 sta     zp:_Zp
    \ 0004 a5..                 lda     zp:_Zp+27
    \ 0006 85..                 sta     zp:_Zp+1
    \ 0008 60                   rts
    \ 0000                      .section code,text
    \ 0000          `?L1445`:
    \ 0000 a5..                 lda     zp:_Zp+27
    \ 0002 85..                 sta     zp:_Zp+5
    \ 0004 a5..                 lda     zp:_Zp+26
    \ 0006 85..                 sta     zp:_Zp+4
    \ 0008 98                   tya
    \ 0009 85..                 sta     zp:_Zp+6
    \ 000b 85..                 sta     zp:_Zp+7
    \ 000d 60                   rts
    \ 0000                      .section code,text
    \ 0000          `?L1446`:
    \ 0000 a5..                 lda     zp:_Zp+28
    \ 0002 18                   clc
    \ 0003 6908                 adc     #8
    \ 0005 85..                 sta     zp:_Zp+28
    \ 0007 a5..                 lda     zp:_Zp+29
    \ 0009 6900                 adc     #0
    \ 000b 85..                 sta     zp:_Zp+29
    \ 000d 60                   rts
    \ 0000                      .section code,text
    \ 0000          `?L1447`:
    \ 0000 85..                 sta     zp:_Zp
    \ 0002 a5..                 lda     zp:_Zp+5
    \ 0004 20....               jsr     ReadSector
    \ 0007 85..                 sta     zp:_Zp+29
    \ 0009 a301                 ldz     #1
    \ 000b d4..                 cpz     zp:_Zp+29
    \ 000d 60                   rts
    \ 0000                      .section code,text
    \ 0000          `?L1449`:
    \ 0000 85..                 sta     zp:_Zp+1
    \ 0002 20....               jsr     msprintfd
    \ 0005 20....               jsr     cgetcd
    \ 0008 a5..                 lda     zp:_Zp+26
    \ 000a 38                   sec
    \ 000b e5..                 sbc     zp:_Zp+30
    \ 000d 60                   rts
    \ 0000                      .section code,text
    \ 0000          `?L1452`:
    \ 0000 e3..                 inw     zp:_Zp+4
    \ 0002          `?L1453`:
    \ 0002 e3..                 inw     zp:_Zp+4
    \ 0004 a000     `?L1454`:   ldy     #0
    \ 0006 b1..                 lda     (_Zp+4),y
    \ 0008 60                   rts
    \ 0000                      .section code,text
    \ 0000          `?L1455`:
    \ 0000 a5..                 lda     zp:_Zp+30
    \ 0002 38                   sec
    \ 0003 e929                 sbc     #41
    \ 0005 85..                 sta     zp:_Zp+2
    \ 0007 a900                 lda     #0
    \ 0009 e900                 sbc     #0
    \ 000b 85..                 sta     zp:_Zp+3
    \ 000d 60                   rts
    \ 0000                      .section code,text
    \ 0000          `?L1456`:
    \ 0000 e3..                 inw     zp:_Zp+2
    \ 0002 e3..                 inw     zp:_Zp+2
    \ 0004 a9ff                 lda     #-1
    \ 0006 91..                 sta     (_Zp+2),y
    \ 0008 60                   rts
    \ 0000                      .section code,text
    \ 0000          `?L1457`:
    \ 0000 e3..                 inw     zp:_Zp+2
    \ 0002 a000                 ldy     #0
    \ 0004 b1..                 lda     (_Zp+2),y
    \ 0006 60                   rts
    \ 0000                      .section code,text
    \ 0000          `?L1458`:
    \ 0000 b1..                 lda     (_Vsp),y
    \ 0002 a000                 ldy     #0
    \ 0004 91..                 sta     (_Zp),y
    \ 0006 60                   rts
    \ 0000                      .section code,text
    \ 0000 a920     `?L1459`:   lda     #32
    \ 0002 18                   clc
    \ 0003 65..                 adc     zp:_Zp+26
    \ 0005 85..                 sta     zp:_Zp+4
    \ 0007 ab....               ldz     _Zp+25
    \ 000a c214                 cpz     #20
    \ 000c 60                   rts
    \ 0000                      .section code,text
    \ 0000 a920     `?L1460`:   lda     #32
    \ 0002 91..                 sta     (_Vsp),y
    \ 0004 60                   rts
    \ 0000                      .section code,text
    \ 0000 a928     `?L1461`:   lda     #40
    \ 0002 85..                 sta     zp:_Zp+10
    \ 0004 a900                 lda     #0
    \ 0006 85..                 sta     zp:_Zp+11
    \ 0008 4c....               jmp     _UDivMod16
    \ 0000                      .section code,text
    \ 0000 a200     `?L1462`:   ldx     #0
    \ 0002 a00b                 ldy     #11
    \ 0004 4c....               jmp     _AllocStackSave
    \ 0000                      .section code,text
    \ 0000 a9ff     `?L1463`:   lda     #-1
    \ 0002 20....               jsr     _DecVsp
    \ 0005 a901                 lda     #1
    \ 0007 a000                 ldy     #0
    \ 0009 91..                 sta     (_Vsp),y
    \ 000b 60                   rts
    \ 0000                      .section code,text
    \ 0000 a900     `?L1465`:   lda     #0
    \ 0002 85..                 sta     zp:_Zp+4
    \ 0004 60                   rts
    \ 0000                      .section code,text
    \ 0000 a00a     `?L1466`:   ldy     #10
    \ 0002 a5..                 lda     zp:_Zp+2
    \ 0004 91..                 sta     (_Vsp),y
    \ 0006 c8                   iny
    \ 0007 a5..                 lda     zp:_Zp+3
    \ 0009 91..                 sta     (_Vsp),y
    \ 000b 60                   rts
    \ 0000                      .section code,text
    \ 0000 a9fc     `?L1467`:   lda     #-4
    \ 0002 20....               jsr     _DecVsp
    \ 0005 a003                 ldy     #3
    \ 0007 60                   rts
    \ 0000                      .section code,text
    \ 0000          `?L1469`:
    \ 0000 a5..                 lda     zp:_Zp+1
    \ 0002 097f                 ora     #127
    \ 0004 60                   rts
    \ 0000                      .section code,text
    \ 0000          `?L1470`:
    \ 0000 a5..                 lda     zp:_Zp+4
    \ 0002 85..                 sta     zp:_Zp
    \ 0004 a5..                 lda     zp:_Zp+5
    \ 0006 85..                 sta     zp:_Zp+1
    \ 0008 a5..                 lda     zp:_Zp
    \ 000a 60                   rts
    \ 0000                      .section code,text
    \ 0000          `?L1471`:
    \ 0000 a5..                 lda     zp:_Zp+4
    \ 0002 8d80d0               sta     0xd080
    \ 0005 a6..                 ldx     zp:_Zp+4
    \ 0007 ec....               cpx     lastdrive
    \ 000a 60                   rts
    \ 0000                      .section code,text
    \ 0000          `?L1472`:
    \ 0000 ad....               lda     BAMsector
    \ 0003 85..                 sta     zp:_Zp+24
    \ 0005 ad....               lda     BAMsector+1
    \ 0008 85..                 sta     zp:_Zp+25
    \ 000a 60                   rts
    \ 0000                      .section code,text
    \ 0000 a980     `?L1473`:   lda     #-128
    \ 0002 1c89d6               trb     0xd689
    \ 0005 a5..                 lda     zp:_Zp+4
    \ 0007 8d....               sta     lastdrive
    \ 000a 60                   rts
    \ 0000                      .section code,text
    \ 0000          `?L1474`:
    \ 0000 85..                 sta     zp:_Zp+3
    \ 0002 e3..                 inw     zp:_Zp+2
    \ 0004 e3..                 inw     zp:_Zp+2
    \ 0006 e3..                 inw     zp:_Zp+2
    \ 0008 e3..                 inw     zp:_Zp+2
    \ 000a 60                   rts
    \ 0000                      .section code,text
    \ 0000 18       `?L1475`:   clc
    \ 0001 a9c0                 lda     #192
    \ 0003 6d....               adc     readdir_dirent
    \ 0006 60                   rts
    \ 0000                      .section code,text
    \ 0000          `?L1476`:
    \ 0000 20....               jsr     readblockchain
    \ 0003 a000                 ldy     #0
    \ 0005 4c....               jmp     _IncVsp
    \ 0000                      .section code,text
    \ 0000          `?L1478`:
    \ 0000 a5..                 lda     zp:_Zp+4
    \ 0002 91..                 sta     (_Vsp),y
    \ 0004 c8                   iny
    \ 0005 a5..                 lda     zp:_Zp+5
    \ 0007 91..                 sta     (_Vsp),y
    \ 0009 60                   rts
    \ 0000                      .section code,text
    \ 0000          `?L1479`:
    \ 0000 a5..                 lda     zp:_Zp+6
    \ 0002 91..                 sta     (_Vsp),y
    \ 0004 c8                   iny
    \ 0005 a5..                 lda     zp:_Zp+7
    \ 0007 91..                 sta     (_Vsp),y
    \ 0009 60                   rts
    \ 0000                      .section code,text
    \ 0000 a901     `?L1480`:   lda     #1
    \ 0002 2c....               bit     option
    \ 0005 60                   rts
    \ 0000                      .section code,text
    \ 0000          `?L1481`:
    \ 0000 a5..                 lda     zp:_Zp
    \ 0002 85..                 sta     zp:_Zp+2
    \ 0004 a5..                 lda     zp:_Zp+1
    \ 0006 60                   rts
    \ 0000                      .section code,text
    \ 0000          `?L1482`:
    \ 0000 85..                 sta     zp:_Zp+3
    \ 0002 a007                 ldy     #7
    \ 0004 b1..                 lda     (_Vsp),y
    \ 0006 60                   rts
    \ 0000                      .section code,text
    \ 0000 a00b     `?L1483`:   ldy     #11
    \ 0002          `?L1484`:
    \ 0002 b1..                 lda     (_Vsp),y
    \ 0004 85..                 sta     zp:_Zp
    \ 0006 60                   rts
    \ 0000                      .section code,text
    \ 0000 4a       `?L1485`:   lsr     a
    \ 0001 4a                   lsr     a
    \ 0002 4a                   lsr     a
    \ 0003 85..                 sta     zp:_Zp+8
    \ 0005 60                   rts
    \ 0000                      .section code,text
    \ 0000          `?L1486`:
    \ 0000 86..                 stx     zp:_Zp+8
    \ 0002 a900                 lda     #0
    \ 0004 85..                 sta     zp:_Zp+9
    \ 0006 60                   rts
    \ 0000                      .section code,text
    \ 0000          `?L1487`:
    \ 0000 a5..                 lda     zp:_Vsp
    \ 0002 85..                 sta     zp:_Zp
    \ 0004 a5..                 lda     zp:_Vsp+1
    \ 0006 85..                 sta     zp:_Zp+1
    \ 0008 60                   rts
    \ 0000                      .section code,text
    \ 0000          `?L1488`:
    \ 0000 a5..                 lda     zp:_Zp
    \ 0002 a007                 ldy     #7
    \ 0004 91..                 sta     (_Vsp),y
    \ 0006 a5..                 lda     zp:_Zp+1
    \ 0008 60                   rts
    \ 0000                      .section code,text
    \ 0000          `?L1489`:
    \ 0000 a5..                 lda     zp:_Zp+28
    \ 0002 4c....               jmp     writetracksector
    \ 0000                      .section code,text
    \ 0000          `?L1490`:
    \ 0000 a5..                 lda     zp:_Zp+28
    \ 0002 85..                 sta     zp:_Zp
    \ 0004 a5..                 lda     zp:_Zp+29
    \ 0006 85..                 sta     zp:_Zp+1
    \ 0008 60                   rts
    \ 0000                      .section code,text
    \ 0000          `?L1491`:
    \ 0000 a5..                 lda     zp:_Zp+30
    \ 0002 4c....               jmp     PutOneSector
    \ 0000                      .section code,text
    \ 0000          `?L1492`:
    \ 0000 a5..                 lda     zp:_Zp+32
    \ 0002 4c....               jmp     PutWholeSector
    \ 0000                      .section code,text
    \ 0000          `?L1493`:
    \ 0000 a5..                 lda     zp:_Zp+8
    \ 0002 c5..                 cmp     zp:_Zp+10
    \ 0004 a5..                 lda     zp:_Zp+9
    \ 0006 e5..                 sbc     zp:_Zp+11
    \ 0008 60                   rts
    \ 0000                      .section code,text
    \ 0000 a901     `?L1494`:   lda     #1
    \ 0002 85..                 sta     zp:_Zp+5
    \ 0004 60                   rts
    \ 0000                      .section code,text
    \ 0000 a902     `?L1495`:   lda     #2
    \ 0002 85..                 sta     zp:_Zp+4
    \ 0004 a900                 lda     #0
    \ 0006 85..                 sta     zp:_Zp+5
    \ 0008 60                   rts
    \ 0000                      .section code,text
    \ 0000 a920     `?L1496`:   lda     #32
    \ 0002 4c....               jmp     cputc
    \ 0000                      .section code,text
    \ 0000 a005     `?L1497`:   ldy     #5
    \ 0002 4c....               jmp     _AllocStackSave
    \ 0000                      .section code,text
    \ 0000          `?L1498`:
    \ 0000 85..                 sta     zp:_Zp+2
    \ 0002 85..                 sta     zp:_Zp+3
    \ 0004 4c....               jmp     lfill
    \ 0000                      .section code,text
    \ 0000          `?L1499`:
    \ 0000 a6..                 ldx     zp:_Zp+30
    \ 0002 86..                 stx     zp:_Zp+2
    \ 0004 a900     `?L1500`:   lda     #0
    \ 0006 85..                 sta     zp:_Zp+3
    \ 0008 60                   rts
    \ 0000                      .section zdata,bss
    \ 0000                      .public direntflags
    \ 0000          direntflags:
    \ 0000                      .space  0x1f0
    \ 0000                      .section zdata,bss
    \ 0000                      .public option
    \ 0000          option:     .space  1
    \ 0000                      .section switch,rodata
    \ 0000 ....     `?L652`:    .word   `?L495`
    \ 0002 ....                 .word   `?L494`
    \ 0004 ....                 .word   `?L493`
    \ 0006 ....                 .word   `?L492`
    \ 0008 ....                 .word   `?L491`
    \ 0000                      .section cdata,rodata
    \ 0000                      .pubweak `_StringLiteral_ `
    \ 0000          `_StringLiteral_ `:
    \ 0000 2000                 .byte   32,0
    \ 0000                      .section cdata,rodata
    \ 0000                      .pubweak `_StringLiteral_ $d082U=`
    \ 0000          `_StringLiteral_ $d082U=`:
    \ 0000 20246430             .byte   32,36,100,48,56,50,85,61,0
    \ 0004 3832553d
    \ 0008 00
    \ 0000                      .section cdata,rodata
    \ 0000                      .pubweak `_StringLiteral_ D`
    \ 0000          `_StringLiteral_ D`:
    \ 0000 204400               .byte   32,68,0
    \ 0000                      .section cdata,rodata
    \ 0000                      .pubweak `_StringLiteral_ Sector=`
    \ 0000          `_StringLiteral_ Sector=`:
    \ 0000 20536563             .byte   32,83,101,99,116,111,114,61,0
    \ 0004 746f723d
    \ 0008 00
    \ 0000                      .section cdata,rodata
    \ 0000                      .pubweak `_StringLiteral_BAM/header`
    \ 0000          `_StringLiteral_BAM/header`:
    \ 0000 42414d2f             .byte   66,65,77,47,104,101,97,100,101,114,0
    \ 0004 68656164
    \ 0008 657200
    \ 0000                      .section cdata,rodata
    \ 0000                      .pubweak `_StringLiteral_PutOneSector before lower buffer. Track=`
    \ 0000          `_StringLiteral_PutOneSector before lower buffer. Track=`:
    \ 0000 5075744f             .byte   80,117,116,79,110,101,83,101,99,116,111,114,32,98,101,102,111,114,101,32,108,111,119,101,114,32,98,117,102,102,101,114,46,32,84,114,97,99,107,61,0
    \ 0004 6e655365
    \ 0008 63746f72
    \ 000c 20626566
    \ 0010 6f726520
    \ 0014 6c6f7765
    \ 0018 72206275
    \ 001c 66666572
    \ 0020 2e205472
    \ 0024 61636b3d
    \ 0028 00
    \ 0000                      .section cdata,rodata
    \ 0000                      .pubweak `_StringLiteral_PutOneSector before upper buffer. Track=`
    \ 0000          `_StringLiteral_PutOneSector before upper buffer. Track=`:
    \ 0000 5075744f             .byte   80,117,116,79,110,101,83,101,99,116,111,114,32,98,101,102,111,114,101,32,117,112,112,101,114,32,98,117,102,102,101,114,46,32,84,114,97,99,107,61,0
    \ 0004 6e655365
    \ 0008 63746f72
    \ 000c 20626566
    \ 0010 6f726520
    \ 0014 75707065
    \ 0018 72206275
    \ 001c 66666572
    \ 0020 2e205472
    \ 0024 61636b3d
    \ 0028 00
    \ 0000                      .section cdata,rodata
    \ 0000                      .pubweak `_StringLiteral_PutOneSector done. Returning while WriteSector.`
    \ 0000          `_StringLiteral_PutOneSector done. Returning while WriteSector.`:
    \ 0000 5075744f             .byte   80,117,116,79,110,101,83,101,99,116,111,114,32,100,111,110,101,46,32,82,101,116,117,114,110,105,110,103,32,119,104,105,108,101,32,87,114,105,116,101,83,101,99,116,111,114,46,0
    \ 0004 6e655365
    \ 0008 63746f72
    \ 000c 20646f6e
    \ 0010 652e2052
    \ 0014 65747572
    \ 0018 6e696e67
    \ 001c 20776869
    \ 0020 6c652057
    \ 0024 72697465
    \ 0028 53656374
    \ 002c 6f722e00
    \ 0000                      .section cdata,rodata
    \ 0000                      .pubweak `_StringLiteral_PutWholeSector before lower buffer. Track=`
    \ 0000          `_StringLiteral_PutWholeSector before lower buffer. Track=`:
    \ 0000 50757457             .byte   80,117,116,87,104,111,108,101,83,101,99,116,111,114,32,98,101,102,111,114,101,32,108,111,119,101,114,32,98,117,102,102,101,114,46,32,84,114,97,99,107,61,0
    \ 0004 686f6c65
    \ 0008 53656374
    \ 000c 6f722062
    \ 0010 65666f72
    \ 0014 65206c6f
    \ 0018 77657220
    \ 001c 62756666
    \ 0020 65722e20
    \ 0024 54726163
    \ 0028 6b3d00
    \ 0000                      .section cdata,rodata
    \ 0000                      .pubweak `_StringLiteral_PutWholeSector before upper buffer. Track=`
    \ 0000          `_StringLiteral_PutWholeSector before upper buffer. Track=`:
    \ 0000 50757457             .byte   80,117,116,87,104,111,108,101,83,101,99,116,111,114,32,98,101,102,111,114,101,32,117,112,112,101,114,32,98,117,102,102,101,114,46,32,84,114,97,99,107,61,0
    \ 0004 686f6c65
    \ 0008 53656374
    \ 000c 6f722062
    \ 0010 65666f72
    \ 0014 65207570
    \ 0018 70657220
    \ 001c 62756666
    \ 0020 65722e20
    \ 0024 54726163
    \ 0028 6b3d00
    \ 0000                      .section cdata,rodata
    \ 0000                      .pubweak `_StringLiteral_PutWholeSector done. Returning while WriteSector.`
    \ 0000          `_StringLiteral_PutWholeSector done. Returning while WriteSector.`:
    \ 0000 50757457             .byte   80,117,116,87,104,111,108,101,83,101,99,116,111,114,32,100,111,110,101,46,32,82,101,116,117,114,110,105,110,103,32,119,104,105,108,101,32,87,114,105,116,101,83,101,99,116,111,114,46,0
    \ 0004 686f6c65
    \ 0008 53656374
    \ 000c 6f722064
    \ 0010 6f6e652e
    \ 0014 20526574
    \ 0018 75726e69
    \ 001c 6e672077
    \ 0020 68696c65
    \ 0024 20577269
    \ 0028 74655365
    \ 002c 63746f72
    \ 0030 2e00
    \ 0000                      .section cdata,rodata
    \ 0000                      .pubweak `_StringLiteral_ReadSector. Track=`
    \ 0000          `_StringLiteral_ReadSector. Track=`:
    \ 0000 52656164             .byte   82,101,97,100,83,101,99,116,111,114,46,32,84,114,97,99,107,61,0
    \ 0004 53656374
    \ 0008 6f722e20
    \ 000c 54726163
    \ 0010 6b3d00
    \ 0000                      .section cdata,rodata
    \ 0000                      .pubweak `_StringLiteral_Reading...`
    \ 0000          `_StringLiteral_Reading...`:
    \ 0000 52656164             .byte   82,101,97,100,105,110,103,46,46,46,0
    \ 0004 696e672e
    \ 0008 2e2e00
    \ 0000                      .section cdata,rodata
    \ 0000                      .pubweak `_StringLiteral_Renaming subpartition,`
    \ 0000          `_StringLiteral_Renaming subpartition,`:
    \ 0000 52656e61             .byte   82,101,110,97,109,105,110,103,32,115,117,98,112,97,114,116,105,116,105,111,110,44,0
    \ 0004 6d696e67
    \ 0008 20737562
    \ 000c 70617274
    \ 0010 6974696f
    \ 0014 6e2c00
    \ 0000                      .section cdata,rodata
    \ 0000                      .pubweak `_StringLiteral_Updating directory,`
    \ 0000          `_StringLiteral_Updating directory,`:
    \ 0000 55706461             .byte   85,112,100,97,116,105,110,103,32,100,105,114,101,99,116,111,114,121,44,0
    \ 0004 74696e67
    \ 0008 20646972
    \ 000c 6563746f
    \ 0010 72792c00
    \ 0000                      .section cdata,rodata
    \ 0000                      .pubweak `_StringLiteral_WriteSector. Track=`
    \ 0000          `_StringLiteral_WriteSector. Track=`:
    \ 0000 57726974             .byte   87,114,105,116,101,83,101,99,116,111,114,46,32,84,114,97,99,107,61,0
    \ 0004 65536563
    \ 0008 746f722e
    \ 000c 20547261
    \ 0010 636b3d00
    \ 0000                      .section cdata,rodata
    \ 0000                      .pubweak `_StringLiteral_Writing file,`
    \ 0000          `_StringLiteral_Writing file,`:
    \ 0000 57726974             .byte   87,114,105,116,105,110,103,32,102,105,108,101,44,0
    \ 0004 696e6720
    \ 0008 66696c65
    \ 000c 2c00
    \ 0000                      .section cdata,rodata
    \ 0000                      .pubweak `_StringLiteral_Writing...`
    \ 0000          `_StringLiteral_Writing...`:
    \ 0000 57726974             .byte   87,114,105,116,105,110,103,46,46,46,0
    \ 0004 696e672e
    \ 0008 2e2e00
    \ 0000                      .section cdata,rodata
    \ 0000                      .pubweak `_StringLiteral__miniinit SECTBUF 32addr is: `
    \ 0000          `_StringLiteral__miniinit SECTBUF 32addr is: `:
    \ 0000 5f6d696e             .byte   95,109,105,110,105,105,110,105,116,32,83,69,67,84,66,85,70,32,51,50,97,100,100,114,32,105,115,58,32,0
    \ 0004 69696e69
    \ 0008 74205345
    \ 000c 43544255
    \ 0010 46203332
    \ 0014 61646472
    \ 0018 2069733a
    \ 001c 2000
    \ 0000                      .section cdata,rodata
    \ 0000                      .pubweak `_StringLiteral_directory/BAM`
    \ 0000          `_StringLiteral_directory/BAM`:
    \ 0000 64697265             .byte   100,105,114,101,99,116,111,114,121,47,66,65,77,0
    \ 0004 63746f72
    \ 0008 792f4241
    \ 000c 4d00
    \ 0000                      .section cdata,rodata
    \ 0000                      .pubweak `_StringLiteral_fatal error`
    \ 0000          `_StringLiteral_fatal error`:
    \ 0000 66617461             .byte   102,97,116,97,108,32,101,114,114,111,114,0
    \ 0004 6c206572
    \ 0008 726f7200
    \ 0000                      .section cdata,rodata
    \ 0000                      .pubweak _StringLiteral_max
    \ 0000          _StringLiteral_max:
    \ 0000 6d617800             .byte   109,97,120,0
    \ 0000                      .section cdata,rodata
    \ 0000                      .pubweak `_StringLiteral_number of sectors too big`
    \ 0000          `_StringLiteral_number of sectors too big`:
    \ 0000 6e756d62             .byte   110,117,109,98,101,114,32,111,102,32,115,101,99,116,111,114,115,32,116,111,111,32,98,105,103,0
    \ 0004 6572206f
    \ 0008 66207365
    \ 000c 63746f72
    \ 0010 7320746f
    \ 0014 6f206269
    \ 0018 6700
    \ 0000                      .section cdata,rodata
    \ 0000                      .pubweak `_StringLiteral_read error`
    \ 0000          `_StringLiteral_read error`:
    \ 0000 72656164             .byte   114,101,97,100,32,101,114,114,111,114,0
    \ 0004 20657272
    \ 0008 6f7200
    \ 0000                      .section cdata,rodata
    \ 0000                      .pubweak `_StringLiteral_write error`
    \ 0000          `_StringLiteral_write error`:
    \ 0000 77726974             .byte   119,114,105,116,101,32,101,114,114,111,114,0
    \ 0004 65206572
    \ 0008 726f7200

##########################
#                        #
# Memory sizes (decimal) #
#                        #
##########################

Executable        (Text): 10275 bytes
Zero initialized   (BSS):   519 bytes
Data                    :    12 bytes
Constant                :   617 bytes
